  
--
-- PostgreSQL database dump
--

-- Dumped from database version 9.5.19
-- Dumped by pg_dump version 9.5.19

SET statement_timeout = 0;
SET lock_timeout = 0;
SET client_encoding = 'UTF8';
SET standard_conforming_strings = on;
SELECT pg_catalog.set_config('search_path', '', false);
SET check_function_bodies = false;
SET xmloption = content;
SET client_min_messages = warning;
SET row_security = off;

--
-- Name: plpgsql; Type: EXTENSION; Schema: -; Owner:
--

CREATE EXTENSION IF NOT EXISTS plpgsql WITH SCHEMA pg_catalog;


--
-- Name: EXTENSION plpgsql; Type: COMMENT; Schema: -; Owner:
--

COMMENT ON EXTENSION plpgsql IS 'PL/pgSQL procedural language';


SET default_tablespace = '';

SET default_with_oids = false;

--
-- Name: about_feedback; Type: TABLE; Schema: public; Owner: serg
--

CREATE TABLE public.about_feedback (
    id integer NOT NULL,
    name character varying(50) NOT NULL,
    email character varying(254) NOT NULL,
    message text NOT NULL
);


ALTER TABLE public.about_feedback OWNER TO serg;

--
-- Name: about_feedback_id_seq; Type: SEQUENCE; Schema: public; Owner: serg
--

CREATE SEQUENCE public.about_feedback_id_seq
    START WITH 1
    INCREMENT BY 1
    NO MINVALUE
    NO MAXVALUE
    CACHE 1;


ALTER TABLE public.about_feedback_id_seq OWNER TO serg;

--
-- Name: about_feedback_id_seq; Type: SEQUENCE OWNED BY; Schema: public; Owner: serg
--

ALTER SEQUENCE public.about_feedback_id_seq OWNED BY public.about_feedback.id;


--
-- Name: account_emailaddress; Type: TABLE; Schema: public; Owner: serg
--

CREATE TABLE public.account_emailaddress (
    id integer NOT NULL,
    email character varying(254) NOT NULL,
    verified boolean NOT NULL,
    "primary" boolean NOT NULL,
    user_id integer NOT NULL
);


ALTER TABLE public.account_emailaddress OWNER TO serg;

--
-- Name: account_emailaddress_id_seq; Type: SEQUENCE; Schema: public; Owner: serg
--

CREATE SEQUENCE public.account_emailaddress_id_seq
    START WITH 1
    INCREMENT BY 1
    NO MINVALUE
    NO MAXVALUE
    CACHE 1;


ALTER TABLE public.account_emailaddress_id_seq OWNER TO serg;

--
-- Name: account_emailaddress_id_seq; Type: SEQUENCE OWNED BY; Schema: public; Owner: serg
--

ALTER SEQUENCE public.account_emailaddress_id_seq OWNED BY public.account_emailaddress.id;


--
-- Name: account_emailconfirmation; Type: TABLE; Schema: public; Owner: serg
--

CREATE TABLE public.account_emailconfirmation (
    id integer NOT NULL,
    created timestamp with time zone NOT NULL,
    sent timestamp with time zone,
    key character varying(64) NOT NULL,
    email_address_id integer NOT NULL
);


ALTER TABLE public.account_emailconfirmation OWNER TO serg;

--
-- Name: account_emailconfirmation_id_seq; Type: SEQUENCE; Schema: public; Owner: serg
--

CREATE SEQUENCE public.account_emailconfirmation_id_seq
    START WITH 1
    INCREMENT BY 1
    NO MINVALUE
    NO MAXVALUE
    CACHE 1;


ALTER TABLE public.account_emailconfirmation_id_seq OWNER TO serg;

--
-- Name: account_emailconfirmation_id_seq; Type: SEQUENCE OWNED BY; Schema: public; Owner: serg
--

ALTER SEQUENCE public.account_emailconfirmation_id_seq OWNED BY public.account_emailconfirmation.id;


--
-- Name: auth_group; Type: TABLE; Schema: public; Owner: serg
--

CREATE TABLE public.auth_group (
    id integer NOT NULL,
    name character varying(150) NOT NULL
);


ALTER TABLE public.auth_group OWNER TO serg;

--
-- Name: auth_group_id_seq; Type: SEQUENCE; Schema: public; Owner: serg
--

CREATE SEQUENCE public.auth_group_id_seq
    START WITH 1
    INCREMENT BY 1
    NO MINVALUE
    NO MAXVALUE
    CACHE 1;


ALTER TABLE public.auth_group_id_seq OWNER TO serg;

--
-- Name: auth_group_id_seq; Type: SEQUENCE OWNED BY; Schema: public; Owner: serg
--

ALTER SEQUENCE public.auth_group_id_seq OWNED BY public.auth_group.id;


--
-- Name: auth_group_permissions; Type: TABLE; Schema: public; Owner: serg
--

CREATE TABLE public.auth_group_permissions (
    id integer NOT NULL,
    group_id integer NOT NULL,
    permission_id integer NOT NULL
);


ALTER TABLE public.auth_group_permissions OWNER TO serg;

--
-- Name: auth_group_permissions_id_seq; Type: SEQUENCE; Schema: public; Owner: serg
--

CREATE SEQUENCE public.auth_group_permissions_id_seq
    START WITH 1
    INCREMENT BY 1
    NO MINVALUE
    NO MAXVALUE
    CACHE 1;


ALTER TABLE public.auth_group_permissions_id_seq OWNER TO serg;

--
-- Name: auth_group_permissions_id_seq; Type: SEQUENCE OWNED BY; Schema: public; Owner: serg
--

ALTER SEQUENCE public.auth_group_permissions_id_seq OWNED BY public.auth_group_permissions.id;


--
-- Name: auth_permission; Type: TABLE; Schema: public; Owner: serg
--

CREATE TABLE public.auth_permission (
    id integer NOT NULL,
    name character varying(255) NOT NULL,
    content_type_id integer NOT NULL,
    codename character varying(100) NOT NULL
);


ALTER TABLE public.auth_permission OWNER TO serg;

--
-- Name: auth_permission_id_seq; Type: SEQUENCE; Schema: public; Owner: serg
--

CREATE SEQUENCE public.auth_permission_id_seq
    START WITH 1
    INCREMENT BY 1
    NO MINVALUE
    NO MAXVALUE
    CACHE 1;


ALTER TABLE public.auth_permission_id_seq OWNER TO serg;

--
-- Name: auth_permission_id_seq; Type: SEQUENCE OWNED BY; Schema: public; Owner: serg
--

ALTER SEQUENCE public.auth_permission_id_seq OWNED BY public.auth_permission.id;


--
-- Name: authtoken_token; Type: TABLE; Schema: public; Owner: serg
--

CREATE TABLE public.authtoken_token (
    key character varying(40) NOT NULL,
    created timestamp with time zone NOT NULL,
    user_id integer NOT NULL
);


ALTER TABLE public.authtoken_token OWNER TO serg;

--
-- Name: blog_blog; Type: TABLE; Schema: public; Owner: serg
--

CREATE TABLE public.blog_blog (
    id integer NOT NULL,
    title character varying(255) NOT NULL,
    image character varying(100) NOT NULL,
    created timestamp with time zone NOT NULL,
    description character varying(500) NOT NULL,
    content text NOT NULL,
    comments_enabled boolean NOT NULL,
    votes_on boolean NOT NULL,
    creator_id integer
);


ALTER TABLE public.blog_blog OWNER TO serg;

--
-- Name: blog_blog_elects; Type: TABLE; Schema: public; Owner: serg
--

CREATE TABLE public.blog_blog_elects (
    id integer NOT NULL,
    blog_id integer NOT NULL,
    elect_id integer NOT NULL
);


ALTER TABLE public.blog_blog_elects OWNER TO serg;

--
-- Name: blog_blog_elects_id_seq; Type: SEQUENCE; Schema: public; Owner: serg
--

CREATE SEQUENCE public.blog_blog_elects_id_seq
    START WITH 1
    INCREMENT BY 1
    NO MINVALUE
    NO MAXVALUE
    CACHE 1;


ALTER TABLE public.blog_blog_elects_id_seq OWNER TO serg;

--
-- Name: blog_blog_elects_id_seq; Type: SEQUENCE OWNED BY; Schema: public; Owner: serg
--

ALTER SEQUENCE public.blog_blog_elects_id_seq OWNED BY public.blog_blog_elects.id;


--
-- Name: blog_blog_id_seq; Type: SEQUENCE; Schema: public; Owner: serg
--

CREATE SEQUENCE public.blog_blog_id_seq
    START WITH 1
    INCREMENT BY 1
    NO MINVALUE
    NO MAXVALUE
    CACHE 1;


ALTER TABLE public.blog_blog_id_seq OWNER TO serg;

--
-- Name: blog_blog_id_seq; Type: SEQUENCE OWNED BY; Schema: public; Owner: serg
--

ALTER SEQUENCE public.blog_blog_id_seq OWNED BY public.blog_blog.id;


--
-- Name: blog_blogcomment; Type: TABLE; Schema: public; Owner: serg
--

CREATE TABLE public.blog_blogcomment (
    id integer NOT NULL,
    created timestamp with time zone NOT NULL,
    modified timestamp with time zone NOT NULL,
    text text NOT NULL,
    is_edited boolean NOT NULL,
    is_deleted boolean NOT NULL,
    blog_comment_id integer,
    commenter_id integer NOT NULL,
    parent_comment_id integer
);


ALTER TABLE public.blog_blogcomment OWNER TO serg;

--
-- Name: blog_blogcomment_id_seq; Type: SEQUENCE; Schema: public; Owner: serg
--

CREATE SEQUENCE public.blog_blogcomment_id_seq
    START WITH 1
    INCREMENT BY 1
    NO MINVALUE
    NO MAXVALUE
    CACHE 1;


ALTER TABLE public.blog_blogcomment_id_seq OWNER TO serg;

--
-- Name: blog_blogcomment_id_seq; Type: SEQUENCE OWNED BY; Schema: public; Owner: serg
--

ALTER SEQUENCE public.blog_blogcomment_id_seq OWNED BY public.blog_blogcomment.id;


--
-- Name: blog_blogcommentvotes; Type: TABLE; Schema: public; Owner: serg
--

CREATE TABLE public.blog_blogcommentvotes (
    id integer NOT NULL,
    vote integer NOT NULL,
    item_id integer NOT NULL,
    user_id integer NOT NULL
);


ALTER TABLE public.blog_blogcommentvotes OWNER TO serg;

--
-- Name: blog_blogcommentvotes_id_seq; Type: SEQUENCE; Schema: public; Owner: serg
--

CREATE SEQUENCE public.blog_blogcommentvotes_id_seq
    START WITH 1
    INCREMENT BY 1
    NO MINVALUE
    NO MAXVALUE
    CACHE 1;


ALTER TABLE public.blog_blogcommentvotes_id_seq OWNER TO serg;

--
-- Name: blog_blogcommentvotes_id_seq; Type: SEQUENCE OWNED BY; Schema: public; Owner: serg
--

ALTER SEQUENCE public.blog_blogcommentvotes_id_seq OWNED BY public.blog_blogcommentvotes.id;


--
-- Name: blog_blogvotes; Type: TABLE; Schema: public; Owner: serg
--

CREATE TABLE public.blog_blogvotes (
    id integer NOT NULL,
    vote integer NOT NULL,
    parent_id integer NOT NULL,
    user_id integer NOT NULL
);


ALTER TABLE public.blog_blogvotes OWNER TO serg;

--
-- Name: blog_blogvotes_id_seq; Type: SEQUENCE; Schema: public; Owner: serg
--

CREATE SEQUENCE public.blog_blogvotes_id_seq
    START WITH 1
    INCREMENT BY 1
    NO MINVALUE
    NO MAXVALUE
    CACHE 1;


ALTER TABLE public.blog_blogvotes_id_seq OWNER TO serg;

--
-- Name: blog_blogvotes_id_seq; Type: SEQUENCE OWNED BY; Schema: public; Owner: serg
--

ALTER SEQUENCE public.blog_blogvotes_id_seq OWNED BY public.blog_blogvotes.id;


--
-- Name: blog_electdoc; Type: TABLE; Schema: public; Owner: serg
--

CREATE TABLE public.blog_electdoc (
    id integer NOT NULL,
    title character varying(200) NOT NULL,
    file character varying(100) NOT NULL,
    created timestamp with time zone NOT NULL,
    creator_id integer NOT NULL,
    new_id integer NOT NULL
);


ALTER TABLE public.blog_electdoc OWNER TO serg;

--
-- Name: blog_electdoc_id_seq; Type: SEQUENCE; Schema: public; Owner: serg
--

CREATE SEQUENCE public.blog_electdoc_id_seq
    START WITH 1
    INCREMENT BY 1
    NO MINVALUE
    NO MAXVALUE
    CACHE 1;


ALTER TABLE public.blog_electdoc_id_seq OWNER TO serg;

--
-- Name: blog_electdoc_id_seq; Type: SEQUENCE OWNED BY; Schema: public; Owner: serg
--

ALTER SEQUENCE public.blog_electdoc_id_seq OWNED BY public.blog_electdoc.id;


--
-- Name: blog_electnew; Type: TABLE; Schema: public; Owner: serg
--

CREATE TABLE public.blog_electnew (
    id integer NOT NULL,
    title character varying(255) NOT NULL,
    created timestamp with time zone NOT NULL,
    description character varying(500) NOT NULL,
    creator_id integer NOT NULL,
    status character varying(2) NOT NULL,
    category_id integer,
    elect_id integer NOT NULL,
    content text NOT NULL
);


ALTER TABLE public.blog_electnew OWNER TO serg;

--
-- Name: blog_electnew_id_seq; Type: SEQUENCE; Schema: public; Owner: serg
--

CREATE SEQUENCE public.blog_electnew_id_seq
    START WITH 1
    INCREMENT BY 1
    NO MINVALUE
    NO MAXVALUE
    CACHE 1;


ALTER TABLE public.blog_electnew_id_seq OWNER TO serg;

--
-- Name: blog_electnew_id_seq; Type: SEQUENCE OWNED BY; Schema: public; Owner: serg
--

ALTER SEQUENCE public.blog_electnew_id_seq OWNED BY public.blog_electnew.id;


--
-- Name: blog_electphoto; Type: TABLE; Schema: public; Owner: serg
--

CREATE TABLE public.blog_electphoto (
    id integer NOT NULL,
    file character varying(100) NOT NULL,
    created timestamp with time zone NOT NULL,
    creator_id integer NOT NULL,
    new_id integer NOT NULL
);


ALTER TABLE public.blog_electphoto OWNER TO serg;

--
-- Name: blog_electphoto_id_seq; Type: SEQUENCE; Schema: public; Owner: serg
--

CREATE SEQUENCE public.blog_electphoto_id_seq
    START WITH 1
    INCREMENT BY 1
    NO MINVALUE
    NO MAXVALUE
    CACHE 1;


ALTER TABLE public.blog_electphoto_id_seq OWNER TO serg;

--
-- Name: blog_electphoto_id_seq; Type: SEQUENCE OWNED BY; Schema: public; Owner: serg
--

ALTER SEQUENCE public.blog_electphoto_id_seq OWNED BY public.blog_electphoto.id;


--
-- Name: blog_electvotes; Type: TABLE; Schema: public; Owner: serg
--

CREATE TABLE public.blog_electvotes (
    id integer NOT NULL,
    vote integer NOT NULL,
    parent_id integer NOT NULL,
    user_id integer NOT NULL
);


ALTER TABLE public.blog_electvotes OWNER TO serg;

--
-- Name: blog_electvotes_id_seq; Type: SEQUENCE; Schema: public; Owner: serg
--

CREATE SEQUENCE public.blog_electvotes_id_seq
    START WITH 1
    INCREMENT BY 1
    NO MINVALUE
    NO MAXVALUE
    CACHE 1;


ALTER TABLE public.blog_electvotes_id_seq OWNER TO serg;

--
-- Name: blog_electvotes_id_seq; Type: SEQUENCE OWNED BY; Schema: public; Owner: serg
--

ALTER SEQUENCE public.blog_electvotes_id_seq OWNED BY public.blog_electvotes.id;


--
-- Name: django_admin_log; Type: TABLE; Schema: public; Owner: serg
--

CREATE TABLE public.django_admin_log (
    id integer NOT NULL,
    action_time timestamp with time zone NOT NULL,
    object_id text,
    object_repr character varying(200) NOT NULL,
    action_flag smallint NOT NULL,
    change_message text NOT NULL,
    content_type_id integer,
    user_id integer NOT NULL,
    CONSTRAINT django_admin_log_action_flag_check CHECK ((action_flag >= 0))
);


ALTER TABLE public.django_admin_log OWNER TO serg;

--
-- Name: django_admin_log_id_seq; Type: SEQUENCE; Schema: public; Owner: serg
--

CREATE SEQUENCE public.django_admin_log_id_seq
    START WITH 1
    INCREMENT BY 1
    NO MINVALUE
    NO MAXVALUE
    CACHE 1;


ALTER TABLE public.django_admin_log_id_seq OWNER TO serg;

--
-- Name: django_admin_log_id_seq; Type: SEQUENCE OWNED BY; Schema: public; Owner: serg
--

ALTER SEQUENCE public.django_admin_log_id_seq OWNED BY public.django_admin_log.id;


--
-- Name: django_content_type; Type: TABLE; Schema: public; Owner: serg
--

CREATE TABLE public.django_content_type (
    id integer NOT NULL,
    app_label character varying(100) NOT NULL,
    model character varying(100) NOT NULL
);


ALTER TABLE public.django_content_type OWNER TO serg;

--
-- Name: django_content_type_id_seq; Type: SEQUENCE; Schema: public; Owner: serg
--

CREATE SEQUENCE public.django_content_type_id_seq
    START WITH 1
    INCREMENT BY 1
    NO MINVALUE
    NO MAXVALUE
    CACHE 1;


ALTER TABLE public.django_content_type_id_seq OWNER TO serg;

--
-- Name: django_content_type_id_seq; Type: SEQUENCE OWNED BY; Schema: public; Owner: serg
--

ALTER SEQUENCE public.django_content_type_id_seq OWNED BY public.django_content_type.id;


--
-- Name: django_migrations; Type: TABLE; Schema: public; Owner: serg
--

CREATE TABLE public.django_migrations (
    id integer NOT NULL,
    app character varying(255) NOT NULL,
    name character varying(255) NOT NULL,
    applied timestamp with time zone NOT NULL
);


ALTER TABLE public.django_migrations OWNER TO serg;

--
-- Name: django_migrations_id_seq; Type: SEQUENCE; Schema: public; Owner: serg
--

CREATE SEQUENCE public.django_migrations_id_seq
    START WITH 1
    INCREMENT BY 1
    NO MINVALUE
    NO MAXVALUE
    CACHE 1;


ALTER TABLE public.django_migrations_id_seq OWNER TO serg;

--
-- Name: django_migrations_id_seq; Type: SEQUENCE OWNED BY; Schema: public; Owner: serg
--

ALTER SEQUENCE public.django_migrations_id_seq OWNED BY public.django_migrations.id;


--
-- Name: django_session; Type: TABLE; Schema: public; Owner: serg
--

CREATE TABLE public.django_session (
    session_key character varying(40) NOT NULL,
    session_data text NOT NULL,
    expire_date timestamp with time zone NOT NULL
);


ALTER TABLE public.django_session OWNER TO serg;

--
-- Name: django_site; Type: TABLE; Schema: public; Owner: serg
--

CREATE TABLE public.django_site (
    id integer NOT NULL,
    domain character varying(100) NOT NULL,
    name character varying(50) NOT NULL
);


ALTER TABLE public.django_site OWNER TO serg;

--
-- Name: django_site_id_seq; Type: SEQUENCE; Schema: public; Owner: serg
--

CREATE SEQUENCE public.django_site_id_seq
    START WITH 1
    INCREMENT BY 1
    NO MINVALUE
    NO MAXVALUE
    CACHE 1;


ALTER TABLE public.django_site_id_seq OWNER TO serg;

--
-- Name: django_site_id_seq; Type: SEQUENCE OWNED BY; Schema: public; Owner: serg
--

ALTER SEQUENCE public.django_site_id_seq OWNED BY public.django_site.id;


--
-- Name: elect_educationelect; Type: TABLE; Schema: public; Owner: serg
--

CREATE TABLE public.elect_educationelect (
    id integer NOT NULL,
    title character varying(255) NOT NULL,
    year character varying(10) NOT NULL,
    elect_id integer NOT NULL
);


ALTER TABLE public.elect_educationelect OWNER TO serg;

--
-- Name: elect_educationelect_id_seq; Type: SEQUENCE; Schema: public; Owner: serg
--

CREATE SEQUENCE public.elect_educationelect_id_seq
    START WITH 1
    INCREMENT BY 1
    NO MINVALUE
    NO MAXVALUE
    CACHE 1;


ALTER TABLE public.elect_educationelect_id_seq OWNER TO serg;

--
-- Name: elect_educationelect_id_seq; Type: SEQUENCE OWNED BY; Schema: public; Owner: serg
--

ALTER SEQUENCE public.elect_educationelect_id_seq OWNED BY public.elect_educationelect.id;


--
-- Name: elect_elect; Type: TABLE; Schema: public; Owner: serg
--

CREATE TABLE public.elect_elect (
    id integer NOT NULL,
    name character varying(255) NOT NULL,
    image character varying(100) NOT NULL,
    description character varying(500) NOT NULL,
    birthday character varying(100),
    "authorization" character varying(100),
    term_of_office character varying(100),
    election_information character varying(200) NOT NULL,
    fraction_id integer
);


ALTER TABLE public.elect_elect OWNER TO serg;

--
-- Name: elect_elect_id_seq; Type: SEQUENCE; Schema: public; Owner: serg
--

CREATE SEQUENCE public.elect_elect_id_seq
    START WITH 1
    INCREMENT BY 1
    NO MINVALUE
    NO MAXVALUE
    CACHE 1;


ALTER TABLE public.elect_elect_id_seq OWNER TO serg;

--
-- Name: elect_elect_id_seq; Type: SEQUENCE OWNED BY; Schema: public; Owner: serg
--

ALTER SEQUENCE public.elect_elect_id_seq OWNED BY public.elect_elect.id;


--
-- Name: elect_elect_list; Type: TABLE; Schema: public; Owner: serg
--

CREATE TABLE public.elect_elect_list (
    id integer NOT NULL,
    elect_id integer NOT NULL,
    authoritylist_id integer NOT NULL
);


ALTER TABLE public.elect_elect_list OWNER TO serg;

--
-- Name: elect_elect_list_id_seq; Type: SEQUENCE; Schema: public; Owner: serg
--

CREATE SEQUENCE public.elect_elect_list_id_seq
    START WITH 1
    INCREMENT BY 1
    NO MINVALUE
    NO MAXVALUE
    CACHE 1;


ALTER TABLE public.elect_elect_list_id_seq OWNER TO serg;

--
-- Name: elect_elect_list_id_seq; Type: SEQUENCE OWNED BY; Schema: public; Owner: serg
--

ALTER SEQUENCE public.elect_elect_list_id_seq OWNED BY public.elect_elect_list.id;


--
-- Name: elect_elect_region; Type: TABLE; Schema: public; Owner: serg
--

CREATE TABLE public.elect_elect_region (
    id integer NOT NULL,
    elect_id integer NOT NULL,
    region_id integer NOT NULL
);


ALTER TABLE public.elect_elect_region OWNER TO serg;

--
-- Name: elect_elect_region_id_seq; Type: SEQUENCE; Schema: public; Owner: serg
--

CREATE SEQUENCE public.elect_elect_region_id_seq
    START WITH 1
    INCREMENT BY 1
    NO MINVALUE
    NO MAXVALUE
    CACHE 1;


ALTER TABLE public.elect_elect_region_id_seq OWNER TO serg;

--
-- Name: elect_elect_region_id_seq; Type: SEQUENCE OWNED BY; Schema: public; Owner: serg
--

ALTER SEQUENCE public.elect_elect_region_id_seq OWNED BY public.elect_elect_region.id;


--
-- Name: elect_linkelect; Type: TABLE; Schema: public; Owner: serg
--

CREATE TABLE public.elect_linkelect (
    id integer NOT NULL,
    title character varying(255) NOT NULL,
    link character varying(255) NOT NULL,
    elect_id integer NOT NULL
);


ALTER TABLE public.elect_linkelect OWNER TO serg;

--
-- Name: elect_linkelect_id_seq; Type: SEQUENCE; Schema: public; Owner: serg
--

CREATE SEQUENCE public.elect_linkelect_id_seq
    START WITH 1
    INCREMENT BY 1
    NO MINVALUE
    NO MAXVALUE
    CACHE 1;


ALTER TABLE public.elect_linkelect_id_seq OWNER TO serg;

--
-- Name: elect_linkelect_id_seq; Type: SEQUENCE OWNED BY; Schema: public; Owner: serg
--

ALTER SEQUENCE public.elect_linkelect_id_seq OWNED BY public.elect_linkelect.id;


--
-- Name: elect_subscribeelect; Type: TABLE; Schema: public; Owner: serg
--

CREATE TABLE public.elect_subscribeelect (
    id integer NOT NULL,
    elect_id integer NOT NULL,
    user_id integer NOT NULL
);


ALTER TABLE public.elect_subscribeelect OWNER TO serg;

--
-- Name: elect_subscribeelect_id_seq; Type: SEQUENCE; Schema: public; Owner: serg
--

CREATE SEQUENCE public.elect_subscribeelect_id_seq
    START WITH 1
    INCREMENT BY 1
    NO MINVALUE
    NO MAXVALUE
    CACHE 1;


ALTER TABLE public.elect_subscribeelect_id_seq OWNER TO serg;

--
-- Name: elect_subscribeelect_id_seq; Type: SEQUENCE OWNED BY; Schema: public; Owner: serg
--

ALTER SEQUENCE public.elect_subscribeelect_id_seq OWNED BY public.elect_subscribeelect.id;


--
-- Name: lists_authoritylist; Type: TABLE; Schema: public; Owner: serg
--

CREATE TABLE public.lists_authoritylist (
    id integer NOT NULL,
    name character varying(100) NOT NULL,
    slug character varying(100) NOT NULL,
    "order" smallint NOT NULL,
    is_reginal boolean NOT NULL,
    CONSTRAINT lists_authoritylist_order_check CHECK (("order" >= 0))
);


ALTER TABLE public.lists_authoritylist OWNER TO serg;

--
-- Name: lists_authoritylist_id_seq; Type: SEQUENCE; Schema: public; Owner: serg
--

CREATE SEQUENCE public.lists_authoritylist_id_seq
    START WITH 1
    INCREMENT BY 1
    NO MINVALUE
    NO MAXVALUE
    CACHE 1;


ALTER TABLE public.lists_authoritylist_id_seq OWNER TO serg;

--
-- Name: lists_authoritylist_id_seq; Type: SEQUENCE OWNED BY; Schema: public; Owner: serg
--

ALTER SEQUENCE public.lists_authoritylist_id_seq OWNED BY public.lists_authoritylist.id;


--
-- Name: lists_blogcategory; Type: TABLE; Schema: public; Owner: serg
--

CREATE TABLE public.lists_blogcategory (
    id integer NOT NULL,
    name character varying(100) NOT NULL,
    slug character varying(100) NOT NULL,
    "order" smallint NOT NULL,
    CONSTRAINT lists_blogcategory_order_check CHECK (("order" >= 0))
);


ALTER TABLE public.lists_blogcategory OWNER TO serg;

--
-- Name: lists_blogcategory_id_seq; Type: SEQUENCE; Schema: public; Owner: serg
--

CREATE SEQUENCE public.lists_blogcategory_id_seq
    START WITH 1
    INCREMENT BY 1
    NO MINVALUE
    NO MAXVALUE
    CACHE 1;


ALTER TABLE public.lists_blogcategory_id_seq OWNER TO serg;

--
-- Name: lists_blogcategory_id_seq; Type: SEQUENCE OWNED BY; Schema: public; Owner: serg
--

ALTER SEQUENCE public.lists_blogcategory_id_seq OWNED BY public.lists_blogcategory.id;


--
-- Name: lists_electnewscategory; Type: TABLE; Schema: public; Owner: serg
--

CREATE TABLE public.lists_electnewscategory (
    id integer NOT NULL,
    name character varying(100) NOT NULL,
    slug character varying(100) NOT NULL,
    "order" smallint NOT NULL,
    CONSTRAINT lists_electnewscategory_order_check CHECK (("order" >= 0))
);


ALTER TABLE public.lists_electnewscategory OWNER TO serg;

--
-- Name: lists_electnewscategory_id_seq; Type: SEQUENCE; Schema: public; Owner: serg
--

CREATE SEQUENCE public.lists_electnewscategory_id_seq
    START WITH 1
    INCREMENT BY 1
    NO MINVALUE
    NO MAXVALUE
    CACHE 1;


ALTER TABLE public.lists_electnewscategory_id_seq OWNER TO serg;

--
-- Name: lists_electnewscategory_id_seq; Type: SEQUENCE OWNED BY; Schema: public; Owner: serg
--

ALTER SEQUENCE public.lists_electnewscategory_id_seq OWNED BY public.lists_electnewscategory.id;


--
-- Name: lists_fraction; Type: TABLE; Schema: public; Owner: serg
--

CREATE TABLE public.lists_fraction (
    id integer NOT NULL,
    name character varying(100) NOT NULL,
    slug character varying(100) NOT NULL,
    "order" smallint NOT NULL,
    CONSTRAINT lists_fraction_order_check CHECK (("order" >= 0))
);


ALTER TABLE public.lists_fraction OWNER TO serg;

--
-- Name: lists_fraction_id_seq; Type: SEQUENCE; Schema: public; Owner: serg
--

CREATE SEQUENCE public.lists_fraction_id_seq
    START WITH 1
    INCREMENT BY 1
    NO MINVALUE
    NO MAXVALUE
    CACHE 1;


ALTER TABLE public.lists_fraction_id_seq OWNER TO serg;

--
-- Name: lists_fraction_id_seq; Type: SEQUENCE OWNED BY; Schema: public; Owner: serg
--

ALTER SEQUENCE public.lists_fraction_id_seq OWNED BY public.lists_fraction.id;


--
-- Name: lists_region; Type: TABLE; Schema: public; Owner: serg
--

CREATE TABLE public.lists_region (
    id integer NOT NULL,
    name character varying(100) NOT NULL,
    slug character varying(100) NOT NULL,
    "order" smallint NOT NULL,
    svg character varying(1000) NOT NULL,
    CONSTRAINT lists_region_order_check CHECK (("order" >= 0))
);


ALTER TABLE public.lists_region OWNER TO serg;

--
-- Name: lists_region_id_seq; Type: SEQUENCE; Schema: public; Owner: serg
--

CREATE SEQUENCE public.lists_region_id_seq
    START WITH 1
    INCREMENT BY 1
    NO MINVALUE
    NO MAXVALUE
    CACHE 1;


ALTER TABLE public.lists_region_id_seq OWNER TO serg;

--
-- Name: lists_region_id_seq; Type: SEQUENCE OWNED BY; Schema: public; Owner: serg
--

ALTER SEQUENCE public.lists_region_id_seq OWNED BY public.lists_region.id;


--
-- Name: socialaccount_socialaccount; Type: TABLE; Schema: public; Owner: serg
--

CREATE TABLE public.socialaccount_socialaccount (
    id integer NOT NULL,
    provider character varying(30) NOT NULL,
    uid character varying(191) NOT NULL,
    last_login timestamp with time zone NOT NULL,
    date_joined timestamp with time zone NOT NULL,
    extra_data text NOT NULL,
    user_id integer NOT NULL
);


ALTER TABLE public.socialaccount_socialaccount OWNER TO serg;

--
-- Name: socialaccount_socialaccount_id_seq; Type: SEQUENCE; Schema: public; Owner: serg
--

CREATE SEQUENCE public.socialaccount_socialaccount_id_seq
    START WITH 1
    INCREMENT BY 1
    NO MINVALUE
    NO MAXVALUE
    CACHE 1;


ALTER TABLE public.socialaccount_socialaccount_id_seq OWNER TO serg;

--
-- Name: socialaccount_socialaccount_id_seq; Type: SEQUENCE OWNED BY; Schema: public; Owner: serg
--

ALTER SEQUENCE public.socialaccount_socialaccount_id_seq OWNED BY public.socialaccount_socialaccount.id;


--
-- Name: socialaccount_socialapp; Type: TABLE; Schema: public; Owner: serg
--

CREATE TABLE public.socialaccount_socialapp (
    id integer NOT NULL,
    provider character varying(30) NOT NULL,
    name character varying(40) NOT NULL,
    client_id character varying(191) NOT NULL,
    secret character varying(191) NOT NULL,
    key character varying(191) NOT NULL
);


ALTER TABLE public.socialaccount_socialapp OWNER TO serg;

--
-- Name: socialaccount_socialapp_id_seq; Type: SEQUENCE; Schema: public; Owner: serg
--

CREATE SEQUENCE public.socialaccount_socialapp_id_seq
    START WITH 1
    INCREMENT BY 1
    NO MINVALUE
    NO MAXVALUE
    CACHE 1;


ALTER TABLE public.socialaccount_socialapp_id_seq OWNER TO serg;

--
-- Name: socialaccount_socialapp_id_seq; Type: SEQUENCE OWNED BY; Schema: public; Owner: serg
--

ALTER SEQUENCE public.socialaccount_socialapp_id_seq OWNED BY public.socialaccount_socialapp.id;


--
-- Name: socialaccount_socialapp_sites; Type: TABLE; Schema: public; Owner: serg
--

CREATE TABLE public.socialaccount_socialapp_sites (
    id integer NOT NULL,
    socialapp_id integer NOT NULL,
    site_id integer NOT NULL
);


ALTER TABLE public.socialaccount_socialapp_sites OWNER TO serg;

--
-- Name: socialaccount_socialapp_sites_id_seq; Type: SEQUENCE; Schema: public; Owner: serg
--

CREATE SEQUENCE public.socialaccount_socialapp_sites_id_seq
    START WITH 1
    INCREMENT BY 1
    NO MINVALUE
    NO MAXVALUE
    CACHE 1;


ALTER TABLE public.socialaccount_socialapp_sites_id_seq OWNER TO serg;

--
-- Name: socialaccount_socialapp_sites_id_seq; Type: SEQUENCE OWNED BY; Schema: public; Owner: serg
--

ALTER SEQUENCE public.socialaccount_socialapp_sites_id_seq OWNED BY public.socialaccount_socialapp_sites.id;


--
-- Name: socialaccount_socialtoken; Type: TABLE; Schema: public; Owner: serg
--

CREATE TABLE public.socialaccount_socialtoken (
    id integer NOT NULL,
    token text NOT NULL,
    token_secret text NOT NULL,
    expires_at timestamp with time zone,
    account_id integer NOT NULL,
    app_id integer NOT NULL
);


ALTER TABLE public.socialaccount_socialtoken OWNER TO serg;

--
-- Name: socialaccount_socialtoken_id_seq; Type: SEQUENCE; Schema: public; Owner: serg
--

CREATE SEQUENCE public.socialaccount_socialtoken_id_seq
    START WITH 1
    INCREMENT BY 1
    NO MINVALUE
    NO MAXVALUE
    CACHE 1;


ALTER TABLE public.socialaccount_socialtoken_id_seq OWNER TO serg;

--
-- Name: socialaccount_socialtoken_id_seq; Type: SEQUENCE OWNED BY; Schema: public; Owner: serg
--

ALTER SEQUENCE public.socialaccount_socialtoken_id_seq OWNED BY public.socialaccount_socialtoken.id;


--
-- Name: stst_blognumbers; Type: TABLE; Schema: public; Owner: serg
--

CREATE TABLE public.stst_blognumbers (
    id integer NOT NULL,
    "user" integer NOT NULL,
    new integer NOT NULL,
    platform integer NOT NULL,
    created date NOT NULL,
    CONSTRAINT stst_blognumbers_new_check CHECK ((new >= 0)),
    CONSTRAINT stst_blognumbers_platform_check CHECK ((platform >= 0)),
    CONSTRAINT stst_blognumbers_user_check CHECK (("user" >= 0))
);


ALTER TABLE public.stst_blognumbers OWNER TO serg;

--
-- Name: stst_blognumbers_id_seq; Type: SEQUENCE; Schema: public; Owner: serg
--

CREATE SEQUENCE public.stst_blognumbers_id_seq
    START WITH 1
    INCREMENT BY 1
    NO MINVALUE
    NO MAXVALUE
    CACHE 1;


ALTER TABLE public.stst_blognumbers_id_seq OWNER TO serg;

--
-- Name: stst_blognumbers_id_seq; Type: SEQUENCE OWNED BY; Schema: public; Owner: serg
--

ALTER SEQUENCE public.stst_blognumbers_id_seq OWNED BY public.stst_blognumbers.id;


--
-- Name: stst_electnewnumbers; Type: TABLE; Schema: public; Owner: serg
--

CREATE TABLE public.stst_electnewnumbers (
    id integer NOT NULL,
    "user" integer NOT NULL,
    new integer NOT NULL,
    platform integer NOT NULL,
    created date NOT NULL,
    CONSTRAINT stst_electnewnumbers_new_check CHECK ((new >= 0)),
    CONSTRAINT stst_electnewnumbers_platform_check CHECK ((platform >= 0)),
    CONSTRAINT stst_electnewnumbers_user_check CHECK (("user" >= 0))
);


ALTER TABLE public.stst_electnewnumbers OWNER TO serg;

--
-- Name: stst_electnewnumbers_id_seq; Type: SEQUENCE; Schema: public; Owner: serg
--

CREATE SEQUENCE public.stst_electnewnumbers_id_seq
    START WITH 1
    INCREMENT BY 1
    NO MINVALUE
    NO MAXVALUE
    CACHE 1;


ALTER TABLE public.stst_electnewnumbers_id_seq OWNER TO serg;

--
-- Name: stst_electnewnumbers_id_seq; Type: SEQUENCE OWNED BY; Schema: public; Owner: serg
--

ALTER SEQUENCE public.stst_electnewnumbers_id_seq OWNED BY public.stst_electnewnumbers.id;


--
-- Name: stst_electnumbers; Type: TABLE; Schema: public; Owner: serg
--

CREATE TABLE public.stst_electnumbers (
    id integer NOT NULL,
    "user" integer NOT NULL,
    elect integer NOT NULL,
    platform integer NOT NULL,
    created date NOT NULL,
    CONSTRAINT stst_electnumbers_elect_check CHECK ((elect >= 0)),
    CONSTRAINT stst_electnumbers_platform_check CHECK ((platform >= 0)),
    CONSTRAINT stst_electnumbers_user_57560b01_check CHECK (("user" >= 0))
);


ALTER TABLE public.stst_electnumbers OWNER TO serg;

--
-- Name: stst_electnumbers_id_seq; Type: SEQUENCE; Schema: public; Owner: serg
--

CREATE SEQUENCE public.stst_electnumbers_id_seq
    START WITH 1
    INCREMENT BY 1
    NO MINVALUE
    NO MAXVALUE
    CACHE 1;


ALTER TABLE public.stst_electnumbers_id_seq OWNER TO serg;

--
-- Name: stst_electnumbers_id_seq; Type: SEQUENCE OWNED BY; Schema: public; Owner: serg
--

ALTER SEQUENCE public.stst_electnumbers_id_seq OWNED BY public.stst_electnumbers.id;


--
-- Name: taggit_tag; Type: TABLE; Schema: public; Owner: serg
--

CREATE TABLE public.taggit_tag (
    id integer NOT NULL,
    name character varying(100) NOT NULL,
    slug character varying(100) NOT NULL
);


ALTER TABLE public.taggit_tag OWNER TO serg;

--
-- Name: taggit_tag_id_seq; Type: SEQUENCE; Schema: public; Owner: serg
--

CREATE SEQUENCE public.taggit_tag_id_seq
    START WITH 1
    INCREMENT BY 1
    NO MINVALUE
    NO MAXVALUE
    CACHE 1;


ALTER TABLE public.taggit_tag_id_seq OWNER TO serg;

--
-- Name: taggit_tag_id_seq; Type: SEQUENCE OWNED BY; Schema: public; Owner: serg
--

ALTER SEQUENCE public.taggit_tag_id_seq OWNED BY public.taggit_tag.id;


--
-- Name: taggit_taggeditem; Type: TABLE; Schema: public; Owner: serg
--

CREATE TABLE public.taggit_taggeditem (
    id integer NOT NULL,
    object_id integer NOT NULL,
    content_type_id integer NOT NULL,
    tag_id integer NOT NULL
);


ALTER TABLE public.taggit_taggeditem OWNER TO serg;

--
-- Name: taggit_taggeditem_id_seq; Type: SEQUENCE; Schema: public; Owner: serg
--

CREATE SEQUENCE public.taggit_taggeditem_id_seq
    START WITH 1
    INCREMENT BY 1
    NO MINVALUE
    NO MAXVALUE
    CACHE 1;


ALTER TABLE public.taggit_taggeditem_id_seq OWNER TO serg;

--
-- Name: taggit_taggeditem_id_seq; Type: SEQUENCE OWNED BY; Schema: public; Owner: serg
--

ALTER SEQUENCE public.taggit_taggeditem_id_seq OWNED BY public.taggit_taggeditem.id;


--
-- Name: users_ipuser; Type: TABLE; Schema: public; Owner: serg
--

CREATE TABLE public.users_ipuser (
    id integer NOT NULL,
    ip inet,
    user_id integer NOT NULL
);


ALTER TABLE public.users_ipuser OWNER TO serg;

--
-- Name: users_ipuser_id_seq; Type: SEQUENCE; Schema: public; Owner: serg
--

CREATE SEQUENCE public.users_ipuser_id_seq
    START WITH 1
    INCREMENT BY 1
    NO MINVALUE
    NO MAXVALUE
    CACHE 1;


ALTER TABLE public.users_ipuser_id_seq OWNER TO serg;

--
-- Name: users_ipuser_id_seq; Type: SEQUENCE OWNED BY; Schema: public; Owner: serg
--

ALTER SEQUENCE public.users_ipuser_id_seq OWNED BY public.users_ipuser.id;


--
-- Name: users_user; Type: TABLE; Schema: public; Owner: serg
--

CREATE TABLE public.users_user (
    id integer NOT NULL,
    password character varying(128) NOT NULL,
    last_login timestamp with time zone,
    is_superuser boolean NOT NULL,
    username character varying(150) NOT NULL,
    first_name character varying(30) NOT NULL,
    last_name character varying(150) NOT NULL,
    email character varying(254) NOT NULL,
    is_staff boolean NOT NULL,
    is_active boolean NOT NULL,
    date_joined timestamp with time zone NOT NULL,
    last_activity timestamp with time zone NOT NULL,
    perm character varying(5) NOT NULL,
    phone character varying(17)
);


ALTER TABLE public.users_user OWNER TO serg;

--
-- Name: users_user_groups; Type: TABLE; Schema: public; Owner: serg
--

CREATE TABLE public.users_user_groups (
    id integer NOT NULL,
    user_id integer NOT NULL,
    group_id integer NOT NULL
);


ALTER TABLE public.users_user_groups OWNER TO serg;

--
-- Name: users_user_groups_id_seq; Type: SEQUENCE; Schema: public; Owner: serg
--

CREATE SEQUENCE public.users_user_groups_id_seq
    START WITH 1
    INCREMENT BY 1
    NO MINVALUE
    NO MAXVALUE
    CACHE 1;


ALTER TABLE public.users_user_groups_id_seq OWNER TO serg;

--
-- Name: users_user_groups_id_seq; Type: SEQUENCE OWNED BY; Schema: public; Owner: serg
--

ALTER SEQUENCE public.users_user_groups_id_seq OWNED BY public.users_user_groups.id;


--
-- Name: users_user_id_seq; Type: SEQUENCE; Schema: public; Owner: serg
--

CREATE SEQUENCE public.users_user_id_seq
    START WITH 1
    INCREMENT BY 1
    NO MINVALUE
    NO MAXVALUE
    CACHE 1;


ALTER TABLE public.users_user_id_seq OWNER TO serg;

--
-- Name: users_user_id_seq; Type: SEQUENCE OWNED BY; Schema: public; Owner: serg
--

ALTER SEQUENCE public.users_user_id_seq OWNED BY public.users_user.id;


--
-- Name: users_user_user_permissions; Type: TABLE; Schema: public; Owner: serg
--

CREATE TABLE public.users_user_user_permissions (
    id integer NOT NULL,
    user_id integer NOT NULL,
    permission_id integer NOT NULL
);


ALTER TABLE public.users_user_user_permissions OWNER TO serg;

--
-- Name: users_user_user_permissions_id_seq; Type: SEQUENCE; Schema: public; Owner: serg
--

CREATE SEQUENCE public.users_user_user_permissions_id_seq
    START WITH 1
    INCREMENT BY 1
    NO MINVALUE
    NO MAXVALUE
    CACHE 1;


ALTER TABLE public.users_user_user_permissions_id_seq OWNER TO serg;

--
-- Name: users_user_user_permissions_id_seq; Type: SEQUENCE OWNED BY; Schema: public; Owner: serg
--

ALTER SEQUENCE public.users_user_user_permissions_id_seq OWNED BY public.users_user_user_permissions.id;


--
-- Name: users_userlocation; Type: TABLE; Schema: public; Owner: serg
--

CREATE TABLE public.users_userlocation (
    id integer NOT NULL,
    city_ru character varying(100) NOT NULL,
    city_en character varying(100) NOT NULL,
    city_lat double precision,
    city_lon double precision,
    region_ru character varying(100) NOT NULL,
    region_en character varying(100) NOT NULL,
    country_ru character varying(100) NOT NULL,
    country_en character varying(100) NOT NULL,
    phone character varying(5) NOT NULL,
    user_id integer NOT NULL
);


ALTER TABLE public.users_userlocation OWNER TO serg;

--
-- Name: users_userlocation_id_seq; Type: SEQUENCE; Schema: public; Owner: serg
--

CREATE SEQUENCE public.users_userlocation_id_seq
    START WITH 1
    INCREMENT BY 1
    NO MINVALUE
    NO MAXVALUE
    CACHE 1;


ALTER TABLE public.users_userlocation_id_seq OWNER TO serg;

--
-- Name: users_userlocation_id_seq; Type: SEQUENCE OWNED BY; Schema: public; Owner: serg
--

ALTER SEQUENCE public.users_userlocation_id_seq OWNED BY public.users_userlocation.id;


--
-- Name: id; Type: DEFAULT; Schema: public; Owner: serg
--

ALTER TABLE ONLY public.about_feedback ALTER COLUMN id SET DEFAULT nextval('public.about_feedback_id_seq'::regclass);


--
-- Name: id; Type: DEFAULT; Schema: public; Owner: serg
--

ALTER TABLE ONLY public.account_emailaddress ALTER COLUMN id SET DEFAULT nextval('public.account_emailaddress_id_seq'::regclass);


--
-- Name: id; Type: DEFAULT; Schema: public; Owner: serg
--

ALTER TABLE ONLY public.account_emailconfirmation ALTER COLUMN id SET DEFAULT nextval('public.account_emailconfirmation_id_seq'::regclass);


--
-- Name: id; Type: DEFAULT; Schema: public; Owner: serg
--

ALTER TABLE ONLY public.auth_group ALTER COLUMN id SET DEFAULT nextval('public.auth_group_id_seq'::regclass);


--
-- Name: id; Type: DEFAULT; Schema: public; Owner: serg
--

ALTER TABLE ONLY public.auth_group_permissions ALTER COLUMN id SET DEFAULT nextval('public.auth_group_permissions_id_seq'::regclass);


--
-- Name: id; Type: DEFAULT; Schema: public; Owner: serg
--

ALTER TABLE ONLY public.auth_permission ALTER COLUMN id SET DEFAULT nextval('public.auth_permission_id_seq'::regclass);


--
-- Name: id; Type: DEFAULT; Schema: public; Owner: serg
--

ALTER TABLE ONLY public.blog_blog ALTER COLUMN id SET DEFAULT nextval('public.blog_blog_id_seq'::regclass);


--
-- Name: id; Type: DEFAULT; Schema: public; Owner: serg
--

ALTER TABLE ONLY public.blog_blog_elects ALTER COLUMN id SET DEFAULT nextval('public.blog_blog_elects_id_seq'::regclass);


--
-- Name: id; Type: DEFAULT; Schema: public; Owner: serg
--

ALTER TABLE ONLY public.blog_blogcomment ALTER COLUMN id SET DEFAULT nextval('public.blog_blogcomment_id_seq'::regclass);


--
-- Name: id; Type: DEFAULT; Schema: public; Owner: serg
--

ALTER TABLE ONLY public.blog_blogcommentvotes ALTER COLUMN id SET DEFAULT nextval('public.blog_blogcommentvotes_id_seq'::regclass);


--
-- Name: id; Type: DEFAULT; Schema: public; Owner: serg
--

ALTER TABLE ONLY public.blog_blogvotes ALTER COLUMN id SET DEFAULT nextval('public.blog_blogvotes_id_seq'::regclass);


--
-- Name: id; Type: DEFAULT; Schema: public; Owner: serg
--

ALTER TABLE ONLY public.blog_electdoc ALTER COLUMN id SET DEFAULT nextval('public.blog_electdoc_id_seq'::regclass);


--
-- Name: id; Type: DEFAULT; Schema: public; Owner: serg
--

ALTER TABLE ONLY public.blog_electnew ALTER COLUMN id SET DEFAULT nextval('public.blog_electnew_id_seq'::regclass);


--
-- Name: id; Type: DEFAULT; Schema: public; Owner: serg
--

ALTER TABLE ONLY public.blog_electphoto ALTER COLUMN id SET DEFAULT nextval('public.blog_electphoto_id_seq'::regclass);


--
-- Name: id; Type: DEFAULT; Schema: public; Owner: serg
--

ALTER TABLE ONLY public.blog_electvotes ALTER COLUMN id SET DEFAULT nextval('public.blog_electvotes_id_seq'::regclass);


--
-- Name: id; Type: DEFAULT; Schema: public; Owner: serg
--

ALTER TABLE ONLY public.django_admin_log ALTER COLUMN id SET DEFAULT nextval('public.django_admin_log_id_seq'::regclass);


--
-- Name: id; Type: DEFAULT; Schema: public; Owner: serg
--

ALTER TABLE ONLY public.django_content_type ALTER COLUMN id SET DEFAULT nextval('public.django_content_type_id_seq'::regclass);


--
-- Name: id; Type: DEFAULT; Schema: public; Owner: serg
--

ALTER TABLE ONLY public.django_migrations ALTER COLUMN id SET DEFAULT nextval('public.django_migrations_id_seq'::regclass);


--
-- Name: id; Type: DEFAULT; Schema: public; Owner: serg
--

ALTER TABLE ONLY public.django_site ALTER COLUMN id SET DEFAULT nextval('public.django_site_id_seq'::regclass);


--
-- Name: id; Type: DEFAULT; Schema: public; Owner: serg
--

ALTER TABLE ONLY public.elect_educationelect ALTER COLUMN id SET DEFAULT nextval('public.elect_educationelect_id_seq'::regclass);


--
-- Name: id; Type: DEFAULT; Schema: public; Owner: serg
--

ALTER TABLE ONLY public.elect_elect ALTER COLUMN id SET DEFAULT nextval('public.elect_elect_id_seq'::regclass);


--
-- Name: id; Type: DEFAULT; Schema: public; Owner: serg
--

ALTER TABLE ONLY public.elect_elect_list ALTER COLUMN id SET DEFAULT nextval('public.elect_elect_list_id_seq'::regclass);


--
-- Name: id; Type: DEFAULT; Schema: public; Owner: serg
--

ALTER TABLE ONLY public.elect_elect_region ALTER COLUMN id SET DEFAULT nextval('public.elect_elect_region_id_seq'::regclass);


--
-- Name: id; Type: DEFAULT; Schema: public; Owner: serg
--

ALTER TABLE ONLY public.elect_linkelect ALTER COLUMN id SET DEFAULT nextval('public.elect_linkelect_id_seq'::regclass);


--
-- Name: id; Type: DEFAULT; Schema: public; Owner: serg
--

ALTER TABLE ONLY public.elect_subscribeelect ALTER COLUMN id SET DEFAULT nextval('public.elect_subscribeelect_id_seq'::regclass);


--
-- Name: id; Type: DEFAULT; Schema: public; Owner: serg
--

ALTER TABLE ONLY public.lists_authoritylist ALTER COLUMN id SET DEFAULT nextval('public.lists_authoritylist_id_seq'::regclass);


--
-- Name: id; Type: DEFAULT; Schema: public; Owner: serg
--

ALTER TABLE ONLY public.lists_blogcategory ALTER COLUMN id SET DEFAULT nextval('public.lists_blogcategory_id_seq'::regclass);


--
-- Name: id; Type: DEFAULT; Schema: public; Owner: serg
--

ALTER TABLE ONLY public.lists_electnewscategory ALTER COLUMN id SET DEFAULT nextval('public.lists_electnewscategory_id_seq'::regclass);


--
-- Name: id; Type: DEFAULT; Schema: public; Owner: serg
--

ALTER TABLE ONLY public.lists_fraction ALTER COLUMN id SET DEFAULT nextval('public.lists_fraction_id_seq'::regclass);


--
-- Name: id; Type: DEFAULT; Schema: public; Owner: serg
--

ALTER TABLE ONLY public.lists_region ALTER COLUMN id SET DEFAULT nextval('public.lists_region_id_seq'::regclass);


--
-- Name: id; Type: DEFAULT; Schema: public; Owner: serg
--

ALTER TABLE ONLY public.socialaccount_socialaccount ALTER COLUMN id SET DEFAULT nextval('public.socialaccount_socialaccount_id_seq'::regclass);


--
-- Name: id; Type: DEFAULT; Schema: public; Owner: serg
--

ALTER TABLE ONLY public.socialaccount_socialapp ALTER COLUMN id SET DEFAULT nextval('public.socialaccount_socialapp_id_seq'::regclass);


--
-- Name: id; Type: DEFAULT; Schema: public; Owner: serg
--

ALTER TABLE ONLY public.socialaccount_socialapp_sites ALTER COLUMN id SET DEFAULT nextval('public.socialaccount_socialapp_sites_id_seq'::regclass);


--
-- Name: id; Type: DEFAULT; Schema: public; Owner: serg
--

ALTER TABLE ONLY public.socialaccount_socialtoken ALTER COLUMN id SET DEFAULT nextval('public.socialaccount_socialtoken_id_seq'::regclass);


--
-- Name: id; Type: DEFAULT; Schema: public; Owner: serg
--

ALTER TABLE ONLY public.stst_blognumbers ALTER COLUMN id SET DEFAULT nextval('public.stst_blognumbers_id_seq'::regclass);


--
-- Name: id; Type: DEFAULT; Schema: public; Owner: serg
--

ALTER TABLE ONLY public.stst_electnewnumbers ALTER COLUMN id SET DEFAULT nextval('public.stst_electnewnumbers_id_seq'::regclass);


--
-- Name: id; Type: DEFAULT; Schema: public; Owner: serg
--

ALTER TABLE ONLY public.stst_electnumbers ALTER COLUMN id SET DEFAULT nextval('public.stst_electnumbers_id_seq'::regclass);


--
-- Name: id; Type: DEFAULT; Schema: public; Owner: serg
--

ALTER TABLE ONLY public.taggit_tag ALTER COLUMN id SET DEFAULT nextval('public.taggit_tag_id_seq'::regclass);


--
-- Name: id; Type: DEFAULT; Schema: public; Owner: serg
--

ALTER TABLE ONLY public.taggit_taggeditem ALTER COLUMN id SET DEFAULT nextval('public.taggit_taggeditem_id_seq'::regclass);


--
-- Name: id; Type: DEFAULT; Schema: public; Owner: serg
--

ALTER TABLE ONLY public.users_ipuser ALTER COLUMN id SET DEFAULT nextval('public.users_ipuser_id_seq'::regclass);


--
-- Name: id; Type: DEFAULT; Schema: public; Owner: serg
--

ALTER TABLE ONLY public.users_user ALTER COLUMN id SET DEFAULT nextval('public.users_user_id_seq'::regclass);


--
-- Name: id; Type: DEFAULT; Schema: public; Owner: serg
--

ALTER TABLE ONLY public.users_user_groups ALTER COLUMN id SET DEFAULT nextval('public.users_user_groups_id_seq'::regclass);


--
-- Name: id; Type: DEFAULT; Schema: public; Owner: serg
--

ALTER TABLE ONLY public.users_user_user_permissions ALTER COLUMN id SET DEFAULT nextval('public.users_user_user_permissions_id_seq'::regclass);


--
-- Name: id; Type: DEFAULT; Schema: public; Owner: serg
--

ALTER TABLE ONLY public.users_userlocation ALTER COLUMN id SET DEFAULT nextval('public.users_userlocation_id_seq'::regclass);


--
-- Data for Name: about_feedback; Type: TABLE DATA; Schema: public; Owner: serg
--

COPY public.about_feedback (id, name, email, message) FROM stdin;
\.


--
-- Name: about_feedback_id_seq; Type: SEQUENCE SET; Schema: public; Owner: serg
--

SELECT pg_catalog.setval('public.about_feedback_id_seq', 1, false);


--
-- Data for Name: account_emailaddress; Type: TABLE DATA; Schema: public; Owner: serg
--

COPY public.account_emailaddress (id, email, verified, "primary", user_id) FROM stdin;
\.


--
-- Name: account_emailaddress_id_seq; Type: SEQUENCE SET; Schema: public; Owner: serg
--

SELECT pg_catalog.setval('public.account_emailaddress_id_seq', 1, false);


--
-- Data for Name: account_emailconfirmation; Type: TABLE DATA; Schema: public; Owner: serg
--

COPY public.account_emailconfirmation (id, created, sent, key, email_address_id) FROM stdin;
\.


--
-- Name: account_emailconfirmation_id_seq; Type: SEQUENCE SET; Schema: public; Owner: serg
--

SELECT pg_catalog.setval('public.account_emailconfirmation_id_seq', 1, false);


--
-- Data for Name: auth_group; Type: TABLE DATA; Schema: public; Owner: serg
--

COPY public.auth_group (id, name) FROM stdin;
\.


--
-- Name: auth_group_id_seq; Type: SEQUENCE SET; Schema: public; Owner: serg
--

SELECT pg_catalog.setval('public.auth_group_id_seq', 1, false);


--
-- Data for Name: auth_group_permissions; Type: TABLE DATA; Schema: public; Owner: serg
--

COPY public.auth_group_permissions (id, group_id, permission_id) FROM stdin;
\.


--
-- Name: auth_group_permissions_id_seq; Type: SEQUENCE SET; Schema: public; Owner: serg
--

SELECT pg_catalog.setval('public.auth_group_permissions_id_seq', 1, false);


--
-- Data for Name: auth_permission; Type: TABLE DATA; Schema: public; Owner: serg
--

COPY public.auth_permission (id, name, content_type_id, codename) FROM stdin;
1	Can add log entry	1	add_logentry
2	Can change log entry	1	change_logentry
3	Can delete log entry	1	delete_logentry
4	Can view log entry	1	view_logentry
5	Can add group	3	add_group
6	Can change group	3	change_group
7	Can delete group	3	delete_group
8	Can view group	3	view_group
9	Can add permission	2	add_permission
10	Can change permission	2	change_permission
11	Can delete permission	2	delete_permission
12	Can view permission	2	view_permission
13	Can add content type	4	add_contenttype
14	Can change content type	4	change_contenttype
15	Can delete content type	4	delete_contenttype
16	Can view content type	4	view_contenttype
17	Can add session	5	add_session
18	Can change session	5	change_session
19	Can delete session	5	delete_session
20	Can view session	5	view_session
21	Can add site	6	add_site
22	Can change site	6	change_site
23	Can delete site	6	delete_site
24	Can view site	6	view_site
25	Can add Token	7	add_token
26	Can change Token	7	change_token
27	Can delete Token	7	delete_token
28	Can view Token	7	view_token
29	Can add token	8	add_tokenproxy
30	Can change token	8	change_tokenproxy
31	Can delete token	8	delete_tokenproxy
32	Can view token	8	view_tokenproxy
33	Can add tagged item	10	add_taggeditem
34	Can change tagged item	10	change_taggeditem
35	Can delete tagged item	10	delete_taggeditem
36	Can view tagged item	10	view_taggeditem
37	Can add tag	9	add_tag
38	Can change tag	9	change_tag
39	Can delete tag	9	delete_tag
40	Can view tag	9	view_tag
41	Can add email confirmation	12	add_emailconfirmation
42	Can change email confirmation	12	change_emailconfirmation
43	Can delete email confirmation	12	delete_emailconfirmation
44	Can view email confirmation	12	view_emailconfirmation
45	Can add email address	11	add_emailaddress
46	Can change email address	11	change_emailaddress
47	Can delete email address	11	delete_emailaddress
48	Can view email address	11	view_emailaddress
49	Can add social account	14	add_socialaccount
50	Can change social account	14	change_socialaccount
51	Can delete social account	14	delete_socialaccount
52	Can view social account	14	view_socialaccount
53	Can add social application token	13	add_socialtoken
54	Can change social application token	13	change_socialtoken
55	Can delete social application token	13	delete_socialtoken
56	Can view social application token	13	view_socialtoken
57	Can add social application	15	add_socialapp
58	Can change social application	15	change_socialapp
59	Can delete social application	15	delete_socialapp
60	Can view social application	15	view_socialapp
61	Can add blog comment votes	19	add_blogcommentvotes
62	Can change blog comment votes	19	change_blogcommentvotes
63	Can delete blog comment votes	19	delete_blogcommentvotes
64	Can view blog comment votes	19	view_blogcommentvotes
65	Can add   	20	add_blogcomment
66	Can change   	20	change_blogcomment
67	Can delete   	20	delete_blogcomment
68	Can view   	20	view_blogcomment
69	Can add  	17	add_electnew
70	Can change  	17	change_electnew
71	Can delete  	17	delete_electnew
72	Can view  	17	view_electnew
73	Can add blog votes	16	add_blogvotes
74	Can change blog votes	16	change_blogvotes
75	Can delete blog votes	16	delete_blogvotes
76	Can view blog votes	16	view_blogvotes
77	Can add  	18	add_blog
78	Can change  	18	change_blog
79	Can delete  	18	delete_blog
80	Can view  	18	view_blog
81	Can add 	23	add_elect
82	Can change 	23	change_elect
83	Can delete 	23	delete_elect
84	Can view 	23	view_elect
85	Can add   	22	add_educationelect
86	Can change   	22	change_educationelect
87	Can delete   	22	delete_educationelect
88	Can view   	22	view_educationelect
89	Can add   	21	add_linkelect
90	Can change   	21	change_linkelect
91	Can delete   	21	delete_linkelect
92	Can view   	21	view_linkelect
93	Can add  	25	add_authoritylist
94	Can change  	25	change_authoritylist
95	Can delete  	25	delete_authoritylist
96	Can view  	25	view_authoritylist
97	Can add  	26	add_electnewscategory
98	Can change  	26	change_electnewscategory
99	Can delete  	26	delete_electnewscategory
100	Can view  	26	view_electnewscategory
101	Can add 	27	add_fraction
102	Can change 	27	change_fraction
103	Can delete 	27	delete_fraction
104	Can view 	27	view_fraction
105	Can add 	28	add_region
106	Can change 	28	change_region
107	Can delete 	28	delete_region
108	Can view 	28	view_region
109	Can add  	24	add_blogcategory
110	Can change  	24	change_blogcategory
111	Can delete  	24	delete_blogcategory
112	Can view  	24	view_blogcategory
113	Can add 	29	add_user
114	Can change 	29	change_user
115	Can delete 	29	delete_user
116	Can view 	29	view_user
117	Can add    	30	add_feedback
118	Can change    	30	change_feedback
119	Can delete    	30	delete_feedback
120	Can view    	30	view_feedback
121	Can add elect votes	31	add_electvotes
122	Can change elect votes	31	change_electvotes
123	Can delete elect votes	31	delete_electvotes
124	Can view elect votes	31	view_electvotes
125	Can add 	32	add_photo
126	Can change 	32	change_photo
127	Can delete 	32	delete_photo
128	Can view 	32	view_photo
129	Can add 	33	add_doc
130	Can change 	33	change_doc
131	Can delete 	33	delete_doc
132	Can view 	33	view_doc
133	Can add 	34	add_electphoto
134	Can change 	34	change_electphoto
135	Can delete 	34	delete_electphoto
136	Can view 	34	view_electphoto
137	Can add 	35	add_electdoc
138	Can change 	35	change_electdoc
139	Can delete 	35	delete_electdoc
140	Can view 	35	view_electdoc
141	Can add subscribe elect	36	add_subscribeelect
142	Can change subscribe elect	36	change_subscribeelect
143	Can delete subscribe elect	36	delete_subscribeelect
144	Can view subscribe elect	36	view_subscribeelect
145	Can add   	38	add_electnewnumbers
146	Can change   	38	change_electnewnumbers
147	Can delete   	38	delete_electnewnumbers
148	Can view   	38	view_electnewnumbers
149	Can add   	37	add_blognumbers
150	Can change   	37	change_blognumbers
151	Can delete   	37	delete_blognumbers
152	Can view   	37	view_blognumbers
153	Can add  	39	add_electnumbers
154	Can change  	39	change_electnumbers
155	Can delete  	39	delete_electnumbers
156	Can view  	39	view_electnumbers
157	Can add 	41	add_userlocation
158	Can change 	41	change_userlocation
159	Can delete 	41	delete_userlocation
160	Can view 	41	view_userlocation
161	Can add ip 	40	add_ipuser
162	Can change ip 	40	change_ipuser
163	Can delete ip 	40	delete_ipuser
164	Can view ip 	40	view_ipuser
\.


--
-- Name: auth_permission_id_seq; Type: SEQUENCE SET; Schema: public; Owner: serg
--

SELECT pg_catalog.setval('public.auth_permission_id_seq', 164, true);


--
-- Data for Name: authtoken_token; Type: TABLE DATA; Schema: public; Owner: serg
--

COPY public.authtoken_token (key, created, user_id) FROM stdin;
78ff236a7cbb503f7ead5d0fb7225c8e31b21d31	2020-11-28 07:18:04.993889+00	1
\.


--
-- Data for Name: blog_blog; Type: TABLE DATA; Schema: public; Owner: serg
--

COPY public.blog_blog (id, title, image, created, description, content, comments_enabled, votes_on, creator_id) FROM stdin;
\.


--
-- Data for Name: blog_blog_elects; Type: TABLE DATA; Schema: public; Owner: serg
--

COPY public.blog_blog_elects (id, blog_id, elect_id) FROM stdin;
\.


--
-- Name: blog_blog_elects_id_seq; Type: SEQUENCE SET; Schema: public; Owner: serg
--

SELECT pg_catalog.setval('public.blog_blog_elects_id_seq', 1, false);


--
-- Name: blog_blog_id_seq; Type: SEQUENCE SET; Schema: public; Owner: serg
--

SELECT pg_catalog.setval('public.blog_blog_id_seq', 1, false);


--
-- Data for Name: blog_blogcomment; Type: TABLE DATA; Schema: public; Owner: serg
--

COPY public.blog_blogcomment (id, created, modified, text, is_edited, is_deleted, blog_comment_id, commenter_id, parent_comment_id) FROM stdin;
\.


--
-- Name: blog_blogcomment_id_seq; Type: SEQUENCE SET; Schema: public; Owner: serg
--

SELECT pg_catalog.setval('public.blog_blogcomment_id_seq', 1, false);


--
-- Data for Name: blog_blogcommentvotes; Type: TABLE DATA; Schema: public; Owner: serg
--

COPY public.blog_blogcommentvotes (id, vote, item_id, user_id) FROM stdin;
\.


--
-- Name: blog_blogcommentvotes_id_seq; Type: SEQUENCE SET; Schema: public; Owner: serg
--

SELECT pg_catalog.setval('public.blog_blogcommentvotes_id_seq', 1, false);


--
-- Data for Name: blog_blogvotes; Type: TABLE DATA; Schema: public; Owner: serg
--

COPY public.blog_blogvotes (id, vote, parent_id, user_id) FROM stdin;
\.


--
-- Name: blog_blogvotes_id_seq; Type: SEQUENCE SET; Schema: public; Owner: serg
--

SELECT pg_catalog.setval('public.blog_blogvotes_id_seq', 1, false);


--
-- Data for Name: blog_electdoc; Type: TABLE DATA; Schema: public; Owner: serg
--

COPY public.blog_electdoc (id, title, file, created, creator_id, new_id) FROM stdin;
1	 1	users/None/823e18b8-ec29-4271-b4e9-7cdc9d543eee.fb2	2020-11-12 09:42:35.469635+00	1	2
\.


--
-- Name: blog_electdoc_id_seq; Type: SEQUENCE SET; Schema: public; Owner: serg
--

SELECT pg_catalog.setval('public.blog_electdoc_id_seq', 1, true);


--
-- Data for Name: blog_electnew; Type: TABLE DATA; Schema: public; Owner: serg
--

COPY public.blog_electnew (id, title, created, description, creator_id, status, category_id, elect_id, content) FROM stdin;
2	 	2020-11-12 09:42:35.408181+00	   450       600 ,     100       200- 300-400-500-600-700	1	P	1	455	 .   11 .      .   ,    (  ,  ,    -,  ).\r\n      -    ,      VK,    .   ,      -    .\r\n\r\n           ,    ,    ,        .\r\n\r\n :  python,  javascript,  c++, websockets, redis, flex-\r\n\r\n ""      ,          .
\.


--
-- Name: blog_electnew_id_seq; Type: SEQUENCE SET; Schema: public; Owner: serg
--

SELECT pg_catalog.setval('public.blog_electnew_id_seq', 2, true);


--
-- Data for Name: blog_electphoto; Type: TABLE DATA; Schema: public; Owner: serg
--

COPY public.blog_electphoto (id, file, created, creator_id, new_id) FROM stdin;
1	users/None/c2b5560e-aa84-448a-8ba3-e76d1ab3349a.jpg	2020-11-12 09:42:35.46748+00	1	2
2	users/None/e834074a-6f47-45f0-8116-7f6f854e10de.jpg	2020-11-29 12:51:25.637003+00	1	2
3	users/None/8ea5e2ea-342b-48d3-8121-03a4f110e904.jpg	2020-11-29 12:51:26.010589+00	1	2
\.


--
-- Name: blog_electphoto_id_seq; Type: SEQUENCE SET; Schema: public; Owner: serg
--

SELECT pg_catalog.setval('public.blog_electphoto_id_seq', 3, true);


--
-- Data for Name: blog_electvotes; Type: TABLE DATA; Schema: public; Owner: serg
--

COPY public.blog_electvotes (id, vote, parent_id, user_id) FROM stdin;
24	1	2	1
\.


--
-- Name: blog_electvotes_id_seq; Type: SEQUENCE SET; Schema: public; Owner: serg
--

SELECT pg_catalog.setval('public.blog_electvotes_id_seq', 24, true);


--
-- Data for Name: django_admin_log; Type: TABLE DATA; Schema: public; Owner: serg
--

COPY public.django_admin_log (id, action_time, object_id, object_repr, action_flag, change_message, content_type_id, user_id) FROM stdin;
1	2020-10-23 14:55:35.900618+00	1	 	1	[{"added": {}}]	27	1
2	2020-10-23 14:57:05.494793+00	2	 	1	[{"added": {}}]	27	1
3	2020-10-23 14:57:30.786657+00	3		1	[{"added": {}}]	27	1
4	2020-10-23 14:57:57.084254+00	4		1	[{"added": {}}]	27	1
5	2020-10-23 14:58:17.47767+00	5	 	1	[{"added": {}}]	27	1
6	2020-10-24 16:11:46.556859+00	1	 	1	[{"added": {}}]	28	1
7	2020-10-24 16:12:28.46964+00	2	 	1	[{"added": {}}]	28	1
8	2020-10-24 16:14:19.304205+00	3	 	1	[{"added": {}}]	28	1
9	2020-10-24 16:15:07.042715+00	4	 	1	[{"added": {}}]	28	1
10	2020-10-24 16:16:29.372402+00	5	 	1	[{"added": {}}]	28	1
11	2020-10-24 16:17:38.110994+00	6	 	1	[{"added": {}}]	28	1
12	2020-10-24 16:18:44.885253+00	7	 	1	[{"added": {}}]	28	1
13	2020-10-24 16:19:35.545892+00	8	 	1	[{"added": {}}]	28	1
14	2020-10-24 16:22:17.563494+00	9	 	1	[{"added": {}}]	28	1
15	2020-10-24 16:22:51.925679+00	10	 	1	[{"added": {}}]	28	1
16	2020-10-24 16:23:42.73301+00	11	. 	1	[{"added": {}}]	28	1
17	2020-10-24 16:24:44.562615+00	12	  	1	[{"added": {}}]	28	1
18	2020-10-24 16:30:40.999118+00	13	 	1	[{"added": {}}]	28	1
19	2020-10-24 16:31:40.509729+00	14	 	1	[{"added": {}}]	28	1
20	2020-10-24 16:32:25.908516+00	15	 	1	[{"added": {}}]	28	1
21	2020-10-24 16:34:08.631186+00	16	- 	1	[{"added": {}}]	28	1
22	2020-10-24 16:50:02.505107+00	17	 	1	[{"added": {}}]	28	1
23	2020-10-24 16:50:59.065964+00	18	 	1	[{"added": {}}]	28	1
24	2020-10-24 16:52:38.974828+00	19	 	1	[{"added": {}}]	28	1
25	2020-10-24 16:53:56.044493+00	20	- 	1	[{"added": {}}]	28	1
26	2020-10-24 16:54:30.300912+00	21	 	1	[{"added": {}}]	28	1
27	2020-10-24 16:55:29.595421+00	22	 	1	[{"added": {}}]	28	1
28	2020-10-24 16:56:49.534002+00	23	 	1	[{"added": {}}]	28	1
29	2020-10-24 16:57:39.008971+00	24	 	1	[{"added": {}}]	28	1
30	2020-10-24 16:58:52.563871+00	25	 	1	[{"added": {}}]	28	1
31	2020-10-24 17:00:16.61929+00	26	 	1	[{"added": {}}]	28	1
32	2020-10-24 17:00:55.863896+00	27	 	1	[{"added": {}}]	28	1
33	2020-10-24 17:02:02.066664+00	28	 	1	[{"added": {}}]	28	1
34	2020-10-24 17:02:37.442176+00	29	 	1	[{"added": {}}]	28	1
35	2020-10-24 17:03:16.865472+00	30	 	1	[{"added": {}}]	28	1
36	2020-10-24 17:03:49.886324+00	31	 	1	[{"added": {}}]	28	1
37	2020-10-24 17:04:34.159929+00	32	 	1	[{"added": {}}]	28	1
38	2020-10-24 17:05:23.836228+00	33	  	1	[{"added": {}}]	28	1
39	2020-10-24 17:06:28.962662+00	34	 	1	[{"added": {}}]	28	1
40	2020-10-24 17:07:24.682828+00	35	 	1	[{"added": {}}]	28	1
41	2020-10-24 17:08:08.007628+00	36	 	1	[{"added": {}}]	28	1
42	2020-10-24 17:09:11.476496+00	37	 	1	[{"added": {}}]	28	1
43	2020-10-24 17:10:18.380625+00	38	 	1	[{"added": {}}]	28	1
44	2020-10-24 17:10:52.377622+00	39	 	1	[{"added": {}}]	28	1
45	2020-10-24 17:11:56.050755+00	40	 	1	[{"added": {}}]	28	1
46	2020-10-24 17:13:24.903651+00	41	 	1	[{"added": {}}]	28	1
47	2020-10-24 17:14:05.293728+00	42	 	1	[{"added": {}}]	28	1
48	2020-10-24 17:14:46.583687+00	43	 	1	[{"added": {}}]	28	1
49	2020-10-24 17:15:18.327501+00	44	 	1	[{"added": {}}]	28	1
50	2020-10-24 17:15:38.770915+00	45	 	1	[{"added": {}}]	28	1
51	2020-10-24 17:17:07.229136+00	46	 	1	[{"added": {}}]	28	1
52	2020-10-24 17:18:17.664218+00	47	 	1	[{"added": {}}]	28	1
53	2020-10-24 17:20:37.313087+00	48	 	1	[{"added": {}}]	28	1
54	2020-10-25 07:46:42.159848+00	49	 	1	[{"added": {}}]	28	1
55	2020-10-25 07:47:32.618912+00	50	 	1	[{"added": {}}]	28	1
56	2020-10-25 07:48:40.537039+00	51	 	1	[{"added": {}}]	28	1
57	2020-10-25 07:51:20.5666+00	52	 	1	[{"added": {}}]	28	1
58	2020-10-25 07:52:05.591972+00	53	 	1	[{"added": {}}]	28	1
59	2020-10-25 07:52:59.617995+00	54	  	1	[{"added": {}}]	28	1
60	2020-10-25 07:53:52.120292+00	55	 	1	[{"added": {}}]	28	1
61	2020-10-25 07:54:49.644122+00	56	  ()	1	[{"added": {}}]	28	1
62	2020-10-25 07:56:02.055524+00	57	  	1	[{"added": {}}]	28	1
63	2020-10-25 07:57:08.506798+00	58	 	1	[{"added": {}}]	28	1
64	2020-10-25 07:57:42.557429+00	59	 	1	[{"added": {}}]	28	1
65	2020-10-25 07:59:08.710899+00	60	 	1	[{"added": {}}]	28	1
66	2020-10-25 08:00:27.140167+00	61	 	1	[{"added": {}}]	28	1
67	2020-10-25 08:01:43.438852+00	62	 	1	[{"added": {}}]	28	1
68	2020-10-25 08:02:30.822558+00	63	 	1	[{"added": {}}]	28	1
69	2020-10-25 08:03:06.446681+00	64	-	1	[{"added": {}}]	28	1
70	2020-10-25 08:03:40.272451+00	65	 	1	[{"added": {}}]	28	1
71	2020-10-25 08:04:42.582161+00	66	 	1	[{"added": {}}]	28	1
72	2020-10-25 08:05:58.079628+00	67	 	1	[{"added": {}}]	28	1
73	2020-10-25 08:06:57.389813+00	68		1	[{"added": {}}]	28	1
74	2020-10-25 08:07:37.410421+00	69	 	1	[{"added": {}}]	28	1
75	2020-10-25 08:08:25.946975+00	70	 	1	[{"added": {}}]	28	1
76	2020-10-25 08:08:58.57711+00	71	 	1	[{"added": {}}]	28	1
77	2020-10-25 08:10:54.841224+00	72	 	1	[{"added": {}}]	28	1
78	2020-10-25 08:11:24.27397+00	73	 	1	[{"added": {}}]	28	1
79	2020-10-25 08:12:27.742311+00	74	 	1	[{"added": {}}]	28	1
80	2020-10-25 08:13:08.780075+00	75	 	1	[{"added": {}}]	28	1
81	2020-10-25 08:14:16.336527+00	76	 	1	[{"added": {}}]	28	1
82	2020-10-25 08:14:54.354687+00	77	 	1	[{"added": {}}]	28	1
83	2020-10-25 08:15:56.182464+00	78	 	1	[{"added": {}}]	28	1
84	2020-10-25 08:16:53.20459+00	79	-  	1	[{"added": {}}]	28	1
85	2020-10-25 08:17:58.314612+00	80	 	1	[{"added": {}}]	28	1
86	2020-10-25 08:18:30.958095+00	81	 	1	[{"added": {}}]	28	1
87	2020-10-25 08:19:26.376947+00	82	 	1	[{"added": {}}]	28	1
88	2020-10-25 08:20:03.684964+00	83	  	1	[{"added": {}}]	28	1
89	2020-10-25 08:20:38.669121+00	84	-  	1	[{"added": {}}]	28	1
90	2020-10-26 10:11:36.693976+00	1	. 	1	[{"added": {}}]	25	1
91	2020-10-26 10:11:55.414956+00	2	 	1	[{"added": {}}]	25	1
92	2020-10-26 11:21:52.279384+00	3	  	1	[{"added": {}}, {"added": {"name": "\\u041e\\u0431\\u0440\\u0430\\u0437\\u043e\\u0432\\u0430\\u043d\\u0438\\u0435 \\u0447\\u0438\\u043d\\u043e\\u0432\\u043d\\u0438\\u043a\\u0430", "object": "\\u041c\\u043e\\u0441\\u043a\\u043e\\u0432\\u0441\\u043a\\u0438\\u0439 \\u0433\\u043e\\u0441\\u0443\\u0434\\u0430\\u0440\\u0441\\u0442\\u0432\\u0435\\u043d\\u043d\\u044b\\u0439 \\u0443\\u043d\\u0438\\u0432\\u0435\\u0440\\u0441\\u0438\\u0442\\u0435\\u0442 \\u0438\\u043c. \\u041c.\\u0412. \\u041b\\u043e\\u043c\\u043e\\u043d\\u043e\\u0441\\u043e\\u0432\\u0430"}}]	23	1
93	2020-10-26 11:49:59.849466+00	4	  	1	[{"added": {}}, {"added": {"object": "\\u041c\\u043e\\u0441\\u043a\\u043e\\u0432\\u0441\\u043a\\u0438\\u0439 \\u0438\\u043d\\u0441\\u0442\\u0438\\u0442\\u0443\\u0442 \\u0438\\u043d\\u0436\\u0435\\u043d\\u0435\\u0440\\u043e\\u0432 \\u0436\\u0435\\u043b\\u0435\\u0437\\u043d\\u043e\\u0434\\u043e\\u0440\\u043e\\u0436\\u043d\\u043e\\u0433\\u043e \\u0442\\u0440\\u0430\\u043d\\u0441\\u043f\\u043e\\u0440\\u0442\\u0430", "name": "\\u041e\\u0431\\u0440\\u0430\\u0437\\u043e\\u0432\\u0430\\u043d\\u0438\\u0435 \\u0447\\u0438\\u043d\\u043e\\u0432\\u043d\\u0438\\u043a\\u0430"}}]	23	1
94	2020-10-26 11:52:39.079329+00	5	  	1	[{"added": {}}, {"added": {"object": "\\u041c\\u043e\\u0441\\u043a\\u043e\\u0432\\u0441\\u043a\\u0438\\u0439 \\u0433\\u043e\\u0441\\u0443\\u0434\\u0430\\u0440\\u0441\\u0442\\u0432\\u0435\\u043d\\u043d\\u044b\\u0439 \\u0443\\u043d\\u0438\\u0432\\u0435\\u0440\\u0441\\u0438\\u0442\\u0435\\u0442 \\u0438\\u043c\\u0435\\u043d\\u0438 \\u041c.\\u0412.\\u041b\\u043e\\u043c\\u043e\\u043d\\u043e\\u0441\\u043e\\u0432\\u0430", "name": "\\u041e\\u0431\\u0440\\u0430\\u0437\\u043e\\u0432\\u0430\\u043d\\u0438\\u0435 \\u0447\\u0438\\u043d\\u043e\\u0432\\u043d\\u0438\\u043a\\u0430"}}]	23	1
95	2020-10-26 11:53:17.277443+00	3	  	2	[{"changed": {"fields": ["description"]}}]	23	1
96	2020-10-26 11:56:33.874076+00	6	  	1	[{"added": {}}, {"added": {"object": "\\u0421\\u0430\\u0440\\u0430\\u0442\\u043e\\u0432\\u0441\\u043a\\u0438\\u0439 \\u0438\\u043d\\u0441\\u0442\\u0438\\u0442\\u0443\\u0442 \\u043c\\u0435\\u0445\\u0430\\u043d\\u0438\\u0437\\u0430\\u0446\\u0438\\u0438 \\u0441\\u0435\\u043b\\u044c\\u0441\\u043a\\u043e\\u0433\\u043e \\u0445\\u043e\\u0437\\u044f\\u0439\\u0441\\u0442\\u0432\\u0430 \\u0438\\u043c\\u0435\\u043d\\u0438 \\u041c.\\u0418. \\u041a\\u0430\\u043b\\u0438\\u043d\\u0438\\u043d\\u0430", "name": "\\u041e\\u0431\\u0440\\u0430\\u0437\\u043e\\u0432\\u0430\\u043d\\u0438\\u0435 \\u0447\\u0438\\u043d\\u043e\\u0432\\u043d\\u0438\\u043a\\u0430"}}, {"added": {"object": "\\u0420\\u043e\\u0441\\u0441\\u0438\\u0439\\u0441\\u043a\\u0430\\u044f \\u0430\\u043a\\u0430\\u0434\\u0435\\u043c\\u0438\\u044f \\u0433\\u043e\\u0441\\u0443\\u0434\\u0430\\u0440\\u0441\\u0442\\u0432\\u0435\\u043d\\u043d\\u043e\\u0439 \\u0441\\u043b\\u0443\\u0436\\u0431\\u044b \\u043f\\u0440\\u0438 \\u041f\\u0440\\u0435\\u0437\\u0438\\u0434\\u0435\\u043d\\u0442\\u0435 \\u0420\\u043e\\u0441\\u0441\\u0438\\u0439\\u0441\\u043a\\u043e\\u0439 \\u0424\\u0435\\u0434\\u0435\\u0440\\u0430\\u0446\\u0438\\u0438", "name": "\\u041e\\u0431\\u0440\\u0430\\u0437\\u043e\\u0432\\u0430\\u043d\\u0438\\u0435 \\u0447\\u0438\\u043d\\u043e\\u0432\\u043d\\u0438\\u043a\\u0430"}}]	23	1
97	2020-10-26 12:01:49.183427+00	7	  	1	[{"added": {}}, {"added": {"object": "\\u041c\\u043e\\u0441\\u043a\\u043e\\u0432\\u0441\\u043a\\u0438\\u0439 \\u0433\\u043e\\u0441\\u0443\\u0434\\u0430\\u0440\\u0441\\u0442\\u0432\\u0435\\u043d\\u043d\\u044b\\u0439 \\u0443\\u043d\\u0438\\u0432\\u0435\\u0440\\u0441\\u0438\\u0442\\u0435\\u0442 \\u0438\\u043c\\u0435\\u043d\\u0438 \\u041c.\\u0412.\\u041b\\u043e\\u043c\\u043e\\u043d\\u043e\\u0441\\u043e\\u0432\\u0430", "name": "\\u041e\\u0431\\u0440\\u0430\\u0437\\u043e\\u0432\\u0430\\u043d\\u0438\\u0435 \\u0447\\u0438\\u043d\\u043e\\u0432\\u043d\\u0438\\u043a\\u0430"}}]	23	1
98	2020-10-26 12:04:07.170641+00	8	  	1	[{"added": {}}, {"added": {"object": "\\u041c\\u043e\\u0441\\u043a\\u043e\\u0432\\u0441\\u043a\\u0430\\u044f \\u0433\\u043e\\u0441\\u0443\\u0434\\u0430\\u0440\\u0441\\u0442\\u0432\\u0435\\u043d\\u043d\\u0430\\u044f \\u044e\\u0440\\u0438\\u0434\\u0438\\u0447\\u0435\\u0441\\u043a\\u0430\\u044f \\u0430\\u043a\\u0430\\u0434\\u0435\\u043c\\u0438\\u044f", "name": "\\u041e\\u0431\\u0440\\u0430\\u0437\\u043e\\u0432\\u0430\\u043d\\u0438\\u0435 \\u0447\\u0438\\u043d\\u043e\\u0432\\u043d\\u0438\\u043a\\u0430"}}]	23	1
99	2020-10-26 12:06:24.650298+00	9	  	1	[{"added": {}}, {"added": {"object": "\\u0414\\u0430\\u043b\\u044c\\u043d\\u0435\\u0432\\u043e\\u0441\\u0442\\u043e\\u0447\\u043d\\u044b\\u0439 \\u0433\\u043e\\u0441\\u0443\\u0434\\u0430\\u0440\\u0441\\u0442\\u0432\\u0435\\u043d\\u043d\\u044b\\u0439 \\u0443\\u043d\\u0438\\u0432\\u0435\\u0440\\u0441\\u0438\\u0442\\u0435\\u0442", "name": "\\u041e\\u0431\\u0440\\u0430\\u0437\\u043e\\u0432\\u0430\\u043d\\u0438\\u0435 \\u0447\\u0438\\u043d\\u043e\\u0432\\u043d\\u0438\\u043a\\u0430"}}, {"added": {"object": "\\u0420\\u043e\\u0441\\u0441\\u0438\\u0439\\u0441\\u043a\\u0430\\u044f \\u0430\\u043a\\u0430\\u0434\\u0435\\u043c\\u0438\\u044f \\u0433\\u043e\\u0441\\u0443\\u0434\\u0430\\u0440\\u0441\\u0442\\u0432\\u0435\\u043d\\u043d\\u043e\\u0439 \\u0441\\u043b\\u0443\\u0436\\u0431\\u044b \\u043f\\u0440\\u0438 \\u041f\\u0440\\u0435\\u0437\\u0438\\u0434\\u0435\\u043d\\u0442\\u0435 \\u0420\\u043e\\u0441\\u0441\\u0438\\u0439\\u0441\\u043a\\u043e\\u0439 \\u0424\\u0435\\u0434\\u0435\\u0440\\u0430\\u0446\\u0438\\u0438", "name": "\\u041e\\u0431\\u0440\\u0430\\u0437\\u043e\\u0432\\u0430\\u043d\\u0438\\u0435 \\u0447\\u0438\\u043d\\u043e\\u0432\\u043d\\u0438\\u043a\\u0430"}}]	23	1
100	2020-10-27 09:13:44.650375+00	85	 	1	[{"added": {}}]	28	1
101	2020-10-27 09:14:52.917399+00	8	  	2	[{"changed": {"fields": ["region"]}}]	23	1
102	2020-10-27 09:15:05.012244+00	7	  	2	[{"changed": {"fields": ["region"]}}]	23	1
103	2020-10-28 13:31:43.628902+00	9	  	3		23	1
104	2020-10-28 13:31:43.635347+00	8	  	3		23	1
105	2020-10-28 13:31:43.637089+00	7	  	3		23	1
106	2020-10-28 13:31:43.63833+00	6	  	3		23	1
107	2020-10-28 13:31:43.639941+00	5	  	3		23	1
108	2020-10-28 13:31:43.64173+00	4	  	3		23	1
109	2020-10-28 13:31:43.643367+00	3	  	3		23	1
110	2020-10-29 16:13:30.214562+00	11	  	3		23	1
111	2020-10-29 16:13:30.216766+00	10	  	3		23	1
112	2020-10-29 16:22:41.472306+00	13	  	3		23	1
113	2020-10-29 16:22:41.474175+00	12	  	3		23	1
114	2020-10-29 16:26:39.428048+00	16	  	3		23	1
115	2020-10-29 16:26:39.42974+00	15	  	3		23	1
116	2020-10-29 16:26:39.430875+00	14	  	3		23	1
117	2020-10-29 16:31:16.530703+00	20	  	3		23	1
118	2020-10-29 16:31:16.533671+00	19	  	3		23	1
119	2020-10-29 16:31:16.53541+00	18	  	3		23	1
120	2020-10-29 16:31:16.539187+00	17	  	3		23	1
121	2020-10-29 17:05:47.002166+00	24	  	3		23	1
122	2020-10-29 17:05:47.006064+00	23	  	3		23	1
123	2020-10-29 17:05:47.008202+00	22	  	3		23	1
124	2020-10-29 17:05:47.012856+00	21	  	3		23	1
125	2020-11-02 08:36:11.147437+00	26	  	3		23	1
126	2020-11-02 08:36:11.149733+00	25	  	3		23	1
127	2020-11-02 08:44:40.671726+00	27	  	3		23	1
128	2020-11-02 08:48:30.698059+00	85	 	3		28	1
129	2020-11-02 10:38:57.663228+00	29	  	3		23	1
130	2020-11-02 10:38:57.66559+00	28	  	3		23	1
131	2020-11-02 11:08:05.790872+00	11		2	[{"changed": {"fields": ["name"]}}]	28	1
132	2020-11-02 11:08:19.700625+00	34	  	3		23	1
133	2020-11-02 11:09:22.591894+00	46	  	3		23	1
134	2020-11-02 11:09:46.788982+00	82	  - 	2	[{"changed": {"fields": ["name"]}}]	28	1
135	2020-11-02 11:11:27.882346+00	86	 	1	[{"added": {}}]	28	1
136	2020-11-02 11:12:06.401536+00	79	-   -  ( 	2	[{"changed": {"fields": ["name"]}}]	28	1
137	2020-11-02 11:12:43.838617+00	76	  ()	2	[{"changed": {"fields": ["name"]}}]	28	1
138	2020-11-02 11:13:20.001968+00	57	   - 	2	[{"changed": {"fields": ["name"]}}]	28	1
139	2020-11-02 11:43:38.880911+00	87	   	1	[{"added": {}}]	28	1
140	2020-11-02 11:45:30.584195+00	61	  	3		23	1
141	2020-11-02 11:45:30.588294+00	60	  	3		23	1
142	2020-11-02 11:45:30.589467+00	59	  	3		23	1
143	2020-11-02 11:45:30.590541+00	58	  	3		23	1
144	2020-11-02 11:45:30.595366+00	57	  	3		23	1
145	2020-11-02 11:45:30.600593+00	56	  	3		23	1
146	2020-11-02 11:45:30.603697+00	55	  	3		23	1
147	2020-11-02 11:45:30.60654+00	54	  	3		23	1
148	2020-11-02 11:45:30.609942+00	53	  	3		23	1
149	2020-11-02 11:45:30.615154+00	52	  	3		23	1
150	2020-11-02 11:45:30.620573+00	51	  	3		23	1
151	2020-11-02 11:45:30.622805+00	50	  	3		23	1
152	2020-11-02 11:45:30.627252+00	49	  	3		23	1
153	2020-11-02 11:45:30.631868+00	48	  	3		23	1
154	2020-11-02 11:45:30.637423+00	47	  	3		23	1
155	2020-11-02 11:45:30.63916+00	45	  	3		23	1
156	2020-11-02 11:45:30.64347+00	44	  	3		23	1
157	2020-11-02 11:45:30.647692+00	43	  	3		23	1
158	2020-11-02 11:45:30.65231+00	42	  	3		23	1
159	2020-11-02 11:45:30.657623+00	41	  	3		23	1
160	2020-11-02 11:45:30.659068+00	40	  	3		23	1
161	2020-11-02 11:45:30.660913+00	39	  	3		23	1
162	2020-11-02 11:45:30.665329+00	38	  	3		23	1
163	2020-11-02 11:45:30.670396+00	37	  	3		23	1
164	2020-11-02 11:45:30.674208+00	36	  	3		23	1
165	2020-11-02 11:45:30.675855+00	35	  	3		23	1
166	2020-11-02 11:45:30.681009+00	33	  	3		23	1
167	2020-11-02 11:45:30.686323+00	32	  	3		23	1
168	2020-11-02 11:45:30.691462+00	31	  	3		23	1
169	2020-11-02 11:45:30.69312+00	30	  	3		23	1
170	2020-11-02 11:48:03.421482+00	90	  	3		23	1
171	2020-11-02 11:48:21.327639+00	79	-   -  ( )	2	[{"changed": {"fields": ["name"]}}]	28	1
172	2020-11-02 11:56:49.161166+00	317	  	3		23	1
173	2020-11-04 13:51:06.770667+00	506	  	3		23	1
174	2020-11-04 14:12:16.770646+00	507	  	3		23	1
175	2020-11-04 14:13:18.563377+00	508	  	3		23	1
176	2020-11-04 14:14:41.221812+00	509	  	3		23	1
177	2020-11-04 14:21:15.918274+00	515	  	3		23	1
178	2020-11-04 15:01:23.362818+00	565	  	3		23	1
179	2020-11-04 15:03:22.727857+00	533	  	3		23	1
180	2020-11-04 15:04:21.291615+00	516	  	3		23	1
181	2020-11-04 15:08:25.703612+00	566	  	3		23	1
182	2020-11-04 15:11:31.388331+00	568	  	3		23	1
183	2020-11-04 15:16:31.026305+00	569	  	3		23	1
184	2020-11-12 09:42:35.472543+00	2	 	1	[{"added": {}}, {"added": {"name": "\\u0424\\u043e\\u0442\\u043e", "object": "ElectPhoto object (1)"}}, {"added": {"name": "\\u0414\\u043e\\u043a\\u0443\\u043c\\u0435\\u043d\\u0442", "object": "ElectDoc object (1)"}}]	17	1
185	2020-11-14 13:35:25.659437+00	1		1	[{"added": {}}]	24	1
186	2020-11-14 13:35:47.455669+00	2	  	1	[{"added": {}}]	24	1
187	2020-11-14 13:36:07.828249+00	3	 	1	[{"added": {}}]	24	1
188	2020-11-28 08:13:09.530128+00	1	Serg	2	[{"changed": {"fields": ["first_name", "last_name", "phone", "perm"]}}]	29	1
189	2020-11-29 06:24:01.411595+00	2	 	2	[{"changed": {"fields": ["category", "content"]}}]	17	1
190	2020-11-29 12:44:49.587445+00	2	 	2	[{"changed": {"fields": ["content"]}}]	17	1
191	2020-11-29 12:51:26.01323+00	2	 	2	[{"added": {"name": "\\u0424\\u043e\\u0442\\u043e", "object": "ElectPhoto object (2)"}}, {"added": {"name": "\\u0424\\u043e\\u0442\\u043e", "object": "ElectPhoto object (3)"}}]	17	1
\.


--
-- Name: django_admin_log_id_seq; Type: SEQUENCE SET; Schema: public; Owner: serg
--

SELECT pg_catalog.setval('public.django_admin_log_id_seq', 191, true);


--
-- Data for Name: django_content_type; Type: TABLE DATA; Schema: public; Owner: serg
--

COPY public.django_content_type (id, app_label, model) FROM stdin;
1	admin	logentry
2	auth	permission
3	auth	group
4	contenttypes	contenttype
5	sessions	session
6	sites	site
7	authtoken	token
8	authtoken	tokenproxy
9	taggit	tag
10	taggit	taggeditem
11	account	emailaddress
12	account	emailconfirmation
13	socialaccount	socialtoken
14	socialaccount	socialaccount
15	socialaccount	socialapp
16	blog	blogvotes
17	blog	electnew
18	blog	blog
19	blog	blogcommentvotes
20	blog	blogcomment
21	elect	linkelect
22	elect	educationelect
23	elect	elect
24	lists	blogcategory
25	lists	authoritylist
26	lists	electnewscategory
27	lists	fraction
28	lists	region
29	users	user
30	about	feedback
31	blog	electvotes
32	users	photo
33	users	doc
34	blog	electphoto
35	blog	electdoc
36	elect	subscribeelect
37	stst	blognumbers
38	stst	electnewnumbers
39	stst	electnumbers
40	users	ipuser
41	users	userlocation
\.


--
-- Name: django_content_type_id_seq; Type: SEQUENCE SET; Schema: public; Owner: serg
--

SELECT pg_catalog.setval('public.django_content_type_id_seq', 41, true);


--
-- Data for Name: django_migrations; Type: TABLE DATA; Schema: public; Owner: serg
--

COPY public.django_migrations (id, app, name, applied) FROM stdin;
1	about	0001_initial	2020-10-23 14:24:59.463257+00
2	contenttypes	0001_initial	2020-10-23 14:24:59.483986+00
3	contenttypes	0002_remove_content_type_name	2020-10-23 14:24:59.496317+00
4	auth	0001_initial	2020-10-23 14:24:59.528356+00
5	auth	0002_alter_permission_name_max_length	2020-10-23 14:24:59.555061+00
6	auth	0003_alter_user_email_max_length	2020-10-23 14:24:59.564522+00
7	auth	0004_alter_user_username_opts	2020-10-23 14:24:59.573237+00
8	auth	0005_alter_user_last_login_null	2020-10-23 14:24:59.581775+00
9	auth	0006_require_contenttypes_0002	2020-10-23 14:24:59.584053+00
10	auth	0007_alter_validators_add_error_messages	2020-10-23 14:24:59.594935+00
11	auth	0008_alter_user_username_max_length	2020-10-23 14:24:59.603285+00
12	auth	0009_alter_user_last_name_max_length	2020-10-23 14:24:59.611338+00
13	auth	0010_alter_group_name_max_length	2020-10-23 14:24:59.619841+00
14	auth	0011_update_proxy_permissions	2020-10-23 14:24:59.628954+00
15	users	0001_initial	2020-10-23 14:24:59.653349+00
16	account	0001_initial	2020-10-23 14:24:59.701995+00
17	account	0002_email_max_length	2020-10-23 14:24:59.724254+00
18	admin	0001_initial	2020-10-23 14:24:59.741738+00
19	admin	0002_logentry_remove_auto_add	2020-10-23 14:24:59.75821+00
20	admin	0003_logentry_add_action_flag_choices	2020-10-23 14:24:59.770745+00
21	authtoken	0001_initial	2020-10-23 14:24:59.790051+00
22	authtoken	0002_auto_20160226_1747	2020-10-23 14:24:59.843445+00
23	authtoken	0003_tokenproxy	2020-10-23 14:24:59.847931+00
24	lists	0001_initial	2020-10-23 14:24:59.885019+00
25	elect	0001_initial	2020-10-23 14:24:59.937488+00
26	blog	0001_initial	2020-10-23 14:25:00.23741+00
27	sessions	0001_initial	2020-10-23 14:25:00.287945+00
28	sites	0001_initial	2020-10-23 14:25:00.30038+00
29	sites	0002_alter_domain_unique	2020-10-23 14:25:00.310587+00
30	socialaccount	0001_initial	2020-10-23 14:25:00.429124+00
31	socialaccount	0002_token_max_lengths	2020-10-23 14:25:00.490047+00
32	socialaccount	0003_extra_data_default_dict	2020-10-23 14:25:00.504389+00
33	taggit	0001_initial	2020-10-23 14:25:00.540149+00
34	taggit	0002_auto_20150616_2121	2020-10-23 14:25:00.56796+00
35	taggit	0003_taggeditem_add_unique_index	2020-10-23 14:25:00.579362+00
36	lists	0002_auto_20201026_1413	2020-10-26 11:13:57.029881+00
37	elect	0002_auto_20201026_1444	2020-10-26 11:44:33.611689+00
38	blog	0002_auto_20201027_1815	2020-10-27 15:15:54.497496+00
39	elect	0003_auto_20201028_1632	2020-10-28 13:32:57.109892+00
40	elect	0004_auto_20201102_1128	2020-11-02 08:28:12.04976+00
41	elect	0005_auto_20201102_1333	2020-11-02 10:34:02.614625+00
42	elect	0006_auto_20201104_1657	2020-11-04 13:57:42.180321+00
43	blog	0003_auto_20201111_1212	2020-11-11 09:12:19.233947+00
44	users	0002_auto_20201111_1212	2020-11-11 09:12:19.398526+00
45	blog	0004_auto_20201111_1407	2020-11-11 11:07:19.700298+00
46	users	0003_auto_20201111_1407	2020-11-11 11:07:19.861467+00
47	blog	0005_auto_20201111_1423	2020-11-11 11:23:52.513816+00
48	blog	0006_auto_20201111_1454	2020-11-11 11:54:26.127528+00
49	elect	0007_auto_20201111_1901	2020-11-11 16:02:00.433026+00
50	users	0004_auto_20201111_1901	2020-11-11 16:02:00.466017+00
51	blog	0007_auto_20201112_1236	2020-11-12 09:37:02.494049+00
52	blog	0008_auto_20201112_1242	2020-11-12 09:42:27.215587+00
53	stst	0001_initial	2020-11-12 11:22:33.40187+00
54	stst	0002_auto_20201112_1656	2020-11-12 13:56:16.577159+00
55	blog	0009_auto_20201127_1923	2020-11-27 16:24:07.227134+00
56	users	0005_auto_20201127_1923	2020-11-27 16:24:07.419702+00
57	blog	0010_auto_20201128_1541	2020-11-28 12:41:57.230064+00
58	blog	0011_auto_20201129_1512	2020-11-29 12:12:29.519952+00
59	blog	0012_auto_20201129_1543	2020-11-29 12:43:23.076894+00
60	blog	0013_remove_electphoto_preview	2020-11-29 12:50:56.897288+00
\.


--
-- Name: django_migrations_id_seq; Type: SEQUENCE SET; Schema: public; Owner: serg
--

SELECT pg_catalog.setval('public.django_migrations_id_seq', 60, true);


--
-- Data for Name: django_session; Type: TABLE DATA; Schema: public; Owner: serg
--

COPY public.django_session (session_key, session_data, expire_date) FROM stdin;
lvq6bgitgew7qa9knvt107o6g3pbay3y	ODVjMTRhZjJkNzlhYTM1ZmRhZjMwNGMzNWY2MTk0NmEyZWJmMzQ3NTqABJWXAAAAAAAAAH2UKIwNX2F1dGhfdXNlcl9pZJSMATGUjA9fYXV0aF91c2VyX2hhc2iUjChhNjQ5NGUyNmZlMDRhMzQzZWZiZjAwY2ExY2ViOTlhYzE1ZjkxYjkzlIwSX2F1dGhfdXNlcl9iYWNrZW5klIwpZGphbmdvLmNvbnRyaWIuYXV0aC5iYWNrZW5kcy5Nb2RlbEJhY2tlbmSUdS4=	2020-11-06 14:26:27.716877+00
jmak8rhn59j26lslcrsq6bm8f3ntf892	YmMxZjcwODdhZjY5MDY1NzBjODZiYzgyNWE0NTg0ZDlmZDA3YWQxNTqABJWXAAAAAAAAAH2UKIwNX2F1dGhfdXNlcl9pZJSMATGUjBJfYXV0aF91c2VyX2JhY2tlbmSUjClkamFuZ28uY29udHJpYi5hdXRoLmJhY2tlbmRzLk1vZGVsQmFja2VuZJSMD19hdXRoX3VzZXJfaGFzaJSMKGE2NDk0ZTI2ZmUwNGEzNDNlZmJmMDBjYTFjZWI5OWFjMTVmOTFiOTOUdS4=	2020-11-26 15:10:19.93234+00
nhvim5selwfzefaaeiojt91edc5s8lth	ODVjMTRhZjJkNzlhYTM1ZmRhZjMwNGMzNWY2MTk0NmEyZWJmMzQ3NTqABJWXAAAAAAAAAH2UKIwNX2F1dGhfdXNlcl9pZJSMATGUjA9fYXV0aF91c2VyX2hhc2iUjChhNjQ5NGUyNmZlMDRhMzQzZWZiZjAwY2ExY2ViOTlhYzE1ZjkxYjkzlIwSX2F1dGhfdXNlcl9iYWNrZW5klIwpZGphbmdvLmNvbnRyaWIuYXV0aC5iYWNrZW5kcy5Nb2RlbEJhY2tlbmSUdS4=	2020-12-12 10:28:57.32131+00
\.


--
-- Data for Name: django_site; Type: TABLE DATA; Schema: public; Owner: serg
--

COPY public.django_site (id, domain, name) FROM stdin;
1	example.com	example.com
\.


--
-- Name: django_site_id_seq; Type: SEQUENCE SET; Schema: public; Owner: serg
--

SELECT pg_catalog.setval('public.django_site_id_seq', 1, true);


--
-- Data for Name: elect_educationelect; Type: TABLE DATA; Schema: public; Owner: serg
--

COPY public.elect_educationelect (id, title, year, elect_id) FROM stdin;
130	  	1978 .	91
131	 - 	1991 .	91
132	    ..	1982 .	92
133	    ..	2005 .	93
134	   	1993 .	94
135	     .	1967 .	95
136	  	1989 .	96
137	-   	1997 .	96
138	         -  	2006 .	96
139	--   	1981 .	97
140	  	1971 .	98
141	      	1989 .	98
142	    ..	1988 .	99
143	   	1994 .	100
144	-   	2002 .	101
145	          	2012 .	101
146	       50- 	1982 .	102
147	  	1976 .	103
148	  	1977 .	104
149	      	1996 .	104
150	  	1994 .	105
151	     ..	1999 .	106
152	-  ,   	2013 .	106
153	     	1981 .	107
154	          	2015 .	107
155	    ..	1980 .	108
156	  	1998 .	109
157	       	2006 .	109
158	      -	1974 .	110
159	    ..	2002 .	111
160	   	2000 .	112
161	     	1968 .	113
162	     ..	1986 .	113
163	  	1995 .	114
164	 - 	1990 .	115
165	          	2018 .	115
166	  	1993 .	116
167	  	2000 .	116
168	  	2007 .	116
169	  	1985 .	117
170	     	1998 .	117
171	    	2000 .	118
172	    ..	2001 .	118
173	          	2017 .	118
174	      	1982 .	119
175	    	1978 .	120
176	  	1977 .	121
177	 2-      ..	1982 .	121
178	 -    	1972 .	122
179	   	1984 .	122
180	     	1987 .	122
181	  	1984 .	123
182	     ..	1992 .	124
183	     ..	2012 .	124
184	    ..	1978 .	125
185	    	1992 .	125
186	    ""	2002 .	126
187	 ,    	2008 .	126
188	          	2017 .	126
189	   	1976 .	127
190	-   	2000 .	127
191	   	1969 .	128
192	     	1980 .	128
193	     ..	1971 .	129
194	     ..	1999 .	130
195	       	2006 .	130
196	     ..	1992 .	131
197	-  	1982 .	132
73	   . .. 	1993 .	62
74	    	1978 .	63
75	    ..	1978 .	64
76	      .. 	1986 .	65
77	       	1995 .	65
78	    ..	1972 .	66
79	   	1996 .	67
80	  	1988 .	68
81	       	2000 .	68
82	        ..	1984 .	69
83	 -     	1993 .	69
84	   	1985 .	70
85	        -   	1999 .	70
86	-  	2004 .	70
87	  	1973 .	71
88	  	2002 .	72
89	  	2003 .	72
90	    	1996 .	73
91	    ..	2007 .	74
92	     ..	2010 .	74
93	      	2014 .	74
94	    ..	2015 .	74
95	       ..	1994 .	75
96	-     ..	1997 .	75
97	       	2007 .	75
98	   50 . ""	1982 .	76
99	    40- 	1991 .	76
100	     (    )   (  )	2017 .	76
101	   	2009 .	77
198	-   ( - )	1992 .	133
199	  	1975 .	134
102	     	1983 .	78
103	--   	1991 .	79
104	  	2008 .	79
105	    .   	2008 .	79
106	    .   	2011 .	79
107	    .   	2011 .	79
108	    	2012 .	79
109	          	2013 .	79
110	     H..	1998 .	80
111	     H..	1999 .	80
112	   	1976 .	81
113	        ..	2014 .	81
114	   	2015 .	81
115	 -   ..	1990 .	82
116	       	1997 .	82
117	     	1992 .	83
118	          	2013 .	83
119	  	2008 .	84
120	    	1986 .	85
121	   	1986 .	86
122	    .. (  . )	1997 .	87
123	  	2008 .	87
124	      	1978 .	88
125	   	1997 .	89
126	       	1999 .	89
127	   	2009 .	89
128	  	2011 .	89
129	          	2011 .	89
200	 - 	1991 .	134
201	   	1998 .	134
202	     ..	1994 .	135
203	   	2015 .	135
204	  	2003 .	136
205	    ..	1984 .	137
206	  	1994 .	138
207	   	1999 .	139
208	  	1989 .	140
209	  	2006 .	141
210	  	2004 .	142
211	   	2002 .	143
212	    ..	1983 .	144
213	     ..	1983 .	145
214	     ..	1984 .	146
215	  - 	1978 .	147
216	  	1982 .	148
217	  -    60-  	1979 .	149
218	-   ..	1990 .	149
219	   	2001 .	149
220	     	1987 .	150
221	          	2016 .	150
222	  	1973 .	151
223	  -   	1971 .	152
224	     	1972 .	152
225	 -    	1976 .	152
226	  	1977 .	153
227	 - 	1991 .	153
228	    ..	2009 .	154
229	  	1964 .	155
230	   	1990 .	155
231	     	1979 .	156
232	      	1986 .	156
233	      	1989 .	156
234	 - 	1965 .	157
235	          	1999 .	157
236	     	1987 .	158
237	    ..	1981 .	159
238	    ..	2007 .	160
239	    ..	1973 .	161
240	   	1987 .	161
241	  -    60-  	1986 .	162
242	      	1999 .	162
243	   	1988 .	163
244	     ( )	2002 .	163
245	  	1974 .	164
246	    ..	1971 .	165
247	  	2005 .	166
248	    	1996 .	167
249	    	1997 .	167
250	    ..	1978 .	168
251	  	1979 .	169
252	   	2014 .	169
253	    	2014 .	170
254	-      	1998 .	171
255	   	1978 .	172
256	    ..	1986 .	173
257	       	2004 .	173
258	      	2006 .	173
259	       	2006 .	173
260	     ..	1971 .	174
261	  	1964 .	175
262	    ..	1975 .	175
263	   	1982 .	175
264	   	1979 .	176
265	- -    	1991 .	176
266	    	1999 .	176
267	     ..	1974 .	177
268	    ..	1984 .	178
269	   	2008 .	178
270	 -   ..	1979 .	179
271	    ..	1987 .	180
272	    ..	1972 .	181
273	    	1993 .	182
274	     	1983 .	183
275	   	1996 .	184
276	-  	2014 .	184
277	  	1977 .	185
278	-  	1991 .	186
279	       	2002 .	186
280	    40- 	1985 .	187
281	--   	1972 .	188
282	--   	1977 .	189
283	  	1986 .	190
284	      	1974 .	191
285	   ( "")	1999 .	192
286	    ( "  ")	2000 .	192
287	   (  ,  "")	2004 .	192
288	  	2004 .	193
289	   	2011 .	193
290	-  	2013 .	193
291	    	1985 .	194
292	     . .. 	1992 .	194
293	   	1995 .	194
294	       	2010 .	194
295	  	1986 .	195
296	          	2016 .	195
297	          	2017 .	195
298	  	1979 .	196
299	     	1983 .	196
300	  	1970 .	197
301	     	1974 .	197
302	     	1983 .	198
303	   ,   	1972 .	199
304	 - 	1984 .	200
305	   	2000 .	200
306	   	2000 .	200
307	    ..	1983 .	201
308	   	2005 .	201
309	         - ..	1979 .	202
310	   	2003 .	202
311	  	2003 .	203
312	   	2008 .	203
313	    ..	1989 .	204
314	   	1991 .	204
315	    	2007 .	205
316	      	2011 .	205
317	    ..	1978 .	206
318	   	2004 .	207
319	          	2015 .	207
320	  	2015 .	207
321	        ..	1978 .	208
322	  	2003 .	209
323	-   (  )	2017 .	209
324	  	1985 .	210
325	       	2002 .	210
326	    	1996 .	211
327	       	2004 .	211
328	   	1983 .	212
329	     	1988 .	212
330	    ..	1958 .	213
331	              	1986 .	213
332	  -    	1971 .	214
333	   	1987 .	215
334	  - 	2008 .	215
335	  	2010 .	215
336	    	1996 .	216
337	   (  ) ""	2001 .	217
338	     	2004 .	217
339	-   	1996 .	218
340	   	1990 .	219
341	       	2003 .	220
342	     ()  	2016 .	220
343	    ..	1989 .	221
344	       	2002 .	221
345	 -   	1982 .	222
346	-   	2000 .	222
347	 - 	1991 .	223
348	    ..	1986 .	224
349	     	1992 .	225
350	-   	2005 .	225
351	    	1970 .	226
352	   ..	1981 .	226
353	     C    ..	1992 .	226
354	    	1976 .	227
355	-   ..	1983 .	227
356	  	1994 .	228
357	  	2003 .	228
358	  	1976 .	229
359	  - 	1988 .	230
360	   	1994 .	230
361	   	1977 .	231
362	    ..	1991 .	232
363	     ..	2003 .	233
364	    	2005 .	234
365	    ..	1977 .	235
366	      	2001 .	235
367	    ..	1980 .	236
368	  	1991 .	237
369	         	2003 .	237
370	   	2007 .	237
371	    ..	1992 .	238
372	  	2015 .	238
373	  	1981 .	239
374	           ..	1992 .	240
375	  	1973 .	241
376	    ..	1985 .	242
377	          	2018 .	242
378	   	1998 .	243
379	      	2004 .	243
380	  " "  ""	2013 .	243
381	 - 	1981 .	244
382	   	1995 .	244
383	   	1994 .	245
384	   	1999 .	246
385	  	2006 .	247
386	--   	1984 .	248
387	      	1996 .	248
388	    	1973 .	249
389	       ..	1987 .	250
390	   	1981 .	251
391	        	1989 .	251
392	  	1992 .	252
393	-   	2003 .	252
394	--   	1992 .	253
395	   	1977 .	254
396	    	1980 .	254
397	  	1996 .	255
398	      	1980 .	256
399	    	2002 .	257
400	  	2005 .	257
401	  	2016 .	257
402	  	1991 .	258
403	   	1995 .	259
404	    ..	1999 .	259
405	      	1988 .	260
406	   	2003 .	260
407	  -  	1991 .	261
408	   	2005 .	262
409	      	2015 .	262
410	   	1973 .	263
411	    	1989 .	264
412	          	2019 .	264
413	    	1997 .	265
414	    	1999 .	265
415	       	2010 .	265
416	    ..	1978 .	266
417	       ..	1973 .	267
418	    ..	1984 .	267
419	  -     	1988 .	268
420	     	2004 .	268
421	          	2015 .	268
422	            	2015 .	268
423	  	1984 .	269
424	  	1980 .	270
425	  	1994 .	271
426	  	2010 .	271
427	    ..	1980 .	272
428	        ()  	2011 .	272
429	    	1993 .	273
430	   	2007 .	273
431	 -   ..	1984 .	274
432	--   	1974 .	275
433	  	2009 .	276
434	  	2015 .	276
435	          	2016 .	276
436	    ..	1993 .	277
437	          	2019 .	277
438	    ..-	1991 .	278
439	  	1975 .	279
440	 -   ..	1982 .	279
441	      	1997 .	279
442	      	1998 .	279
443	    	1997 .	280
444	   ,    ()	2009 .	280
445	      	1975 .	281
446	    	1985 .	282
447	 	1980 .	283
448	   	2016 .	283
449	  - 	1999 .	284
450	    	2004 .	285
451	-   	2005 .	285
452	   	1979 .	286
453	   	1983 .	287
454	     	1989 .	287
455	-   	2007 .	287
456	  	1984 .	288
457	   	1997 .	288
458	     ..	1998 .	289
459	     	1999 .	290
460	    	2001 .	290
461	    	2014 .	290
462	   	1988 .	291
463	       C..	1963 .	292
464	    ..-	1975 .	293
465	  	1982 .	294
466	 ,    	2002 .	295
467	       	2006 .	295
468	   	1999 .	296
469	   	2000 .	296
470	   	2000 .	296
471	   ""	2015 .	296
472	  	1993 .	297
473	      	2009 .	297
474	     	1990 .	298
475	    	1981 .	299
476	  	1966 .	300
477	     	1974 .	300
478	 -   ..	1987 .	301
479	-    	1979 .	302
480	-   	2003 .	302
481	  - 	1990 .	303
482	  	1963 .	304
483	  	1972 .	305
484	  	2000 .	306
485	       	2000 .	306
486	 -   ..	1985 .	307
487	  	1970 .	308
488	     	1965 .	309
489	-   ..	1973 .	309
490	     C    ..	1983 .	309
491	    ..	1976 .	310
492	  	1989 .	311
493	         	2002 .	311
494	          	2015 .	311
495	   	1997 .	312
496	          	2011 .	312
497	     	2015 .	312
498	          	2016 .	312
499	   	1994 .	313
500	  -      ..	2000 .	314
501	     	2004 .	314
502	     ..	2004 .	315
503	   	2006 .	316
504	    ()	2011 .	316
505	  	2000 .	318
506	  	1984 .	319
507	       	2004 .	319
508	  -  	1993 .	320
509	  ,   	1995 .	320
510	          	2018 .	320
511	  	1994 .	321
512	  	1965 .	322
513	   	1974 .	322
514	     	1989 .	322
515	       	1998 .	323
516	   ..	1993 .	324
517	 - 	2003 .	325
518	-   	2008 .	325
519	-   	2007 .	326
520	  	1994 .	327
521	           	2005 .	327
522	  -  	1978 .	328
523	   ..	1989 .	328
524	   	1960 .	329
525	-     ..	1969 .	329
526	    ..	1984 .	330
527	    ..-	2000 .	330
580	  	1988 .	363
528	   	1990 .	331
529	       	2009 .	331
530	  	1994 .	332
531	   , . 	2004 .	332
532	          	2013 .	332
533	     ..	2001 .	333
534	  	2006 .	334
535	   . ..  (  )	1970 .	335
536	   . .. 	1977 .	335
537	     	2004 .	336
538	  	1997 .	337
539	   	2000 .	337
540	   	2009 .	337
541	  - 	1991 .	338
542	    ..	1983 .	339
543	     	1971 .	340
544	     ..	1986 .	340
545	    	1991 .	341
546	      ()	2004 .	341
547	    ..	1988 .	342
548	   	2010 .	343
549	   	1986 .	344
550	      	2006 .	344
551	  	2004 .	345
552	  	1980 .	346
553	   ,   .	2002 .	347
554	   	2010 .	347
555	    ..	2008 .	348
556	   	1999 .	349
557	     	1992 .	350
558	  	1995 .	350
559	          	2013 .	350
560	-   	2005 .	351
561	    	2005 .	352
562	   	1983 .	353
563	   	2001 .	353
564	     ..	2003 .	353
565	     ..	2010 .	353
566	  -  	1992 .	354
567	          	2016 .	354
568	   . .. 	1995 .	355
569	       	2005 .	355
570	  	2005 .	356
571	 - 	2008 .	357
572	   	1986 .	358
573	  	2000 .	359
574	  	2000 .	359
575	       	2010 .	359
576	  	1991 .	360
577	    ..	1988 .	361
578	  	2003 .	361
579	      	1982 .	362
581	  	1978 .	364
582	  	1977 .	365
583	-    	1992 .	365
584	  	1976 .	366
585	-  	1983 .	367
586	- - 	1992 .	367
587	-  	2000 .	367
588	      ..	1976 .	368
589	     ..	1988 .	369
590	       	2010 .	370
591	-   	1999 .	371
592	      ..	1973 .	372
593	     ..	1987 .	373
594	       	2004 .	373
595	    (.)	1996 .	374
596	  	1998 .	374
597	     ..	1989 .	375
598	  - 	2006 .	375
599	       	2010 .	375
600	   	2012 .	376
601	    ..	1983 .	377
602	 -   	1986 .	377
603	    	1997 .	378
604	   	1985 .	379
605	  	1988 .	379
606	   	2019 .	380
607	     	2001 .	381
608	   	2009 .	381
609	          	2012 .	381
610	    ..	1987 .	382
611	   ..	1996 .	382
612	    ..	2010 .	382
613	 - 	1996 .	383
614	    	1987 .	384
615	-   	1998 .	384
616	     	2005 .	385
617	        	1987 .	386
618	  	1985 .	387
619	  	1988 .	388
620	     ..	2003 .	388
621	    ..	2013 .	388
622	   	2001 .	389
623	   	2002 .	389
624	 -   	1976 .	390
625	    ..	1982 .	390
626	          ..	1973 .	391
627	    	1986 .	391
628	  	2003 .	392
629	   	1993 .	393
630	     ..	1980 .	394
631	   	2000 .	394
632	    	2004 .	394
633	     ..	2007 .	394
634	    ..	1986 .	395
635	   	2002 .	395
636	-   	2011 .	395
637	     	2002 .	396
638	  	1991 .	397
639	    ..	2002 .	397
640	     ..	1989 .	398
641	      	1979 .	399
642	   	1990 .	399
643	-    ..	1998 .	400
644	      	1982 .	401
645	  - 	1998 .	401
646	   	2012 .	401
647	       	2013 .	401
648	        	1989 .	402
649	   	2003 .	402
650	          	2008 .	402
651	          	2015 .	402
652	    ..	1972 .	403
653	-  - 	2007 .	403
654	    	1998 .	404
655	     	1987 .	405
656	    ..	1987 .	406
657	  	1983 .	407
658	       	2004 .	407
659	  	1985 .	408
660	  - 	1980 .	409
661	  -    60-  	1989 .	410
662	    ..	2006 .	410
663	  	1996 .	411
664	        	1998 .	411
665	   	2000 .	411
666	        	2001 .	411
667	   - 	2010 .	411
668	    -      ..	2003 .	412
669	      	2003 .	414
670	   	1992 .	415
671	   	1992 .	416
672	  	2004 .	416
673	   	2011 .	417
674	    -   ..	2016 .	417
675	  -   ..	2008 .	418
676	     	1997 .	419
677	          	2013 .	419
678	   ( )	2003 .	420
679	   ( )	2005 .	420
680	  	2010 .	420
681	          	2014 .	420
682	          	2014 .	420
683	    ..	1992 .	421
684	   	2000 .	422
685	  	2013 .	422
686	     ()	1998 .	423
687	   ,   	2011 .	423
688	   	2004 .	424
689	       	2010 .	424
690	  	1981 .	425
691	     	1981 .	426
692	       	1995 .	426
693	    	2001 .	426
694	-    (  )	2011 .	426
695	 -  	1969 .	427
696	  	1972 .	428
697	     .	1979 .	428
698	  	1986 .	429
699	  	2000 .	429
700	-   	2005 .	429
701	      	1993 .	430
702	  	1986 .	431
703	       	2007 .	431
704	  	1983 .	432
705	   ..	1991 .	433
706	  	1994 .	434
707	 ()  	2012 .	434
708	   	2004 .	435
709	 - 	1974 .	436
710	  	1999 .	436
711	  	1980 .	437
712	   	2010 .	438
713	   	2002 .	439
714	    ..	1984 .	440
715	    ..	1993 .	441
716	  	1996 .	442
717	 - 	1987 .	443
718	-  	2001 .	444
719	-  	2015 .	444
720	    ..	1976 .	445
721	    	1979 .	446
722	 	2007 .	447
723	   	1979 .	448
724	  	1999 .	448
725	     ..	2010 .	449
726	  - 	1989 .	450
727	-   	1994 .	451
728	       	2000 .	451
729	-    ..	2004 .	452
730	   	2009 .	452
731	    ..	1989 .	453
732	  	1979 .	454
733	    ..	1984 .	455
734	   	1999 .	455
735	   	1994 .	456
736	  	1978 .	457
737	    ..	2001 .	458
738	   	2016 .	459
739	    ,     ..	2009 .	460
740	       ..	2012 .	460
741	  	1982 .	461
742	      	1976 .	462
743	 - 	1991 .	462
744	  	1998 .	463
745	       	2007 .	463
746	    	2001 .	464
747	  	2014 .	464
748	    ..	1980 .	465
749	  	1964 .	466
750	     ..	1981 .	467
751	          ..	1985 .	468
752	-   	2006 .	468
753	-  	2006 .	468
754	   	1990 .	469
755	     	2007 .	470
756	     	2009 .	470
757	   	2005 .	471
758	     ..	1995 .	472
759	    ..	1999 .	472
760	   	2016 .	472
761	    ..-	1987 .	473
762	   	1991 .	473
763	  	1993 .	474
764	 -   ..	1989 .	475
765	     ..	2004 .	475
766	       C..	1988 .	476
767	-      	2012 .	476
768	  	2009 .	477
769	  	1973 .	478
770	 -   	1980 .	478
771	   	2017 .	479
772	  	2005 .	480
773	   	2008 .	480
774	   	2010 .	481
775	   	2012 .	481
776	  ,   	1984 .	482
777	    	1996 .	482
778	      ..	2012 .	482
779	    	1995 .	483
780	   	2000 .	483
781	    ..	1975 .	484
782	   	1997 .	484
783	    	1996 .	485
784	    	1990 .	486
785	  	1995 .	487
786	      	2004 .	487
787	  	1986 .	488
788	-   	2000 .	488
789	  	2018 .	488
790	  	1996 .	489
791	   	1992 .	490
792	       	2007 .	490
793	   	2007 .	490
794	          	2011 .	490
795	   ... 	1980 .	491
796	        -   	1997 .	491
797	-  	1998 .	491
798	-  	2002 .	491
799	    ..	1983 .	492
800	    ..-	1976 .	493
801	  	1983 .	494
802	   . . 	1989 .	495
803	    	2000 .	495
804	   	1988 .	496
805	  	2008 .	497
806	-   ,   	2012 .	497
807	     	1987 .	498
808	      ..	2016 .	499
809	     	1992 .	500
810	-   ..	2000 .	500
811	          	2019 .	500
812	  -  	1975 .	501
813	-   ..	1985 .	501
814	      	1992 .	502
815	    ..	2001 .	503
816	      	2007 .	503
817	    	2009 .	504
818	       ..	2012 .	504
819	  - 	1988 .	505
820	-   	2002 .	505
821	-   	2010 .	505
822	      ...(-)	1994	510
823	      ..()	2003	510
824	    ..(-)	1979	511
825	    ()	2000	512
826	           (,   )	2011	512
827	 -    ()	1992	513
828	    (-)	1976	514
829	       	1989	514
830	    ...(,    )	1980	517
831	    ...()	1987	517
832	       ...(-)	1974	518
833	    (   )	1989	518
834	    (-)	2000	519
835	    (   )	1997	520
836	        (    )	2007	520
837	   ()	2012	520
838	 -   (    )	1995	521
839	   ()	2002	521
840	    ...(,   )	1985	522
841	      .. 	1988	522
842	   ( )	2000	523
843	     . .. (-)	1985	524
844	        ()	2005	524
845	    ( () )	1995	524
846	      . .. 	1988	524
847	   ()	2009	525
848	   ( -)	1976	526
849	    ()	2000	526
850	    ...(-)	1977	527
851	   (-)	1977	528
852	  -     (.  -       .)	1991	528
853	     ...(     )	1990	529
854	       ...(   - , -)	1981	530
855	        (   )	2004	530
856	 -   ...(    )	1992	530
857	   (-  )	1979	531
858	    ()	1976	532
859	    ()	2011	532
860	     ..(  )	1992	534
861	    ()	2002	534
862	      ()	1980	535
863	    (  )	2000	535
864	    ...()	1987	536
865	 -  ()	2000	536
866	 -   ,   ()	2001	537
867	 -   ()	2005	537
868	    (-)	1999	538
869	     ...(-)	1971	539
870	   (,  ()  -     - )	1992	539
871	   ()	1999	540
872	    ..( )	1980	540
873	     . ..(    )	1984	541
874	   ( )	1996	542
875	           ()	2013	542
876	   (-)	1987	543
877	     ...(    )	1981	544
878	      	2002	544
879	   ()	2001	545
880	    (-)	1972	546
881	   ()	1974	547
882	    ( - )	2006	548
883	    (      , )	1994	549
884	          ()	2005	549
885	    ...(   - )	1999	550
886	  ()   ...()	2014	550
887	      ( ,     )	1977	551
888	        (-     )	1997	551
889	    ,   ()	2004	552
890	   - (-)	1974	553
891	      ...(    () )	1982	553
892	    	1978	553
893	       (       )	1990	554
894	  -  . ..( )	1987	555
895	    (-)	2002	555
896	    ...()	2002	556
897	  ()   ...()	2020	556
898	  - (-)	1990	557
899	     ...(     )	1980	558
900	   (, -   )	1993	558
901	    ( )	1997	559
902	      ()	1998	560
903	   - (-)	1989	561
904	           ()	2013	561
905	           ()	2016	562
906	   (-)	1988	563
907	 -   ,   .()	2004	563
908	 -   ()	2005	563
909	   - (-)	1988	564
910	    . .. (,    )	1982	567
911	   (-  )	1976	570
912	   - (   )	2004	571
913	           ()	2012	571
914	    ()	2001	572
915	    ()	2006	572
916	   (-)	1985	573
917	    (-)	2000	574
918	     ...()	1981	575
\.


--
-- Name: elect_educationelect_id_seq; Type: SEQUENCE SET; Schema: public; Owner: serg
--

SELECT pg_catalog.setval('public.elect_educationelect_id_seq', 918, true);


--
-- Data for Name: elect_elect; Type: TABLE DATA; Schema: public; Owner: serg
--

COPY public.elect_elect (id, name, image, description, birthday, "authorization", term_of_office, election_information, fraction_id) FROM stdin;
91	  	elect/2020/11/02/7bwAAp41p4lkyVpdg1W5XRSa3vnObMka.jpg	\n    \t\t          ,               	8  1956 	18  2016 	\N	       ( ): 05.10.2016	3
94	  	elect/2020/11/02/BAsSHC6ALJWkWnWPYWbFsvmEACTlUb49.jpg	\n    \t\t          ,              	17  1968 	18  2016 	\N	      ( ): 05.10.2016	1
92	  	elect/2020/11/02/u9tufCRbndbmKIkr4mtAd29pNxHGM8Wd.jpg	        0195 (   )	29  1956 	18  2016 	\N	     ( ): 05.10.2016	2
93	  	elect/2020/11/02/eKMTfv0rlXEmi7dKqujwWaD9wsahKAAo.jpg	        ,     	25  1985 	1  2017 	\N	     ( ): 02.11.2017	2
95	  	elect/2020/11/02/5LAPATqUccd6RzgZY1QTj83Hyp8sNyll.jpg	         0206 (  .)	20  1950 	18  2016 	\N	      ( ): 05.10.2016	1
96	  	elect/2020/11/02/yN8WmPAS0kASdfK49xP5Oy6eFh9MdZFD.jpg	\n    \t\t          ,              	15  1967 	18  2016 	\N	      ( ): 05.10.2016	1
97	  	elect/2020/11/02/2bf5xVOcKNYdehSkiJ1tD0eqbe2cfGgA.jpg	        0053 (   )	26  1951 	18  2016 	\N	      ( ): 05.10.2016	1
85	  	elect/2020/11/02/mszHLGf6kYPyQNDv4yDWQuzbJt6tgNzI_dnfB0om.jpg	         0006 (   )	23  1963 	18  2016 	\N	,     ( ): 05.10.2016	5
86	  	elect/2020/11/02/Sznhyqrbxen6OGlVaTmirrHFyv3lLR96_AF5X4s4.jpg	\n    \t\t          ,               	28  1959 	18  2016 	\N	       ( ): 05.10.2016	3
89	  	elect/2020/11/02/Bmpdd3uL0mPIf1fhui2xqiZDpb7dRj5o.jpg	        0093 (   )	20  1975 	18  2016 	\N	       ( ): 05.10.2016	3
87	  	elect/2020/11/02/IskNckfll4n5dWr2GYAQ5fKJ4ei5FVBI_uX5lOgI.jpg	        0187 (   )	18  1974 	18  2016 	\N	       ( ): 05.10.2016	3
88	  	elect/2020/11/02/ALKy71Zi1APAKQWAr3Y8nVwGWHn8tcLA.jpg	        ,       	3  1950 	11  2019 	\N	       ( ): 11.04.2019	3
98	  	elect/2020/11/02/LUx1A6jD90ipAqFsgsJbC7rQLSDzlDcP.jpg	       0142 (   )	1  1945 	18  2016 	\N	      ( ): 05.10.2016	1
102	  	elect/2020/11/02/ZbRy0dPT0XLVP6p7HgnF8Xn1agoWB4IM.jpg	\n    \t\t          ,              	15  1961 	18  2016 	\N	      ( ): 05.10.2016	1
99	  	elect/2020/11/02/zAueyIUChxLBWxugNHsc3YWVaxKIl1xB.jpg	        0021 (   )	24  1965 	18  2016 	\N	      ( ): 05.10.2016	1
100	  	elect/2020/11/02/DGVXHRAwRGJ2UTJw5SiRsGzLqdf02gH0.jpg	        ,      	20  1971 	18  2016 	\N	      ( ): 05.10.2016	1
101	  	elect/2020/11/02/fFLABz8O8UMmA7P8haJ0G2YqliGFoJjJ.jpg	        ,      	24  1980 	18  2016 	\N	      ( ): 05.10.2016	1
105	  	elect/2020/11/02/dnilvnnkezPoXmlhZGEjAjfZO66XO6Du.jpg	        0007 (   )	30  1967 	18  2016 	\N	      ( ): 05.10.2016	1
103	  	elect/2020/11/02/xOK294NhluhR3dXF2AjtrUc4ohyGUR96.jpg	        0131 (   )	22  1953 	18  2016 	\N	      ( ): 05.10.2016	1
104	  	elect/2020/11/02/TQpU5Sksdwlftw8rqn7AgZ6wKjr7KWtM.jpg	       0055 (   )	2  1948 	18  2016 	\N	      ( ): 05.10.2016	1
106	  	elect/2020/11/02/gzwyEA7FT8WgzlaFaES2pKHF4eTACARa.JPG	        0183 (   )	10  1977 	18  2016 	\N	      ( ): 05.10.2016	1
107	  	elect/2020/11/02/4b41tYGTUr4XNWGxoUbllimCEm3WKzAu.jpg	       0197 (  .)	10  1953 	18  2016 	\N	      ( ): 05.10.2016	1
108	  	elect/2020/11/02/TAKXFRBSHgQmpYUEPfUjioGukBW61Vhm.jpg	\n    \t\t          ,               	8  1957 	18  2016 	\N	       ( ): 05.10.2016	3
109	  	elect/2020/11/02/tja3A6AAvc9LefXMA8v8FJMpFO4b99W4.jpg	\n    \t\t          ,               	12  1976 	18  2016 	\N	       ( ): 05.10.2016	3
63	  	elect/2020/11/02/zoyfXpY8mz3YL6AwOxZaRqHa34W48kM1_pgjmiFt.jpg		28  1955 	13  2020 	\N	      ( ): 13.02.2020	1
521	  	elect/2020/11/04/m4oOw2SFiBwdlcCqRaFVFHyo72xPryh5.jpg	   ()     	17  1972 	14  2019 	 2021 		\N
70	  	elect/2020/11/02/9Ey5tWsJu6a65jlrtUcbvZxjnmm1BNwn_8JCB9eo.jpg	        ,     	8  1962 	18  2016 	\N	     ( ): 05.10.2016	2
64	  	elect/2020/11/02/DIqJQ3uVyyjh3wCwwjklnkBpFaTpdcy5_1u3umCl.JPG	        ,      	1  1956 	18  2016 	\N	      ( ): 05.10.2016	1
67	  	elect/2020/11/02/fNTAbzpsfgyM9nfzDiS5XnAEYaQOfczr_OwXwYas.jpg	        ,     - -  	27  1972 	18  2016 	\N	     -   ( ): 05.10.2016	4
65	  	elect/2020/11/02/vALAATp4hjJqF2d8HeuCKHDTl9jMiJqS_J8iV2uG.jpg	  ,       ,        .       	4  1964 	18  2016 	\N	      ( ): 05.10.2016	1
62	  	elect/2020/11/02/Eyst1GJhV0K4uqoECOvzyemHnoB6PLAy_gDvxRUR.jpg	        0199 (  .)	20  1969 	18  2016 	\N	      ( ): 05.10.2016	1
66	  	elect/2020/11/02/RyllVqOmj9g2rk0qFDqlaJFy9Vx0IfAs_b9PVeFB.jpg	        ,       	7  1950 	18  2016 	\N	       ( ): 05.10.2016	3
69	  	elect/2020/11/02/rFbxMXC99pTwUpczzdB3948BH3XAd2QA_XgzOdHi.jpg	\n    \t\t          ,             	25  1963 	18  2016 	\N	     ( ): 05.10.2016	2
68	  	elect/2020/11/02/QQBGpIXyhSuXDrSZ9QbDqUon19vf1fBD_rkeKHW5.jpg	        ,      	17  1966 	18  2016 	\N	      ( ): 05.10.2016	1
71	  	elect/2020/11/02/QeBdUbec8y7I104N3mFuTs4m5Ki4alBJ_XSOCdu1.jpg	\n    \t\t          ,              	11  1948 	18  2016 	\N	      ( ): 05.10.2016	1
72	  	elect/2020/11/02/nAJaY6zPtyI6wfS5751fX98oSe9bEuej_ZsLTMwp.jpg	        0081 (   )	26  1979 	18  2016 	\N	      ( ): 05.10.2016	1
73	  	elect/2020/11/02/wgMfrUPF4DEJrAWw2qTkOm2EfAYX5b7P_LPdyrmu.jpg	\n    \t\t          ,              	1  1964 	18  2016 	\N	      ( ): 05.10.2016	1
77	  	elect/2020/11/02/naMsQrAU7hAOxcXXyId4cCtwUbEj0DDu_LZ5pHJq.jpg	        0086 (   )	30  1971 	18  2016 	\N	      ( ): 05.10.2016	1
74	  	elect/2020/11/02/Yl0ew1MFANOGVAnSpo2HxrfSdjN5eE1u_SFPZHHC.jpg	        ,      	3  1985 	18  2016 	\N	      ( ): 05.10.2016	1
75	  	elect/2020/11/02/pQB4SeEjVLLJEm5lnvCQ4U1MWU39yHwE_wJwkJnx.JPG	        0117 (   )	24  1972 	18  2016 	\N	      ( ): 05.10.2016	1
76	  	elect/2020/11/02/ToC6evkZViiNZzeun8batn2k2saw05e2_LlheZmV.jpg	\n    \t\t          ,              	19  1964 	18  2016 	\N	      ( ): 05.10.2016	1
80	  	elect/2020/11/02/cAmyACsyP26C2WIRVLOJgAJOGdhQOT5h_hSe49eE.jpg	         0099 (   )	12  1975 	18  2016 	\N	      ( ): 05.10.2016	1
78	  	elect/2020/11/02/XH8PKuQNKntKN3fpASc3IfY2DfN2djjf_inwStHT.jpg	\n    \t\t          ,              	18  1957 	18  2016 	\N	      ( ): 05.10.2016	1
79	  	elect/2020/11/02/NihmxtLiiaP3db1N2PlscLewOxAHJv4g_5AprBRV.jpg	        0149 (   )	18  1969 	18  2016 	\N	      ( ): 05.10.2016	1
81	  	elect/2020/11/02/SZfUoiJvCrzqGKHWBMJWmHjdJDY6lWCO_o8wl8kw.jpg	        0043 (   )	29  1952 	18  2016 	\N	      ( ): 05.10.2016	1
82	  	elect/2020/11/02/voHniJ9yVb1ABUHGT10LpV6NNNkN5258_kH72OLd.jpg	\n    \t\t          ,              	9  1965 	18  2016 	\N	      ( ): 05.10.2016	1
83	  	elect/2020/11/02/ihmEN0GBhbfmRNNn5ZMGwVhKAHhHNyPS_6Ikc3H4.jpg	        ,      	9  1971 	18  2016 	\N	      ( ): 05.10.2016	1
110	  	elect/2020/11/02/nivAEuP7WbikAkCuq9uctSDj1SXxJ1AH.jpg	        0216 (  .-)	7  1946 	18  2016 	\N	       ( ): 05.10.2016	3
84	  	elect/2020/11/02/T16qZSAYRivCStsWvO9Vve04AKjSdHgj_8KKFls5.jpg	        ,      	3  1986 	18  2016 	\N	      ( ): 05.10.2016	1
111	  	elect/2020/11/02/ALZeqzco3RA0tQ5KeqfmmprzhP9kwDMX.jpg	\n    \t\t          ,               	12  1980 	18  2016 	\N	       ( ): 05.10.2016	3
117	  	elect/2020/11/02/GtlKpPhz8Xb4DrSMmQKubvymAAvVQIND.jpg	\n    \t\t          ,              	8  1963 	18  2016 	\N	      ( ): 05.10.2016	1
112	  	elect/2020/11/02/8E9N2TvNZ6PGsQUBiZAtFAkdebwAuUTG.jpg	\n    \t\t          ,               	10  1977 	18  2016 	\N	       ( ): 05.10.2016	3
115	  	elect/2020/11/02/fnpQgZzAUSA4WO4OaC9AwBBPTYwAe5Oz.jpg	        ,      	27  1966 	18  2016 	\N	      ( ): 05.10.2016	1
113	  	elect/2020/11/02/EwA9stWb3Enqrn6ROLdIP5UmQ3krpkRx.jpg	\n    \t\t          ,             	5  1945 	18  2016 	\N	     ( ): 05.10.2016	2
114	  	elect/2020/11/02/RNyEQf1XEOHkAPNA3ouE5RaUFs4JwYp3.jpg	        ,      	21  1974 	18  2016 	\N	      ( ): 05.10.2016	1
116	  	elect/2020/11/02/7xgBGAZvMBsXN2OYEARo1AREDtuqJA9B.jpg	        ,      	26  1963 	18  2016 	\N	      ( ): 05.10.2016	1
119	  	elect/2020/11/02/UayrH0K7v6WWUVI9FtS14K4SFpmfbHGG.jpg	        0191 (   )	1  1960 	18  2016 	\N	      ( ): 05.10.2016	1
118	  	elect/2020/11/02/yqEuzLLPmBlD5kaf2nXO1AbcLd4FmQxk.jpg	\n    \t\t          ,              	28  1977 	18  2016 	\N	      ( ): 05.10.2016	1
120	  	elect/2020/11/02/OC0EUYP1XlWmd4ew6EJAhOqaqme5en5d.jpg	\n    \t\t          ,              	8  1956 	18  2016 	\N	      ( ): 05.10.2016	1
121	  	elect/2020/11/02/WHSeRFtwJ6ccuePxfsMldhYXH7HaFAGC.jpg	\n    \t\t          ,              	21  1953 	18  2016 	\N	      ( ): 05.10.2016	1
122	  	elect/2020/11/02/QOVpoFNAxUMz0bR7f42hRlrvZJgLdf3j.jpg	        ,      	13  1954 	18  2016 	\N	      ( ): 05.10.2016	1
128	  	elect/2020/11/02/R4hLzRPvzOWGiCqYAfTyyY4SsnkoUvGf.jpg	        ,       	26  1944 	18  2016 	\N	       ( ): 05.10.2016	3
123	  	elect/2020/11/02/4jhkAndnEqI4h1BK2D9HhbpIlfH2kZXA.jpg	\n    \t\t          ,              	16  1958 	18  2016 	\N	      ( ): 05.10.2016	1
126	  	elect/2020/11/02/gQEhEydyga4Tzfu1V163eiRWO9TsiXzw.jpg	\n    \t\t          ,              	29  1980 	18  2016 	\N	      ( ): 05.10.2016	1
124	  	elect/2020/11/02/6HpdxVA3vqaNWsFjYisUFKqYSbw6QAM7.jpg	\n    \t\t          ,              	8  1968 	18  2016 	\N	      ( ): 05.10.2016	1
125	  	elect/2020/11/02/uOhwAX6qBJHV2DG4hcetZ6VcrLL7a5hr.jpg	        0017 (   )	14  1947 	18  2016 	\N	      ( ): 05.10.2016	1
127	  	elect/2020/11/02/drmhAX6kLXfQUW2PSAEDep2tppWmCgYC.jpg	        0224 (    )	26  1955 	18  2016 	\N	      ( ): 05.10.2016	1
130	  	elect/2020/11/02/m6o9ie4vYiQYCADyWs4AELfMfWNt4B4u.jpg	\n    \t\t          ,               	22  1977 	18  2016 	\N	       ( ): 05.10.2016	3
129	  	elect/2020/11/02/SwTrOboIBW2AB2sQ13ZIyAdJpIoJ9RwU.JPG	        ,       	10  1948 	18  2016 	\N	       ( ): 05.10.2016	3
131	  	elect/2020/11/02/kgJuEq4C8mlXujvueQ8b0LCKNqBAuOGQ.jpg	        ,       	12  1969 	18  2016 	\N	       ( ): 05.10.2016	3
132	  	elect/2020/11/02/Ha3RzSXiW29rQdAc2oVVXAXs4woXZZig.jpg	        ,       	6  1960 	18  2016 	\N	       ( ): 05.10.2016	3
133	  	elect/2020/11/02/FlxHZMPDhNE0620eMtItAFGZXn5xY7HA.jpg	\n    \t\t          ,               	4  1951 	18  2016 	\N	       ( ): 05.10.2016	3
134	  	elect/2020/11/02/Roj8J9uSFHcIaclWYEX79idBXAlSyJAD.jpg	        ,       	10  1953 	9  2018 	\N	       ( ): 09.09.2018	3
137	  	elect/2020/11/02/ptf3kXAnXxlc433QFMIXrtyMdI7O4r16.jpg	        ,      	8  1963 	18  2016 	\N	      ( ): 05.10.2016	1
135	  	elect/2020/11/02/uuA2cTUA1mhlV57D7xR7GHz8HL3u3jAG_pFw5fB9.jpg	\n    \t\t          ,             	21  1972 	18  2016 	\N	     ( ): 05.10.2016	2
136	  	elect/2020/11/02/tiI5eMPVbBOAofQeAURsJrjhMUcrqya3.jpg	\n    \t\t          ,              	27  1976 	18  2016 	\N	      ( ): 05.10.2016	1
138	  	elect/2020/11/02/4apTXYhL5iH0Fluwnf9ApWVW3dFCa2E3.jpg	        0141 (   )	1  1964 	18  2016 	\N	      ( ): 05.10.2016	1
140	  	elect/2020/11/02/8I6EnAaN1lbtVZiBemgGW3et0WXzg4Zx.JPG	       0040 (   )	7  1964 	18  2016 	\N	      ( ): 05.10.2016	1
139	  	elect/2020/11/02/jJqTFEmEAbdAG8Rg6X5twTJpdCRrTjZF.jpg	       0130 (   )	11  1978 	18  2016 	\N	      ( ): 05.10.2016	1
141	  	elect/2020/11/02/mGs1htzjH3pROYsyCE7JEJaPPviuqAvA.jpg	        0219 (   )	17  1969 	18  2016 	\N	      ( ): 05.10.2016	1
142	  	elect/2020/11/02/NfqPzU0qNhHuYjiP6YUkWyBg1hVpxSLz.jpg	        ,      	22  1982 	18  2016 	\N	      ( ): 05.10.2016	1
143	  	elect/2020/11/02/0zlqUFtWzqLVMJAodltsZuXttMGmEZgr.jpg	\n    \t\t          ,              	18  1980 	18  2016 	\N	      ( ): 05.10.2016	1
150	  	elect/2020/11/02/lGO9w4DxRqaw7ptOnStnLrLPPTATLezc.jpg	        0111 (   )	7  1966 	18  2016 	\N	      ( ): 05.10.2016	1
144	  	elect/2020/11/02/z0N9P28CRDzwadqUTUqXae7oje7SF5lS.jpg	\n    \t\t          ,              	15  1961 	18  2016 	\N	      ( ): 05.10.2016	1
148	  	elect/2020/11/02/UaiqrxCJIlKJUCCeWA3VyAACFqzW0cge.jpg	\n    \t\t          ,              	29  1959 	18  2016 	\N	      ( ): 05.10.2016	1
145	  	elect/2020/11/02/RUv3M6zykHCrg1D4UMAUI7A7o67MYjUA.jpg	\n    \t\t          ,              	26  1961 	18  2016 	\N	      ( ): 05.10.2016	1
146	  	elect/2020/11/02/xog2RsXR1xuuCxW4hKCNk5hhxs1C2zMJ.jpg	       0222 (-  -   - )	11  1961 	18  2016 	\N	      ( ): 05.10.2016	1
147	  	elect/2020/11/02/Z831KAtrww7sDTlhbEm7WNZNVS5vyYCv.jpg	        0120 (   )	21  1951 	18  2016 	\N	      ( ): 05.10.2016	1
149	  	elect/2020/11/02/EElTdLY23fXssKaQDZAIMHGb0vkfzoeX.jpg	       0162 (   )	31  1958 	18  2016 	\N	      ( ): 05.10.2016	1
154	  	elect/2020/11/02/Vl23CR4yACgfrS1KSNzDB9CUxBSVnu8u.jpg	        0200 (  .)	22  1987 	18  2016 	\N	       ( ): 05.10.2016	3
151	  	elect/2020/11/02/8uEB52MtIaFkY9OB3Jp4DAzKkicsQVIE.jpg	\n    \t\t          ,               	26  1947 	18  2016 	\N	       ( ): 05.10.2016	3
152	  	elect/2020/11/02/X8CMg9et2XD5wZ8pCMnpjLD0n193U7cM.jpg	        ,       	8  1948 	18  2016 	\N	       ( ): 05.10.2016	3
153	  	elect/2020/11/02/akEk9yXmZOaCmeIkQeevGO0rIkVmtPN3.jpg	        ,       	14  1955 	18  2016 	\N	       ( ): 05.10.2016	3
157	  	elect/2020/11/02/XGRslKKpPVXMLCKFA276bzJAHZhKVHTf.jpg	        0198 (  .)	23  1943 	18  2016 	\N	     ( ): 05.10.2016	2
155	  	elect/2020/11/02/Pa4HnUTrmQ0FyDlopjxuiYTOlQwbIGDB.jpg	\n    \t\t          ,               	22  1942 	18  2016 	\N	       ( ): 05.10.2016	3
156	  	elect/2020/11/02/FNqbVjUEUEA1YVQIUmkN7kcLnFs1z5VK.jpg	\n    \t\t          ,             	22  1955 	18  2016 	\N	     ( ): 05.10.2016	2
158	  	elect/2020/11/02/SdV6LRtI5ZD2i50uWA8gd7Uxd7Z0JXg3.JPG	\n    \t\t          ,             	2  1960 	18  2016 	\N	     ( ): 05.10.2016	2
159	  	elect/2020/11/02/Ub3foyOiOFXtcXZ6NoRYKuIhaCT5DKQm.JPG	       0050 (   )	7  1958 	18  2016 	\N	      ( ): 05.10.2016	1
160	  	elect/2020/11/02/yQaAvCS0IuZfuRl81q60r0sp8wANardF.jpg	\n    \t\t          ,              	22  1972 	18  2016 	\N	      ( ): 05.10.2016	1
161	  	elect/2020/11/02/EGYHxxJT4AR5oG50L6uKFRx1qZAVG3A2.JPG	        0026 (   )	1  1950 	18  2016 	\N	      ( ): 05.10.2016	1
162	  	elect/2020/11/02/npyIzdnOZA2aInrdVNgmAliuo5kJc2Wd.jpg	        0054 (   )	24  1965 	18  2016 	\N	      ( ): 05.10.2016	1
163	  	elect/2020/11/02/APzSSzw7N0MeA2sIWcPu7uEuGnAVbBGe.jpg	        0075 (   )	15  1957 	18  2016 	\N	      ( ): 05.10.2016	1
164	  	elect/2020/11/02/KTpC0bwOypKFYkxh7tu22SRwH396KDgd.jpg	        0185 (   )	7  1950 	18  2016 	\N	      ( ): 05.10.2016	1
170	  	elect/2020/11/02/6yaRZtdAUi4XMtva4TmHibkqFbMI0DWE.jpg	        ,      	2  1970 	18  2016 	\N	      ( ): 05.10.2016	1
165	  	elect/2020/11/02/Kzu8EAH8A4RRWLBYPlEQ8YKSwi1RLjlc.jpg	\n    \t\t          ,              	10  1947 	18  2016 	\N	      ( ): 05.10.2016	1
168	  	elect/2020/11/02/TAYVAkSvwfPwi8hzX1wOf7ZoCA1tA51x.jpg	        ,      	5  1956 	18  2016 	\N	      ( ): 05.10.2016	1
166	  	elect/2020/11/02/q3z3SCzQl1PlvCvO3VmbdCIhLTqCer1h.JPG	        ,      	21  1983 	11  2017 	\N	      ( ): 17.10.2017	1
167	  	elect/2020/11/02/CdWnRnAm3E31BwDjGAj4l68zRIt8qq93.jpg	        0008 (   )	26  1973 	18  2016 	\N	      ( ): 05.10.2016	1
169	  	elect/2020/11/02/G6zkGOAEfuucX1iPWrA2I77kpu80qXL6.jpg	       0182 (   )	21  1956 	18  2016 	\N	      ( ): 05.10.2016	1
172	  	elect/2020/11/02/NTrepMAHsuLCWB9tan4IppcSAXpt06sP.jpg	\n    \t\t          ,               	22  1947 	18  2016 	\N	       ( ): 05.10.2016	3
171	  	elect/2020/11/02/lkbjjAr86ZXqIQ5UMFSWgTJrfhujaqq3.jpg	       0212 (  .-)	4  1976 	18  2016 	\N	      ( ): 05.10.2016	1
173	  	elect/2020/11/02/vwABAtTCQbbU7NZVBCXf7w1WwsYGu8qu.jpg	        ,       	3  1961 	30  2017 	\N	       ( ): 04.07.2017	3
209	  	elect/2020/11/02/wKdgGs1ChUBZyMCa3vE1o3tLZ0LxEhaX.jpg	        0190 (   )	18  1981 	18  2016 	\N	      ( ): 05.10.2016	1
174	  	elect/2020/11/02/B4TnLGMUPDNowLAZvlWfVZAMtbqQgSxY.jpg	\n    \t\t          ,               	31  1950 	18  2016 	\N	       ( ): 05.10.2016	3
175	  	elect/2020/11/02/eNYcnxP9QzUC2zPaNAEGvbQvwoScOI7C.JPG	\n    \t\t          ,               	19  1947 	18  2016 	\N	       ( ): 05.10.2016	3
176	  	elect/2020/11/02/7Un7DAfjYScDUua8MLUGM44qyzmeWcAs.jpg	        ,       	17  1957 	18  2016 	\N	       ( ): 05.10.2016	3
178	  	elect/2020/11/02/2kuXK81xgpWeatrJ89sP84HAqUbfcbRt.jpg	        0150 (   )	9  1962 	18  2016 	\N	     ( ): 05.10.2016	2
177	  	elect/2020/11/02/QIfBAm1AfdJ8wYywW0Mlz5OKv78NBo8B.jpg	        0140 (   )	10  1952 	18  2016 	\N	       ( ): 05.10.2016	3
182	  	elect/2020/11/02/vE5qWlkY65AeMcra0JwkOwVYoRrelmWF.jpg	\n    \t\t          ,              	13  1966 	18  2016 	\N	      ( ): 05.10.2016	1
179	  	elect/2020/11/02/t4U19mPlLtXjY8uXLwpChTnp2KgfllX6.jpg	       0024 (    ())	30  1955 	18  2016 	\N	     ( ): 05.10.2016	2
181	  	elect/2020/11/02/eFKA6Ak25m7p4bHyRLZowslnEW2W2H30.JPG	        0160 (   )	4  1949 	18  2016 	\N	      ( ): 05.10.2016	1
180	  	elect/2020/11/02/cc8AT6y09Kb58Fwhc85YXK6774ZRRv9a.jpeg	        ,      	9  1956 	18  2016 	\N	      ( ): 05.10.2016	1
183	  	elect/2020/11/02/SnANHMi1ob1GnQlz52G4nM2WWU5IFU4g.jpg	         0124 (   )	20  1958 	18  2016 	\N	      ( ): 05.10.2016	1
184	  	elect/2020/11/02/AAP5NxIAvOaxGGZVhLkVCjZjPWEw54oA.JPG	        0116 (   )	25  1974 	18  2016 	\N	      ( ): 05.10.2016	1
210	  	elect/2020/11/02/xbQkcU6e4xWqUTP7yuAaJLlUtwGmrqd3.jpg	        0042 (   )	11  1955 	18  2016 	\N	      ( ): 05.10.2016	1
211	  	elect/2020/11/02/xuztpI5gfpn3MebHgAeonLUdp0kjX0b5.jpg		27  1971 	25  2018 	\N	      ( ): 25.09.2018	1
185	  	elect/2020/11/02/SqgueE47pLyGRdRUcbViqh3ARfZzHo4W.jpg	\n    \t\t          ,              	20  1955 	18  2016 	\N	      ( ): 05.10.2016	1
192	  	elect/2020/11/02/vNOQxfsq0zYVlALvyOqHgdacSQQl4YyE.jpg	        ,      	19  1977 	18  2016 	\N	      ( ): 05.10.2016	1
186	  	elect/2020/11/02/cMhs2IkQa7FrKImpc1KoILblAFHQSuRF.JPG	        0014 (-  - )	6  1967 	18  2016 	\N	      ( ): 05.10.2016	1
190	  	elect/2020/11/02/VmMAK69745cPInGHt1MQpiZwSGKShHI1.JPG	       0048 (   )	27  1960 	18  2016 	\N	      ( ): 05.10.2016	1
187	  	elect/2020/11/02/QQWrvi85v8jNK3exfktKZT6AbOYAJajP.jpg	        0005 (   )	26  1961 	18  2016 	\N	      ( ): 05.10.2016	1
188	  	elect/2020/11/02/G3oAEEu84ByV6EgSry1qxZcOgHZOe0AO.jpg	        0152 (   )	6  1950 	18  2016 	\N	      ( ): 05.10.2016	1
189	  	elect/2020/11/02/aQhlJiK9Cg60Rm1ltRoJynAXViY9JhNP.jpg	         0057 (   )	9  1951 	18  2016 	\N	      ( ): 05.10.2016	1
191	  	elect/2020/11/02/VK385Ja38BP9YNpvTVRHVeHGpxr5JurH.jpg	       0118 (   )	12  1949 	18  2016 	\N	      ( ): 05.10.2016	1
194	  	elect/2020/11/02/7cPKKOg6r7aEmgTIjDK75kcnvyclUy6m.jpg	       0164 (   )	5  1965 	18  2016 	\N	      ( ): 05.10.2016	1
193	  	elect/2020/11/02/ECnHRWQ9luPF7LO5K8AZiDf4c9f8v07A.jpg	        0015 (   )	20  1982 	18  2016 	\N	      ( ): 05.10.2016	1
195	  	elect/2020/11/02/Og6xEOhWdyGcmqwj7KEecbvwdCAwExHq.jpg	\n    \t\t          ,              	14  1960 	18  2016 	\N	      ( ): 05.10.2016	1
196	  	elect/2020/11/02/i74IADub44D6vru8oco0bnAAYHPVgVAL.jpg	        ,      	13  1958 	18  2016 	\N	      ( ): 05.10.2016	1
197	  	elect/2020/11/02/cXlu74DKfW0cOxoi6GmAGdM7WrPCOZLh.jpg	        ,       	30  1946 	18  2016 	\N	       ( ): 05.10.2016	3
201	  	elect/2020/11/02/Ja4rwstBdl6ET9AnZgpphAyg03pKvAzd.jpg	         0037 (    - )	28  1957 	18  2016 	\N	     ( ): 05.10.2016	2
198	  	elect/2020/11/02/4zfMYu0pb56wm1jtKFilzOhk3bSHg2tB.jpg	\n    \t\t          ,             	12  1960 	18  2016 	\N	     ( ): 05.10.2016	2
199	  	elect/2020/11/02/2LZ0HUR91t4RF1w9V5hWkOoUvrpugdtl.jpg	       0214 (-  .-)	29  1948 	18  2016 	\N	     ( ): 05.10.2016	2
205	  	elect/2020/11/02/mSy1MfgEz22UQbMvTrUG0aAA0nszzdD2.jpg	        ,      	11  1985 	18  2016 	\N	      ( ): 05.10.2016	1
200	  	elect/2020/11/02/eB3YvVspcISIq0yAco1hmqk5JBfAev7F.jpg	\n    \t\t          ,             	7  1962 	18  2016 	\N	     ( ): 05.10.2016	2
204	  	elect/2020/11/02/V5IIgYCGSijIko4hhHRmy3DzcWUAhDue.jpg	        ,      	21  1964 	18  2016 	\N	      ( ): 05.10.2016	1
202	  	elect/2020/11/02/znCPRJgeSHcmPGQy5F33No1fgA7b0aA8.jpg	\n    \t\t          ,              	1  1957 	18  2016 	\N	      ( ): 05.10.2016	1
203	  -	elect/2020/11/02/roMCHZ5FJcqSUfgalIAvgNbg8Ki3noZh.jpg	        0032 (   )	9  1981 	18  2016 	\N	      ( ): 05.10.2016	1
206	  	elect/2020/11/02/wWnHRT31eMQbIirJEKloH2kga1DVJudg.JPG	\n    \t\t          ,              	23  1951 	18  2016 	\N	      ( ): 05.10.2016	1
207	  	elect/2020/11/02/ZlxhQHMJolIADsxFe9Z9CmcZY0X92UMN.jpg	       0103 (   )	31  1982 	18  2016 	\N	      ( ): 05.10.2016	1
208	  	elect/2020/11/02/dWCuhem8e5OR4BckOaMj7Ntc1LZdj2yB.JPG	        ,      	12  1955 	18  2016 	\N	      ( ): 05.10.2016	1
212	  	elect/2020/11/02/Shs4OtemXgAnhHnTlQhtqshnINei8d9J.jpg	        ,      	5  1960 	18  2016 	\N	      ( ): 05.10.2016	1
213	  	elect/2020/11/02/Z7sKghwUBwelyX5AVzef321pfmvMEzJH.jpg	        ,      	21  1936 	18  2016 	\N	      ( ): 05.10.2016	1
216	  	elect/2020/11/02/t0Am9XUf51LGtwiOjwTkHrVqugR5LAEa.jpg	\n    \t\t          ,              	20  1967 	18  2016 	\N	      ( ): 05.10.2016	1
214	  	elect/2020/11/02/5tIPNLDv38LqUAfmGFi9Znx25w7SIhst.jpg	        ,      	21  1948 	18  2016 	\N	      ( ): 05.10.2016	1
215	  	elect/2020/11/02/yk0MZJDgOoc3llHxCg6PS4gFbdCSsSWz.jpg	        ,      	26  1961 	18  2016 	\N	      ( ): 05.10.2016	1
220	  	elect/2020/11/02/t0VvzPiALnJ5glHi0kBUA95Kc2P6FDlW.jpg	\n    \t\t          ,               	19  1969 	18  2016 	\N	       ( ): 05.10.2016	3
217	  	elect/2020/11/02/jwPOPA0FiCYJpdTIx0B3FIWDXc6A15JH.jpg	        0119 (   )	22  1976 	18  2016 	\N	      ( ): 05.10.2016	1
219	  	elect/2020/11/02/Gdt096B1FGLANvA63ml8Pv7F5JqyxA7F.jpg	        0067 (   )	30  1968 	18  2016 	\N	      ( ): 05.10.2016	1
218	  	elect/2020/11/02/xjkWBrpeu6FMQa665xmXSiBzm737YRu9.jpg	        0133 (   )	3  1969 	18  2016 	\N	      ( ): 05.10.2016	1
221	  	elect/2020/11/02/Z174ZFhqC0WUARgp8nlMqV3FwESXvZdA.jpg	        ,       	27  1966 	18  2016 	\N	       ( ): 05.10.2016	3
222	  	elect/2020/11/02/kq0RXqwzYU7j5TSPynS7U75FKAmGQf24.jpg	\n    \t\t          ,               	7  1963 	18  2016 	\N	       ( ): 05.10.2016	3
223	  	elect/2020/11/02/vKWv3ApF7kB5AsvAYsNEA8Px1ObZlrtC.jpg	\n    \t\t          ,               	12  1967 	18  2016 	\N	       ( ): 05.10.2016	3
227	  	elect/2020/11/02/2ms4j32fDn3QIwIOgsnshk82rhSFumrC.jpg	         0188 (   )	25  1952 	18  2016 	\N	      ( ): 05.10.2016	1
224	  	elect/2020/11/02/xQ1lkKTumD840KSZ8tHl5GYAARhqokQf.jpg	\n    \t\t          ,             	23  1962 	18  2016 	\N	     ( ): 05.10.2016	2
225	  	elect/2020/11/02/kASR2vu11ryJT8QKAuqCdgvzAhmANYCX.jpg	        ,      	27  1963 	18  2016 	\N	      ( ): 05.10.2016	1
226	  	elect/2020/11/02/AHXMVuoxGAAMEP7sagTZYu9YkbRAlI7A.jpg	        0144 (   )	28  1948 	18  2016 	\N	      ( ): 05.10.2016	1
230	  	elect/2020/11/02/zy8Sc0V7giFgwtv2rAOq3IIsryRZAeJj.jpg	        0210 (  .)	8  1965 	18  2016 	\N	      ( ): 05.10.2016	1
228	  	elect/2020/11/02/nPnWA7Kt5zBzht3nU4OY12z1IK5YzYpj.JPG	        0033 (   )	5  1972 	18  2016 	\N	      ( ): 05.10.2016	1
229	  	elect/2020/11/02/ZUJ1ayjrVS8wjSVdQRuZizGA5IhPEEZw.jpg	        ,      	19  1949 	18  2016 	\N	      ( ): 05.10.2016	1
231	  	elect/2020/11/02/QsVe2ArzbkQWo7wjAzSXm6LEYFr7AENj.jpg	        ,      	24  1954 	18  2016 	\N	      ( ): 05.10.2016	1
232	  	elect/2020/11/02/B6VHowUn4AbAkZMr8A2KwQca5x2u4bqA.JPG	\n    \t\t          ,              	24  1964 	30  2017 	\N	      ( ): 04.07.2017	1
233	  	elect/2020/11/02/AM4AzqsZOxU06ss2i7Y1ZmpJdelIVSSm.jpg	        0010 (   )	25  1965 	18  2016 	\N	      ( ): 05.10.2016	1
234	  	elect/2020/11/02/HaHKOHxoY6adFrDnfSGeCNCOyqJezYO0.jpg	        0168 (   )	14  1972 	18  2016 	\N	      ( ): 05.10.2016	1
235	  	elect/2020/11/02/94tvLlQz5ALyfZC3GLEPlMm5Sae8ifix.jpg	\n    \t\t          ,              	10  1953 	1  2017 	\N	      ( ): 03.03.2017	1
236	  	elect/2020/11/02/WAocRo5gTOsqQP5wbGndut5J8Oi1V1Y2.jpg	       0159 (   )	18  1953 	18  2016 	\N	      ( ): 05.10.2016	1
242	  	elect/2020/11/02/NO8giO72c9ARou0Q5aVBK3jKhiCTwAgA.jpg	        0122 (   )	10  1963 	18  2016 	\N	      ( ): 05.10.2016	1
237	  	elect/2020/11/02/Nqg48Ozqvy3kRPy9Af93HwGL5i3iHKD2.jpg	        0088 (   )	16  1964 	18  2016 	\N	      ( ): 05.10.2016	1
240	  	elect/2020/11/02/lezdZLgZebK2jrn0zsVxwZXZ1DtAc9Wx.jpg	\n    \t\t          ,              	29  1971 	18  2016 	\N	      ( ): 05.10.2016	1
238	  	elect/2020/11/02/MZ8ZhjHglrRrAem5YTRnuO1VgN5GRySk.jpg	        0205 (  .)	3  1967 	18  2016 	\N	      ( ): 05.10.2016	1
239	  	elect/2020/11/02/bdwQXrIValTRQGGrA5zdkuQ1AXAvo3mr.jpg	        0013 (   )	10  1956 	18  2016 	\N	      ( ): 05.10.2016	1
241	  	elect/2020/11/02/fISMyx9bTw86AhoBEme9u07GiTLmSDQa.jpg	        0123 (-   )	10  1951 	18  2016 	\N	      ( ): 05.10.2016	1
244	  	elect/2020/11/02/4eO0aS40g0xxEAOAHr6tcSIAyCx1P18b.jpg	        0203 (-  .)	5  1958 	18  2016 	\N	      ( ): 05.10.2016	1
243	  	elect/2020/11/02/5jszzagDIcSwRhh97WSKyHNgRjD9IzBR.jpg	\n    \t\t          ,              	3  1979 	18  2016 	\N	      ( ): 05.10.2016	1
245	  	elect/2020/11/02/kkpzWlPiVZdG1YgX9ce79h2Q4GU4IZ3u.JPG	       0084 (   )	20  1972 	18  2016 	\N	      ( ): 05.10.2016	1
246	  	elect/2020/11/02/2iZcUJ8mwgvbBi1t5vEpm6zFiOQOmqEV.jpg	        ,       	22  1976 	18  2016 	\N	       ( ): 05.10.2016	3
247	  	elect/2020/11/02/0ZdiGniaeTjQmmXg2qcY4czseLiLM6xV.JPG	        ,      	1  1984 	18  2016 	\N	      ( ): 05.10.2016	1
251	  	elect/2020/11/02/pZkJGZpnNMx7vqqVXbrnjTyXLjo6oY85.jpg	\n    \t\t          ,             	7  1954 	18  2016 	\N	     ( ): 05.10.2016	2
248	  	elect/2020/11/02/W0UauzZvlk59u5NpC84Gn2va8IDzArcx.jpg	        ,       	1  1956 	18  2016 	\N	       ( ): 05.10.2016	3
249	  	elect/2020/11/02/QMgAKneLE5MAAdu0YtYj7Kz4YVRWCuFd.jpg	        0003 (   )	4  1951 	18  2016 	\N	      ( ): 05.10.2016	1
250	  	elect/2020/11/02/RMlXzjOi76ZY6jmT4dECoSUCEncnDtko.jpg	       0078 (   )	6  1966 	18  2016 	\N	      ( ): 05.10.2016	1
254	  	elect/2020/11/02/4AO27cizy74hxxlDinDHmmAz46F0WSNJ.JPG	        0166 (   )	28  1954 	18  2016 	\N	      ( ): 05.10.2016	1
252	  	elect/2020/11/02/4fERylcQKM9YQPtDlENetWFu2adrrMAJ.JPG	         0066 (   )	9  1959 	18  2016 	\N	      ( ): 05.10.2016	1
253	  	elect/2020/11/02/d9VQpMddOEX3aWzAAW20La7k3JAHR9QA.jpg	        0154 (   )	13  1970 	18  2016 	\N	      ( ): 05.10.2016	1
255	  	elect/2020/11/02/nr1yRvm1D9Mg9Q2lO3NF6HV4lXknAoaL.jpg	        ,      	19  1957 	18  2016 	\N	      ( ): 05.10.2016	1
256	  	elect/2020/11/02/bt360pT9c9J1Cc48wJzBK5JGAboiqsCC.JPG	        0004 (   )	15  1959 	18  2016 	\N	      ( ): 05.10.2016	1
257	  	elect/2020/11/02/zEkI4yyOSO6wAO2yQcUEBPR9PQTAFlhV.jpg	        ,      	27  1980 	1  2017 	\N	      ( ): 20.10.2017	1
258	  	elect/2020/11/02/t4PN90503cMXkFAg95GfFFoZtYBayrg2.jpg	        0046 (   )	3  1948 	18  2016 	\N	      ( ): 05.10.2016	1
259	  	elect/2020/11/02/FaztPaTbT6r9VDfcmU4ac9GYoEd4ilhI.jpg	       0022 (    )	9  1972 	18  2016 	\N	       ( ): 05.10.2016	3
263	  	elect/2020/11/02/5DjaOrHHmZvQPApJSyRrxMrgjZ78KEXc.jpg	        ,      	1  1950 	18  2016 	\N	      ( ): 05.10.2016	1
260	  	elect/2020/11/02/f0WQApD43YPAqMVARUWhifEZ4NymA0RJ.jpg	\n    \t\t          ,               	25  1965 	18  2016 	\N	       ( ): 05.10.2016	3
261	  	elect/2020/11/02/0FlzPTfg3uHcjA5J6yTOA02g064RLAy1.jpg	       0204 (  .)	30  1970 	18  2016 	\N	      ( ): 05.10.2016	1
262	  	elect/2020/11/02/NIm9OSMcVuAXMV9JyVeksFIn3DmtAKmI.jpg	        0016 (-  - )	20  1977 	18  2016 	\N	      ( ): 05.10.2016	1
266	  	elect/2020/11/02/pJFJQiRm5iZ6jES6yzHDQe5sqBWenLfJ.JPG	        0126 (   )	13  1951 	18  2016 	\N	      ( ): 05.10.2016	1
264	  	elect/2020/11/02/byGoBCtkIHMZ4ADMdPvvNdgFR2dooMkn.jpg	        0207 (  .)	16  1964 	18  2016 	\N	      ( ): 05.10.2016	1
265	  	elect/2020/11/02/i9WUWHTfKbI3VJCNsMAcji4oIwOeiANI.jpg	        ,      	7  1972 	18  2016 	\N	      ( ): 05.10.2016	1
267	  	elect/2020/11/02/zj5As2042Hml7tuVuyaccuFQVpwYJKef.jpg	       0196 (  .)	12  1952 	18  2016 	\N	      ( ): 05.10.2016	1
268	  	elect/2020/11/02/LjDP1yzEGOAVYqzmNAnMWeGQBMFhu2Fh.jpg	        0156 (   )	27  1967 	18  2016 	\N	      ( ): 05.10.2016	1
269	  	elect/2020/11/02/IIRAALrCb0Q1hPLzNwD8x1IDUAFXsPAl.jpg	        0112 (   )	3  1962 	10  2017 	\N	      ( ): 29.09.2017	1
270	  	elect/2020/11/02/GnvuBoEc3VuHdGB1YMwDEEx2xQ2AApnP.jpg	        0065 (   )	5  1955 	18  2016 	\N	      ( ): 05.10.2016	1
510	  	elect/2020/11/04/EetnUOfEoxQflNQEO6CRmeq8uFwPQQk3_VpIxmWS.jpg	   ()     	21  1967 	8  2020 	 2022 		\N
271	  	elect/2020/11/02/S9aQv4mcNA22036iYJG3f8WIEZtnrW8Y.jpeg	        ,      	5  1973 	18  2016 	\N	      ( ): 05.10.2016	1
275	  	elect/2020/11/02/Q8gxAlekJiwfAqq4EO0OyZlL8tP4e7Bn.jpg	        0100 (   )	17  1952 	18  2016 	\N	      ( ): 05.10.2016	1
272	  	elect/2020/11/02/tfa3T2n5snhjZwgsBBYmt7t1e5XFd6Qm.jpg	        0176 (   )	10  1958 	18  2016 	\N	      ( ): 05.10.2016	1
273	  	elect/2020/11/02/5xjOE7SKj3cmbL7xrhcA4DpwNeFnV6r4.jpg	\n    \t\t          ,              	25  1959 	18  2016 	\N	      ( ): 05.10.2016	1
274	  	elect/2020/11/02/0LtJ6WlMiMAtmvNrZycAx4ZXJT0CrCxN.jpg	        0192 (   )	12  1961 	18  2016 	\N	      ( ): 05.10.2016	1
278	  	elect/2020/11/02/8dzq6Jdb9cAD9gIyiTpAtHeSMQAUIaf5.JPG	        0029 (-    ())	22  1968 	18  2016 	\N	      ( ): 05.10.2016	1
276	  	elect/2020/11/02/x1cRgpDbxKAFNkvq4uD6Rz7tZuBczup0.jpg	\n    \t\t          ,              	12  1970 	18  2016 	\N	      ( ): 05.10.2016	1
277	  	elect/2020/11/02/Lx2DHAJYFuB8L98TX6AWhthIiya6td57.jpg	        0107 (   )	19  1971 	18  2016 	\N	      ( ): 05.10.2016	1
279	  	elect/2020/11/02/pAkOWp1AsSeXk1ACYAGb32y7MjqaIxAj.JPG	        0139 (   )	23  1952 	18  2016 	\N	      ( ): 05.10.2016	1
280	  	elect/2020/11/02/qAbOIBJ0n7GKjORAKhzq5ALeKnPj9ojF.jpg	        0148 (   )	5  1973 	18  2016 	\N	      ( ): 05.10.2016	1
281	  	elect/2020/11/02/A62qu1yL6lSn5AMR6LsK1MazM2vzFm4B.jpg	\n    \t\t          ,              	1  1953 	18  2016 	\N	      ( ): 05.10.2016	1
282	  	elect/2020/11/02/uKtsIEDbvDEDTXSskSjXq1euuwp1YKay.jpg	        0064 (   )	21  1962 	18  2016 	\N	      ( ): 05.10.2016	1
511	  	elect/2020/11/04/gjpiNgP7Sjif71jc848tX24QBQiVtA1N.jpg	   ()     	18  1956 	29  2016 	 2021 		\N
283	  	elect/2020/11/02/4mIHliDLq62VhISYppVn9S7YtRo3m1e6.jpg	         0179 (   )	16  1961 	18  2016 	\N	      ( ): 05.10.2016	1
284	  	elect/2020/11/02/yoYp1tqdpZJAbTfsBDxART0KxgmJX1zj.jpg	        ,      	1  1969 	18  2016 	\N	      ( ): 05.10.2016	1
287	  	elect/2020/11/02/7mZAlcHB1ntsevnad5xXoS9AAj6HPwwj.jpg	        0027 (    ())	3  1962 	18  2016 	\N	      ( ): 05.10.2016	1
285	  	elect/2020/11/02/PkZWPX4DMXxAs83kffoRiPIoK8zjHCSo.JPG	        ,      	12  1971 	18  2016 	\N	      ( ): 05.10.2016	1
286	  	elect/2020/11/02/1ospNZA2OCyQPHV1yekqmS8NAViFIGX0.jpg	\n    \t\t          ,              	21  1958 	18  2016 	\N	      ( ): 05.10.2016	1
291	  	elect/2020/11/02/NPT8EyKr3AnoUlDEugn8pUvZDtGPhGEd.JPG	        0011 (   )	26  1965 	18  2016 	\N	      ( ): 05.10.2016	1
288	  	elect/2020/11/02/AJfkoDs9Amfca84d5CTH8PhlMAAGLMWD.jpg	        0083 (   )	30  1961 	18  2016 	\N	      ( ): 05.10.2016	1
290	  	elect/2020/11/02/a4BJVq0tL77AJd7DM0mfGhFT6WAAQ3Tm.jpg	\n    \t\t          ,              	7  1970 	6  2016 	\N	      ( ): 30.12.2016	1
289	  	elect/2020/11/02/h0asbi0UrRO0crfZ5vBBZD5ODkgtdQQB.jpg	\n    \t\t          ,              	6  1967 	18  2016 	\N	      ( ): 05.10.2016	1
292	  	elect/2020/11/02/mWUFX7esdwMHKSwhoqkwN7iNuJIPDQ8V.jpg	        ,      	25  1939 	18  2016 	\N	      ( ): 05.10.2016	1
293	  	elect/2020/11/02/4ARwtFJdxMKGFboToJxxEOb6oQOw7I2A.jpg	\n    \t\t          ,              	7  1958 	18  2016 	\N	      ( ): 05.10.2016	1
294	  	elect/2020/11/02/auSsAm7BmT9LAgpVCwKsOonriZrsGv7S.JPG	       0049 (   )	9  1948 	18  2016 	\N	      ( ): 05.10.2016	1
295	  	elect/2020/11/02/iyA6GqBXVGFB0dpfxE471i4gKpqpz98U.jpg	       0047 (   )	27  1977 	18  2016 	\N	      ( ): 05.10.2016	1
299	  	elect/2020/11/02/PoD73UqHVAnXTdfkbCDhL8AoE968aMKw.JPG	       0155 (   )	11  1954 	18  2016 	\N	      ( ): 05.10.2016	1
296	  	elect/2020/11/02/udOe1zMMw5AW9HOC13SZIEfMnS330ym4.jpg	        0102 (   )	5  1977 	18  2016 	\N	      ( ): 05.10.2016	1
297	  	elect/2020/11/02/cSUAyE0AQnJfImCzJoiUtDwVTjinlwvZ.jpg	\n    \t\t          ,              	14  1970 	18  2016 	\N	      ( ): 05.10.2016	1
298	  	elect/2020/11/02/gOHXZWzphr8lSAJzOvaFsRTwQdJMzXpW.jpg	       0094 (   )	10  1963 	18  2016 	\N	      ( ): 05.10.2016	1
302	  	elect/2020/11/02/n18MT0MPf1MyhtaAPtzPxOK85733U46e.jpg	        0215 (-  .-)	26  1955 	18  2016 	\N	      ( ): 05.10.2016	1
300	  	elect/2020/11/02/crQAnn1HqubP5LgBW1uMkqYwNmvKq8Pu.jpg	\n    \t\t          ,              	19  1946 	18  2016 	\N	      ( ): 05.10.2016	1
301	  	elect/2020/11/02/Au1HrpwkNNGynHDDEbjUZNwHi6yXBXTH.jpg	        0128 (   )	9  1966 	18  2016 	\N	      ( ): 05.10.2016	1
303	  	elect/2020/11/02/KuoPaANR4CEVLvlvi1Irr4jjoXTJIjiS.JPG	\n    \t\t          ,              	20  1963 	18  2016 	\N	      ( ): 05.10.2016	1
304	  	elect/2020/11/02/g2ATaYmWpEMOAbmI6MAxnmEwyQqeElsh.jpg	       0035 (   )	13  1942 	18  2016 	\N	      ( ): 05.10.2016	1
305	  	elect/2020/11/02/Nq4aTXcQRPcjcXnAsHIkgJCQPgdf8UnS.JPG	        0052 (   )	30  1948 	18  2016 	\N	       ( ): 05.10.2016	3
306	  	elect/2020/11/02/WfPM1yhimvbybx5XcVQIIVcIis5astfR.jpg	\n    \t\t          ,              	17  1957 	18  2016 	\N	      ( ): 05.10.2016	1
512	  	elect/2020/11/04/XtOArF8HpsGFyeTiSW8tLNA1vttQxMrj.jpg	       	16  1978 	27  2018 	 2023 		\N
307	  	elect/2020/11/02/Y1Ud9AAVYffqJ6II38WSAy9yaDADQ3Mz.jpg	        0146 (   )	11  1963 	18  2016 	\N	      ( ): 05.10.2016	1
311	  	elect/2020/11/02/M48djtU0kLBLUbuewyQObmAmojFApr8q.jpg	\n    \t\t          ,              	24  1961 	18  2016 	\N	      ( ): 05.10.2016	1
308	  	elect/2020/11/02/QJre9scKivt1AqEwPol6I5W2LqrE98qh.jpg	        0201 (  .)	29  1948 	18  2016 	\N	      ( ): 05.10.2016	1
309	  	elect/2020/11/02/nWlmDfkshqPf8MmTiEsAEA2k4iQpojDr.jpg	\n    \t\t          ,              	19  1942 	18  2016 	\N	      ( ): 05.10.2016	1
315	  	elect/2020/11/02/bRRiGKiJZockvAUPkH56fGN6ilooTghP.jpg	       0044 (   )	20  1981 	18  2016 	\N	     -   ( ): 05.10.2016	4
310	  	elect/2020/11/02/veFJ2neHUf0lsIzygeWcCzMadrVAJd36.jpg	        ,      	22  1954 	18  2016 	\N	      ( ): 05.10.2016	1
314	  	elect/2020/11/02/M2ap5aY5GZKSUibi8eu98NHsQh4enhcw.jpg	        ,     - -  	21  1977 	18  2016 	\N	     -   ( ): 05.10.2016	4
312	  	elect/2020/11/02/E4NvXzvBkWHsNctypKLSE0HA2sgW7YAF.jpg	       0151 (   )	20  1972 	18  2016 	\N	      ( ): 05.10.2016	1
313	  	elect/2020/11/02/CTavsfLGMyHQVaVRBPkm2BF1nne0cWDZ.jpg	        0209 (  .)	5  1971 	18  2016 	\N	      ( ): 05.10.2016	1
316	  	elect/2020/11/02/M6J5FsAXylpDHJE7P3s2eaKm1jKhIgoI.jpg	        ,     - -  	30  1981 	18  2016 	\N	     -   ( ): 05.10.2016	4
318	  	elect/2020/11/02/b2Ga0KspwVjAJTeDSguAMlhzvSkA03Ii.jpg	        ,     - -  	10  1978 	18  2016 	\N	     -   ( ): 05.10.2016	4
319	  	elect/2020/11/02/tC8lCy9zolufIMLLcZj6493Yz73PZYP0_gpLEOmi.JPG	        0089 (   )	30  1962 	18  2016 	\N	,     ( ): 05.10.2016	5
320	  	elect/2020/11/02/EA3VK55kSpF75WTvRkYAlOnUnoInnaz6.JPG	\n    \t\t          ,              	23  1971 	18  2016 	\N	      ( ): 05.10.2016	1
324	  	elect/2020/11/02/VypDouKA9htjfMJh4qpZJgb2cOVG2xlu.jpg	        0177 (   )	31  1969 	18  2016 	\N	      ( ): 05.10.2016	1
321	  	elect/2020/11/02/YnJZeAXenXx15KKB8yNw63iILRQHuk3p.jpg	        0090 (   )	30  1972 	18  2016 	\N	      ( ): 05.10.2016	1
322	  	elect/2020/11/02/SemPVa2ClJgtDYVgmQiAOUjXgPm7p337.jpg	       0115 (   )	21  1947 	18  2016 	\N	      ( ): 05.10.2016	1
323	  	elect/2020/11/02/WsNTmDF4lMzYwBYVPZevdA6qkJjqAz0K.jpg	        ,      	15  1957 	18  2016 	\N	      ( ): 05.10.2016	1
327	  	elect/2020/11/02/i6AXgcpFSn4TwxWZ2MeGXTHGokP7wKEH.jpg	        0020 (   )	20  1972 	18  2016 	\N	      ( ): 05.10.2016	1
325	  	elect/2020/11/02/eJCvCB1fP4wA9BPgAHSYAluCgQqyILYH.jpg	        0125 (-   )	6  1975 	18  2016 	\N	      ( ): 05.10.2016	1
326	  	elect/2020/11/02/a9eR7UaWdm2OE1RDKgzIfjhgNjcC058R.jpg	        0217 (-  .-)	3  1984 	18  2016 	\N	      ( ): 05.10.2016	1
328	  	elect/2020/11/02/mEIyFQMUJUqbalLtGkhFAxVjox0OgZ8e.jpg	        0211 (  .-)	13  1957 	18  2016 	\N	      ( ): 05.10.2016	1
329	  	elect/2020/11/02/pVY54K7QflyGHnLqC7BRKWJuSc7YmNfv.jpg	        ,      	6  1937 	18  2016 	\N	      ( ): 05.10.2016	1
330	  	elect/2020/11/02/ndMv8JwV2eQLCwKINSoAK4WGCWq7c7yi.jpg	        ,      	9  1961 	18  2016 	\N	      ( ): 05.10.2016	1
331	  	elect/2020/11/02/rYhlYg0DaghrrjehgAV6KrkeBA6ntWVA.jpg	       0068 (   )	10  1968 	18  2016 	\N	      ( ): 05.10.2016	1
513	  	elect/2020/11/04/AV9TiFP7MRi08GJsWMzjArG9VplJ4IhX.jpg	       	19  1968 	19  2019 	 2024 		\N
332	  	elect/2020/11/02/C9zJ99voAhqpont7xr3nGvUX9GJ7Dizh.jpg	       0036 (   )	25  1969 	18  2016 	\N	      ( ): 05.10.2016	1
338	  	elect/2020/11/02/79585gARwTx9J3ZrfPN1KVf9sB6asCWj.jpg	\n    \t\t          ,              	9  1967 	18  2016 	\N	      ( ): 05.10.2016	1
333	  	elect/2020/11/02/7J0NCVAcBAnXREBZW06Zp4Ke2uYvSpfy.jpg	\n    \t\t          ,              	31  1976 	18  2016 	\N	      ( ): 05.10.2016	1
336	  	elect/2020/11/02/UFwNuuX9STU00RY6CeYeBFcbaHUGAffp.jpg	        ,     - -  	22  1969 	18  2016 	\N	     -   ( ): 05.10.2016	4
334	  	elect/2020/11/02/4tGtXNm1APiZANn5SyNYHdpnMEFkSbqn.JPG	        ,     - -  	29  1984 	31  2017 	\N	     -   ( ): 08.06.2017	4
335	  	elect/2020/11/02/PUrzVlY0Rx12obR5SvQnzgGoum5MTcAR_gu81A3L.jpg	        ,     - -  	25  1946 	18  2016 	\N	     -   ( ): 05.10.2016	4
337	  	elect/2020/11/02/BJGQFG1qQWYByMmGnAzTr9vOEXHEhDtO.jpg	        0171 (   )	27  1978 	18  2016 	\N	      ( ): 05.10.2016	1
340	  	elect/2020/11/02/pb17e0YmA1bCdPIKJqpYS2VKllM9eNfe.jpg	       0104 (   )	15  1946 	18  2016 	\N	      ( ): 05.10.2016	1
339	  	elect/2020/11/02/pIWApe0VswPbsRH1lXOp8LfkVM3di5Yn.JPG	\n    \t\t          ,              	27  1954 	18  2016 	\N	      ( ): 05.10.2016	1
341	  	elect/2020/11/02/aJmVSk7SjHcWM6g0YPNVF8FGsUEkYMKD.jpg	        0189 (   )	2  1966 	18  2016 	\N	      ( ): 05.10.2016	1
342	  	elect/2020/11/02/sqOC15lI7VyplWv89eGa87HW1IJamToh.jpg		30  1964 	12  2018 	\N	      ( ): 12.07.2018	1
366	  	elect/2020/11/02/V5q5CWsQi9daeeCJ0qHAyxT70cYLRBEP.JPG	        0034 (   )	26  1953 	18  2016 	\N	      ( ): 05.10.2016	1
343	  	elect/2020/11/02/Lt00GyAZaqnHF1Oomr4dIp2017gM0bf5.JPG	\n    \t\t          ,              	22  1973 	18  2016 	\N	      ( ): 05.10.2016	1
344	  	elect/2020/11/02/ASvpI6xJjmHWpuVOgS331azh7fN4lts6.jpg	        ,      	29  1963 	18  2016 	\N	      ( ): 05.10.2016	1
345	  	elect/2020/11/02/CZf9Ef7kIgA6pn2ZOX4703IxnelRRMpZ.jpg	        ,      	9  1980 	18  2016 	\N	      ( ): 05.10.2016	1
348	  	elect/2020/11/02/eH8UyN9bJyYfs2izGpGvikKWwAGwE89q.jpg	       0041 (   )	5  1986 	18  2016 	\N	      ( ): 05.10.2016	1
346	  	elect/2020/11/02/Dwtum6XE76b6IzB0p4PLOuQvgJT4xwWz.jpg	        0085 (   )	8  1958 	18  2016 	\N	      ( ): 05.10.2016	1
347	  	elect/2020/11/02/LQbt3lVIVX3a2IYp52VtUs3Q3TQHSXJj.JPG	        0161 (   )	31  1980 	18  2016 	\N	      ( ): 05.10.2016	1
352	  	elect/2020/11/02/STUerNGAPHBTgTDWoUpBtMfgdyxGw0JR.jpg	         0069 (   )	16  1983 	18  2016 	\N	      ( ): 05.10.2016	1
349	  	elect/2020/11/02/eVkO6MhtN7bSWgnxAAMjpgSiOmF8LWIE.jpg	        0095 (   )	25  1976 	18  2016 	\N	      ( ): 05.10.2016	1
351	  	elect/2020/11/02/FT0QGieiimc2P9O5pMA7e57xGWyXlzif.jpg	       0218 (  .-)	23  1974 	18  2016 	\N	      ( ): 05.10.2016	1
350	  	elect/2020/11/02/u6M5WbLOA2OvxmoVlArwXlcHSvJOH0wY.jpg	       0186 (   )	4  1967 	18  2016 	\N	      ( ): 05.10.2016	1
353	  	elect/2020/11/02/tTCAoHd20ulqvh6433r7imHkTtmoIGLL.JPG	\n    \t\t          ,              	2  1959 	18  2016 	\N	      ( ): 05.10.2016	1
354	  	elect/2020/11/02/JwTCUXFIxACQKKyf0jw1AKqLIpG8bPiZ.jpg	        ,     - -  	26  1968 	18  2016 	\N	     -   ( ): 05.10.2016	4
355	  	elect/2020/11/02/TZCGJSZoN43jO1HwmDOyaus89WBjiBwX.jpg	        ,     - -  	24  1972 	18  2016 	\N	     -   ( ): 05.10.2016	4
356	  	elect/2020/11/02/rBLHtR6RofyycQaq1gaQBX8gzycZATTx.jpg	        ,     - -  	5  1969 	18  2016 	\N	     -   ( ): 05.10.2016	4
361	  	elect/2020/11/02/IZXTmqUxIPjAcPdcPwukAljynwbbA4AM.jpg	        0063 (   )	9  1966 	18  2016 	\N	      ( ): 05.10.2016	1
357	  	elect/2020/11/02/iTWBNbKNA8mXjzzOjQbl3WDu9ANiAfwW.jpg	        ,     - -  	9  1985 	18  2016 	\N	     -   ( ): 05.10.2016	4
359	  	elect/2020/11/02/z30AmCnaGWkUt5hZj3RhR3miolVlAOhF.JPG	        ,     - -  	17  1973 	18  2016 	\N	     -   ( ): 05.10.2016	4
358	  	elect/2020/11/02/W3jv1oOGAd62X9TOdKMNkDfnTcQyBjKf.jpg	        ,     - -  	5  1964 	18  2016 	\N	     -   ( ): 05.10.2016	4
360	  	elect/2020/11/02/M0Ir63uHTRgEZg9ZUbLcAGsfy0Gq2mPW.jpg	        0002 (   )	13  1963 	18  2016 	\N	      ( ): 05.10.2016	1
363	  	elect/2020/11/02/igA482XfuHeda9bdql8AztAg3Ovs450X.JPG	        ,      	31  1961 	18  2016 	\N	      ( ): 05.10.2016	1
362	  	elect/2020/11/02/sGMZCJbMIFeGVdpYTjYBUj09gAnO2QaO.JPG	        0073 (   )	3  1958 	18  2016 	\N	      ( ): 05.10.2016	1
364	  	elect/2020/11/02/tHxxRpFGiSDUGKy4WD0bF52PO6LltXgQ.jpg	        0087 (   )	16  1956 	18  2016 	\N	      ( ): 05.10.2016	1
365	  	elect/2020/11/02/6YBEji2yCoHgLJrwN1xJM8Gf05JR58Ss.jpg	       0018 (   )	10  1955 	18  2016 	\N	      ( ): 05.10.2016	1
514	  	elect/2020/11/04/abBj5NKPQYyTQl0SfhBg2EA7jPJ0G9aa.jpg	   ()       ()	10  1954 	25  2018 	 2023 		\N
522	  	elect/2020/11/04/pAnhRxQZ21hJjqhYAfWsLJI2HDEnVedP.jpg	       	8  1963 	21  2020 	 2025 		\N
367	  	elect/2020/11/02/diffLlmZVk0Baw5oajSXWesqA2OTezzt.JPG	        ,      	12  1961 	18  2016 	\N	      ( ): 05.10.2016	1
368	  	elect/2020/11/02/qZWMkhPcizo7Y9dAyYHFHu5jTJ1eXzzW.JPG	       0092 (   )	1  1952 	18  2016 	\N	      ( ): 05.10.2016	1
371	  	elect/2020/11/02/oYM5boZGHGqJoDc48xSURDaBqzeAQup0.jpg	\n    \t\t          ,              	17  1976 	18  2016 	\N	      ( ): 05.10.2016	1
369	  	elect/2020/11/02/6iIeIKxAVeiKOAxV6Z5HimzF5WS1wAlN.jpg	\n    \t\t          ,              	4  1966 	18  2016 	\N	      ( ): 05.10.2016	1
370	  	elect/2020/11/02/PfKrEjGs0as2iHjtqwdatMwMhiEiTXXC.JPG	\n    \t\t          ,              	3  1974 	18  2016 	\N	      ( ): 05.10.2016	1
372	  	elect/2020/11/02/sp15QCF9qpA64AkQqGV9VGrfb805hIxP.jpg	       0121 (   )	15  1950 	18  2016 	\N	      ( ): 05.10.2016	1
374	  	elect/2020/11/02/jy2cRhdtRLf9n8AAiArr77pi76cL65Ns.jpg	        ,      	7  1965 	18  2016 	\N	      ( ): 05.10.2016	1
373	  	elect/2020/11/02/a2ALZItG2wlrjPImtiL04kpHdAgAUBWU.JPG	        0074 (   )	26  1963 	18  2016 	\N	      ( ): 05.10.2016	1
375	  	elect/2020/11/02/aZ9bJW4KGoJe8VYHTyWeErA2zo5vTL0w.jpg	       0184 (   )	10  1966 	18  2016 	\N	      ( ): 05.10.2016	1
376	  	elect/2020/11/02/eE0yuoAqZmJ2EwNhXFpdx7v8y9wvfdhm.JPG	       0045 (   )	9  1965 	18  2016 	\N	      ( ): 05.10.2016	1
377	  	elect/2020/11/02/oCAFmxesyNUAhVynCioC1Npqiep7Oyov.jpg	\n    \t\t          ,              	5  1961 	18  2016 	\N	      ( ): 05.10.2016	1
378	  	elect/2020/11/02/rxfuHxjU6tFW51TlFKk6hSc2nj3M7RZf.jpg	        0135 (   )	27  1975 	18  2016 	\N	      ( ): 05.10.2016	1
379	  	elect/2020/11/02/msooHRVNyPKoFEEhgcD86r7G8V9Fa8Ac.JPG	        0082 (   )	5  1962 	18  2016 	\N	      ( ): 05.10.2016	1
385	  	elect/2020/11/02/3f6u0JxU8gfbcgiOTkxn1LAQ2mu5YcHA.jpg	       0127 (   )	31  1969 	18  2016 	\N	     -   ( ): 05.10.2016	4
380	  	elect/2020/11/02/gfE6ESKe9sSz0qxR8mrNTm55s9kC5xUK.jpg	        ,     - -  	4  1971 	18  2016 	\N	     -   ( ): 05.10.2016	4
383	  	elect/2020/11/02/bBET61AcAEG5c8Nk7jlFAW1XRFQCAc8l.jpg	        ,     - -  	4  1968 	18  2016 	\N	     -   ( ): 05.10.2016	4
381	  	elect/2020/11/02/OBEeCZf9KArTSCXVIFqC68PssIQD8G8i.jpg	        ,     - -  	25  1971 	18  2016 	\N	     -   ( ): 05.10.2016	4
382	  	elect/2020/11/02/Yd1J4wVHrjh4YGY55hqeywEFHbQYaSKa.jpg	        ,     - -  	27  1965 	18  2016 	\N	     -   ( ): 05.10.2016	4
384	  	elect/2020/11/02/Y4V238fiqxD4gRAgjLaTNmkkCe7jzuWm.jpg	         0077 (   )	26  1965 	10  2017 	\N	     -   ( ): 29.09.2017	4
387	  	elect/2020/11/02/9dwSOtJyO5380OK3e966JCGw0BPmsVwY.jpg	        ,     - -  	1  1963 	18  2016 	\N	     -   ( ): 05.10.2016	4
386	  	elect/2020/11/02/ICVLUV00wtbuTIvwJSjEgPuqEBoD8MtC.jpg	        ,     - -  	19  1966 	18  2016 	\N	     -   ( ): 05.10.2016	4
388	  	elect/2020/11/02/W9Bz5fw64rNb7HvFP9mT3pagSGzT9nVW.JPG	        0157 (   )	16  1966 	18  2016 	\N	      ( ): 05.10.2016	1
389	  	elect/2020/11/02/YDsQ6dZ65zLRk72R9syZvHutFtu39G5N.JPG	        ,      	26  1979 	18  2016 	\N	      ( ): 05.10.2016	1
390	  	elect/2020/11/02/SumaRKhiQA0AqUPN5laSVuTc6uLQaltf.jpg	       0221 (    )	11  1956 	18  2016 	\N	      ( ): 05.10.2016	1
394	  	elect/2020/11/02/11Bly8Z3R4IFRtfL084ApUW98BftsUnj.JPG	\n    \t\t          ,              	15  1956 	18  2016 	\N	      ( ): 05.10.2016	1
391	  	elect/2020/11/02/WoMkfr1BQHuGwFu09OOOVljSk58J4pPC.jpg	        ,      	2  1953 	18  2016 	\N	      ( ): 05.10.2016	1
392	  	elect/2020/11/02/qdL0A3qSYSwrflJlLaVwGA9753GA6AlD.jpg	        ,      	13  1975 	18  2016 	\N	      ( ): 05.10.2016	1
393	  	elect/2020/11/02/gWhrAXxprohLBlLwEaIlGrOAL9g6GoSH.JPG	        0138 (   )	15  1968 	18  2016 	\N	      ( ): 05.10.2016	1
397	  	elect/2020/11/02/Xjh1Mqnuvn0AHWcLy3PBsOqtgcnE7HPs.JPG	\n    \t\t          ,             	1  1961 	18  2016 	\N	     ( ): 05.10.2016	2
395	  	elect/2020/11/02/Sgb3ngIBvHpIqCycKdh5drMPftHS0pJ3.jpg	         0105 (   )	16  1964 	18  2016 	\N	      ( ): 05.10.2016	1
396	  	elect/2020/11/02/75adSkvkYSEI1wtlrTsfLJlaYeKRiAgw.JPG	       0019 (   )	3  1981 	18  2016 	\N	      ( ): 05.10.2016	1
398	  	elect/2020/11/02/qp5kWsj9pcIqvsWdpZFARA2HUT0bdBd7.jpg	        ,      	1  1964 	18  2016 	\N	      ( ): 05.10.2016	1
399	  	elect/2020/11/02/N5REWpjPCGyPW22fE2JTmMqNCjALhB6Y.jpg	        ,       	11  1949 	18  2016 	\N	       ( ): 05.10.2016	3
400	  	elect/2020/11/02/7oiYMax5gsEmMcwb2iIOczVLg92QtGAt.jpg	\n    \t\t          ,              	30  1976 	18  2016 	\N	      ( ): 05.10.2016	1
436	  	elect/2020/11/02/gD4GhjcICgN66JJ8fBkxe0ZtxAgAbkfv.jpg	       0223 (  -   - )	15  1952 	18  2016 	\N	      ( ): 05.10.2016	1
401	  	elect/2020/11/02/gBsTiTYmfPerlPjArrJsJq1zqPojzfA0.jpg	\n    \t\t          ,              	25  1959 	18  2016 	\N	      ( ): 05.10.2016	1
402	  	elect/2020/11/02/q4AcdhS7hXiJGwJAS0sQ1w9n0Az8ddbQ.jpg	        0202 (  .)	5  1968 	18  2016 	\N	      ( ): 05.10.2016	1
408	  	elect/2020/11/02/LYPgIykPYuQ4wXaHheeUml6Oio0BNbYP.JPG	        0101 (   )	16  1962 	18  2016 	\N	      ( ): 05.10.2016	1
403	  	elect/2020/11/02/9OwUBTVSLla6eAHns9sAM6IXBV8Id5NO.JPG	\n    \t\t          ,              	26  1950 	18  2016 	\N	      ( ): 05.10.2016	1
406	  	elect/2020/11/02/aF3S0ngpHAwrmAw2OhbbbCGaoyleqhZz.jpg	        0113 (   )	19  1965 	18  2016 	\N	      ( ): 05.10.2016	1
404	  	elect/2020/11/02/ghGbJduaeCrABVf3VpVMudktv4MSkDpy.JPG	         0076 (   )	30  1966 	18  2016 	\N	      ( ): 05.10.2016	1
405	  	elect/2020/11/02/afWf8POSRjgxALVAejAi0iOqwRmn5DH2.JPG	        0109 (   )	4  1962 	18  2016 	\N	      ( ): 05.10.2016	1
407	  	elect/2020/11/02/Fl6esCsNAjpUtEcs6fXxcLwhAbarKDJX.jpg	        0056 (   )	20  1961 	18  2016 	\N	      ( ): 05.10.2016	1
410	  	elect/2020/11/02/5hJt5HLJdreMQ3wsF97DELFBdrryjGln.jpg	        0172 (   )	24  1967 	18  2016 	\N	      ( ): 05.10.2016	1
409	  	elect/2020/11/02/SPdPzW6xB1kajHFhX8m6C9pauEVzZMqH.JPG	       0114 (   )	8  1945 	18  2016 	\N	      ( ): 05.10.2016	1
411	  	elect/2020/11/02/BSjkWSfANVXhByh95U5548PBVlKASp19.jpg	         0061 (   )	4  1973 	18  2016 	\N	      ( ): 05.10.2016	1
412	  	elect/2020/11/02/D1EEYP0A9d0DclP7Rd8r8bstPQFgCpYL.jpg	        0170 (   )	30  1967 	18  2016 	\N	      ( ): 05.10.2016	1
413	  	elect/2020/11/02/NI8T5F6VeXH4xDHB4fxA4y0Bi25cZgYG.jpg	       0136 (   )	29  1975 	18  2016 	\N	      ( ): 05.10.2016	1
414	  	elect/2020/11/02/V8OUMXrzkAJkC3fI36lVdbhDuCA8zASO.JPG	\n    \t\t          ,              	9  1980 	18  2016 	\N	      ( ): 05.10.2016	1
421	  	elect/2020/11/02/bTquCyfSIXumXoDZ2853IfFcj5351ggc.JPG	        ,     - -  	26  1969 	18  2016 	\N	     -   ( ): 05.10.2016	4
415	  	elect/2020/11/02/1DRglSxNi9D2Rw0vl0Dgb3CWKr3Uk3cp.JPG	        0193 (   )	11  1968 	18  2016 	\N	      ( ): 05.10.2016	1
418	  	elect/2020/11/02/32TKHzAFN3zxTe291pB5J4oLMUEiQiZj.jpg	        ,     - -  	1  1986 	18  2016 	\N	     -   ( ): 05.10.2016	4
416	  	elect/2020/11/02/GcQBK7cYV5coCP2NdwAQzaxz0rSllBW0.JPG	\n    \t\t          ,              	10  1970 	18  2016 	\N	      ( ): 05.10.2016	1
417	  	elect/2020/11/02/zspKkAbpaYLSxfAdD0jhKq1AIEHatERa.jpg	        ,     - -  	3  1967 	18  2016 	\N	     -   ( ): 05.10.2016	4
420	  	elect/2020/11/02/zdkEdLjLXjKXXWymiVvkkgIoyWimzuqN.JPG	        ,     - -  	20  1982 	18  2016 	\N	     -   ( ): 05.10.2016	4
419	  	elect/2020/11/02/oApeweK1xAC3NyIcafDycSAkAe1xLcbR.jpg	        ,     - -  	28  1972 	18  2016 	\N	     -   ( ): 05.10.2016	4
422	  	elect/2020/11/02/AqzPUEkp20kbwKijbdXmUA4H4A1goQec.jpg	        ,     - -  	12  1978 	18  2016 	\N	     -   ( ): 05.10.2016	4
423	  	elect/2020/11/02/UaZOdmM5hbd5ENUiAQM0CYwZXl1AIoRR.jpg	        ,     - -  	17  1976 	18  2016 	\N	     -   ( ): 05.10.2016	4
517	  	elect/2020/11/04/YYkvRP0ZBQQNiL04eIKheGZw83MofWaa.jpg	       	29  1958 	21  2017 	 2022 		\N
518	  	elect/2020/11/04/hCFCUncaRWb3FAq1MADoWActC9zFWGPP.jpg	        	5  1952 	14  2020 	 2025 		\N
424	  	elect/2020/11/02/VYOpN1m4j8RZAdrn8s6wuYWyCzqk5mjV.JPG	        ,     - -  	4  1971 	18  2016 	\N	     -   ( ): 05.10.2016	4
428	  	elect/2020/11/02/GZf86miaVTlSPQQQbA3ip2pOJ4KtVb9I.jpg	        0208 (  .)	18  1946 	18  2016 	\N	      ( ): 05.10.2016	1
425	  	elect/2020/11/02/nz3hwPS4Fg6IZdQpVd2A3nAvgrK7eBIt.JPG	        0012 (   )	11  1956 	18  2016 	\N	      ( ): 05.10.2016	1
426	  	elect/2020/11/02/IJQFHqf1d4ipQpq3cNvJ3ARypCtqpVw4.JPG	\n    \t\t          ,              	26  1959 	18  2016 	\N	      ( ): 05.10.2016	1
427	  	elect/2020/11/02/F6QuL4Kl8PARAGDpGesZNCylDSn5xAMI.jpg	       0051 (   )	10  1948 	18  2016 	\N	      ( ): 05.10.2016	1
431	  	elect/2020/11/02/CpzNCA3XHDWD7AjAeQfwjHnJfTAYHgPD.JPG	        0062 (   )	16  1964 	18  2016 	\N	      ( ): 05.10.2016	1
429	  	elect/2020/11/02/ri0IrAsv3YRNczC0Qri2LL7bdQlEt6oM.jpg	        0097 (   )	14  1962 	18  2016 	\N	      ( ): 05.10.2016	1
430	  	elect/2020/11/02/7cNN8WauCtfAn53igjveqn7yloViw9UT.JPG	        0009 (   )	28  1971 	18  2016 	\N	      ( ): 05.10.2016	1
432	  	elect/2020/11/02/w1QV2TNegNpy40jTQkn4x2I9l4ftPzTw.jpg	        ,      	14  1961 	18  2016 	\N	      ( ): 05.10.2016	1
433	  	elect/2020/11/02/XxdjFFDir5UbZmJTkSA8vyo6AvYAzraL.jpg	\n    \t\t          ,              	20  1953 	18  2016 	\N	      ( ): 05.10.2016	1
434	  	elect/2020/11/02/eYq9AuVUtbnTNkGhz7Nw1vOxbxLoOfSF.jpg	\n    \t\t          ,              	11  1969 	18  2016 	\N	      ( ): 05.10.2016	1
435	  	elect/2020/11/02/cA9OyNp5kpS31VFTpmawRklk6cQiiH3W.JPG	       0059 (   )	28  1973 	18  2016 	\N	      ( ): 05.10.2016	1
437	  	elect/2020/11/02/24UxrncMNFKqucZZf87Qvh69UAA6gwV2.jpg	\n    \t\t          ,              	20  1954 	18  2016 	\N	      ( ): 05.10.2016	1
438	  	elect/2020/11/02/7pAWk3uIyMOnoYiP1fI5id1zTsY9viDM.JPG	        0178 (   )	29  1978 	18  2016 	\N	      ( ): 05.10.2016	1
444	  	elect/2020/11/02/R1AAWiHDPlkJTIg2yiP9wPccXElHzNaR.JPG	        0213 (  .-)	17  1972 	18  2016 	\N	      ( ): 05.10.2016	1
439	  	elect/2020/11/02/SZSklPGjv2E8bQ9XeYstc3pgEddj0H8R.jpg	       0169 (-   )	23  1978 	18  2016 	\N	      ( ): 05.10.2016	1
442	  	elect/2020/11/02/jxiGFduSWG8LmAiw3499gHBWaU4bRYHV.JPG	\n    \t\t          ,              	24  1974 	18  2016 	\N	      ( ): 05.10.2016	1
440	  	elect/2020/11/02/GvuYDTA0UJU91eJ8lpJKAqpU6wxh56aF.jpg	        0058 (   )	20  1955 	18  2016 	\N	      ( ): 05.10.2016	1
441	  	elect/2020/11/02/905YCisS2R1KfCE0ax5RvYRjzlvZarGV.jpg	        0060 (   )	15  1971 	18  2016 	\N	      ( ): 05.10.2016	1
443	  	elect/2020/11/02/fWjVnWjYWPSOYHArcqgPomVGDky1QsSt.jpg	        0031 (    ())	27  1963 	18  2016 	\N	      ( ): 05.10.2016	1
446	  	elect/2020/11/02/KL0DnTjNUVuBsKzKMAhuiJf0YxTnhKUp.JPG	\n    \t\t          ,              	14  1957 	18  2016 	\N	      ( ): 05.10.2016	1
445	  	elect/2020/11/02/QBAxM8nNupVLUL4Eb8BrU4BDxJ05wALH.jpg	        0001 (    ())	17  1954 	18  2016 	\N	      ( ): 05.10.2016	1
447	  	elect/2020/11/02/cFJtRafOlMbwr2GlMYFFXhCRnHli2Cb7.JPG	        ,      	14  1970 	18  2016 	\N	      ( ): 05.10.2016	1
448	  	elect/2020/11/02/g9qQARKoiUhdU2CZSCcEL0ecAhK66qK3.JPG	        0220 (    )	7  1956 	18  2016 	\N	      ( ): 05.10.2016	1
449	  	elect/2020/11/02/bUcm2yU8Ur2dHdHlrGtOXyD9fOQkAJRA.jpg	\n    \t\t          ,              	11  1975 	18  2016 	\N	      ( ): 05.10.2016	1
453	  	elect/2020/11/02/ywlKbRQ4sUQDSIu3NloIQl2fQfQB28A3.jpg	        0038 (    - )	13  1966 	18  2016 	\N	      ( ): 05.10.2016	1
450	  	elect/2020/11/02/F7RGVrFG8yzSuTifeWyICQ3ECN31f2cZ.JPG	        0173 (   )	13  1959 	18  2016 	\N	      ( ): 05.10.2016	1
451	  	elect/2020/11/02/jYbhuUmbt1FLvTTOhyrxA84hvcPZ1vzR.jpg	       0167 (   )	4  1971 	18  2016 	\N	      ( ): 05.10.2016	1
452	  	elect/2020/11/02/ArprCraUAbsRGVDbOuO7TI9AsY6lRxAB.jpg	        0025 (-     - )	20  1979 	18  2016 	\N	      ( ): 05.10.2016	1
456	  	elect/2020/11/02/0DV08JW1w0nbJ14mPSD3Kn8aJzHvGciM.jpeg	        0080 (   )	28  1972 	18  2016 	\N	      ( ): 05.10.2016	1
454	  	elect/2020/11/02/xiSFAolx7AWvKFlr7jwQu494K44WUy0b.jpg	\n    \t\t          ,              	10  1954 	18  2016 	\N	      ( ): 05.10.2016	1
455	  	elect/2020/11/02/TCgSb6AJI7kN8vHYorvkAuh7Pk1yba75.jpg	        0153 (   )	25  1962 	18  2016 	\N	      ( ): 05.10.2016	1
458	  	elect/2020/11/02/WbWH7zdg9cFzAnvAaWueMJYiqdHgVAfo.jpg	       0079 (   )	11  1970 	18  2016 	\N	      ( ): 05.10.2016	1
457	  	elect/2020/11/02/h2MrQ6e5ZZBjlP503pPhlUe0Hj4QgFbf.JPG		26  1955 	25  2018 	\N	      ( ): 25.09.2018	1
459	  	elect/2020/11/02/Mi1kcMaLUHvqAAb8LsD1NexAtP1QMghC.JPG	\n    \t\t          ,              	18  1965 	18  2016 	\N	      ( ): 05.10.2016	1
460	  	elect/2020/11/02/ih0lZDRMyHoAoAQcEFzNmwKANhcPJUAK.jpg	\n    \t\t          ,              	21  1973 	18  2016 	\N	      ( ): 05.10.2016	1
519	  	elect/2020/11/04/jqRIHAzKXAAszPVVvPyRT6QxUcpNlypl.jpg	   ()     	13  1977 	19  2017 	 2022 		\N
461	  	elect/2020/11/02/mTyF8mBA5cheDC7AB1Xj9HlfPPPo4qZz.JPG	\n    \t\t          ,              	3  1963 	18  2016 	\N	      ( ): 05.10.2016	1
465	  	elect/2020/11/02/IE62n8ptXzE84eCTJpNHNzflgF7AAgjz.JPG	        0091 (   )	6  1957 	18  2016 	\N	      ( ): 05.10.2016	1
462	  	elect/2020/11/02/oZmeAJQwzR487Us6UYPwCRqRtIy5dVHn.jpg	\n    \t\t          ,              	5  1953 	18  2016 	\N	      ( ): 05.10.2016	1
463	  	elect/2020/11/02/L4OAybUXzsjjSvDxVkA22XVCWArSBbyH.jpg	         0039 (   )	9  1976 	18  2016 	\N	      ( ): 05.10.2016	1
464	  	elect/2020/11/02/RAnJo6Z4pziAYRNZzKNJqobBA5bJxbyf.jpg	        0108 (   )	9  1971 	18  2016 	\N	      ( ): 05.10.2016	1
468	  	elect/2020/11/02/KcAMq6rcakDHtvpwRTsMZAe6TFbNnzlA.JPG	        ,      	11  1963 	18  2016 	\N	      ( ): 05.10.2016	1
466	  	elect/2020/11/02/GSXbLJME9bTFyjJswovSm42CkWnWxrsJ.jpg	       0023 (   )	4  1940 	18  2016 	\N	      ( ): 05.10.2016	1
467	  	elect/2020/11/02/HG6TV7yP3AxsvwWirfMecz3xwmMziBmG.jpg	        0106 (-   )	14  1960 	18  2016 	\N	      ( ): 05.10.2016	1
471	  	elect/2020/11/02/FO1D5sgjucZwVYNACzV7eIniiZQrBZoS.jpg	        ,      	30  1982 	18  2016 	\N	      ( ): 05.10.2016	1
469	  	elect/2020/11/02/rN08qEDLgriRAVv6jCGAP1DVS87DYGA7.JPG	        0132 (   )	20  1963 	18  2016 	\N	      ( ): 05.10.2016	1
470	  	elect/2020/11/02/eHPg6zASRQ7q8XZ4JA1jkVCsSw9V2Tl6.jpg		7  1985 	27  2018 	\N	      ( ): 27.09.2018	1
472	  	elect/2020/11/02/sKBYkEB6faSKfemmmA4pMqoKFCq9UbXr.jpg	        0072 (   )	5  1972 	18  2016 	\N	      ( ): 05.10.2016	1
520	  	elect/2020/11/04/2GPmu4MUck0uAHz4bQmL9kEcMWHHwiGL.jpg	       	27  1975 	26  2014 	 2024 		\N
473	  	elect/2020/11/02/ASntd843ggxef4GvDvi2LAE06sYSdMhP.jpg	\n    \t\t          ,              	18  1965 	18  2016 	\N	      ( ): 05.10.2016	1
477	  	elect/2020/11/04/Pq3eXtomEAEtO0YnH2Zh4F3B7YIXIDmg.jpg		3  1985 	22  2020 	\N	     -   ( ): 22.05.2020	4
474	  	elect/2020/11/02/lVmlSyDk6NZGfsbZAzE2bAj7jSRelytp.jpg	\n    \t\t          ,              	14  1971 	18  2016 	\N	      ( ): 05.10.2016	1
475	  	elect/2020/11/02/yBEbRjQ4WmUaH1zxnHvM9Zzy8VBcEGmF.jpg	       0030 (    ())	22  1964 	18  2016 	\N	      ( ): 05.10.2016	1
480	  	elect/2020/11/04/u2Y6y1UY2t6Wd8VsiCihhvWgAi8L0ybC.jpg	        0181 (   )	30  1983 	18  2016 	\N	     -   ( ): 05.10.2016	4
476	  	elect/2020/11/04/d01qqTWY4td4Sdqu9tKeEHkE6vx0u3uD.jpg	\n    \t\t          ,             	6  1966 	18  2016 	\N	     ( ): 05.10.2016	2
478	  	elect/2020/11/04/aaxD9Cn2TzJPiIyADmSOPevFnbFz6TGw.JPG		3  1951 	19  2019 	\N	      ( ): 19.09.2019	1
479	  	elect/2020/11/04/9Cc9cJ6qlnGX5uCkvcMwMBBYVAA58Uxu.jpg	        ,     - -  	27  1995 	18  2016 	\N	     -   ( ): 05.10.2016	4
481	  	elect/2020/11/04/WPYegXMWDJp4OP79as0EjalFjB7LbbIQ.jpg		13  1988 	3  2019 	\N	     -   ( ): 03.10.2019	4
483	  	elect/2020/11/04/ej1p74BRMCLV48uElljNwmdAfv7qGwNY.jpg	\n    \t\t          ,               	25  1966 	5  2020 	\N	       ( ): 05.02.2020	3
482	  	elect/2020/11/04/l8Q9FBjLT203n5tI4OdZjWEXM1rjWeV4.jpg		15  1960 	23  2020 	\N	      ( ): 23.09.2020	1
484	  	elect/2020/11/04/6s6ZybVY19PzA6btHrArulAqoOM1ps6T.jpg	\n    \t\t          ,     -           	3  1951 	15  2020 	\N	     -   ( ): 15.10.2020	4
485	  	elect/2020/11/04/xAeh7VJmVTSJ4iAcppsbJcEIoAuWsF6t.jpg		7  1970 	23  2020 	\N	      ( ): 23.09.2020	1
486	  	elect/2020/11/04/MZnp1rQ7V5vlwgxYgGhxdjKp35IEmJo3.jpg		21  1959 	9  2018 	\N	     -   ( ): 09.09.2018	4
491	  	elect/2020/11/04/8sr4ztJas7IaJudOFBABNtAnATvyVebR.JPG	        ,     	14  1953 	18  2016 	\N	     ( ): 05.10.2016	2
487	  	elect/2020/11/04/wUirt8ytkuZPxARmk7hVdDjEvxhUkQAP.jpg	\n    \t\t          ,               	1  1973 	20  2020 	\N	       ( ): 20.10.2020	3
488	  	elect/2020/11/04/3QEa2twas55Muh8cTE7NjHCqxdyvmDbQ.jpg	        ,     - -  	26  1967 	18  2016 	\N	     -   ( ): 05.10.2016	4
494	  	elect/2020/11/04/BoQvBYIOlUFxitb4YYOqk2p1NoeibVwX.jpg	        ,      	28  1957 	18  2016 	\N	      ( ): 05.10.2016	1
489	  	elect/2020/11/04/0I60meYjrC89ArYQvnZQBzAihwV1bH1i.JPG		8  1973 	4  2019 	\N	     -   ( ): 04.04.2019	4
492	  	elect/2020/11/04/i6izGkDaBIAmZsAKSVUvfYAVIzVATigJ.jpg		29  1961 	5  2020 	\N	     ( ): 05.02.2020	2
490	  	elect/2020/11/04/kUwj7IvODXXAcHgvUFnkcn9HPpAwVGww.JPG		27  1967 	29  2018 	\N	      ( ): 29.11.2018	1
496	  	elect/2020/11/04/PZnGzKTt1ALz3AnCHqWGFwRRX0FRWjih.JPG		4  1966 	19  2019 	\N	      ( ): 19.09.2019	1
493	  	elect/2020/11/04/2MBfvAgkxjl4vQdlQF6PgEj0AoFXgHBv.jpg	        ,      	5  1953 	23  2020 	\N	      ( ): 23.09.2020	1
495	  	elect/2020/11/04/MKAYpxCNkiBeHl69N9T0AJea8Ejrylmo.JPG	       0175 (   )	21  1961 	18  2016 	\N	      ( ): 05.10.2016	1
498	  	elect/2020/11/04/utn8fw32jMMrVosLefx6GO53KAqzjr6O.jpg	        ,      	6  1964 	18  2016 	\N	      ( ): 05.10.2016	1
497	  	elect/2020/11/04/rbNa62TdazTFNYfG9K1Um3m2oykRSKpL.JPG		28  1985 	19  2019 	\N	     -   ( ): 19.09.2019	4
499	  	elect/2020/11/04/Nc97KflFriqRkW1TBhAVME8Nm2JrUIbX.jpg		5  1992 	31  2020 	\N	     -   ( ): 31.07.2020	4
500	  	elect/2020/11/04/h02c6fhY7FEvWJeP1g6VqZCfueUtxhFy.jpg		13  1970 	23  2020 	\N	     ( ): 23.09.2020	2
501	  	elect/2020/11/04/B9Oc1sOI9dAMoVwjaR9FZfwXWnTgG4cT.jpg	        ,      	2  1954 	18  2016 	\N	      ( ): 05.10.2016	1
502	  	elect/2020/11/04/g0Kk0cuqAdp7TuHkhAyhm0GWRDcd0O7w.jpg		17  1970 	23  2020 	\N	      ( ): 23.03.2020	1
503	  	elect/2020/11/04/04rgSH5XigFbgYeYuAu2oQ2SA80v4Cky.jpg	         158 ( )	26  1974 	9  2018 	\N	      ( ): 09.09.2018	1
504	  	elect/2020/11/04/yPl2iQGOZ5B5UDTFhw736tnXjhAH9Apn.JPG		21  1987 	19  2019 	\N	      ( ): 19.09.2019	1
505	  	elect/2020/11/04/OdF9AQW49lUJ5x0nRewuI97wL1SbPojp.jpg		15  1965 	25  2018 	\N	      ( ): 25.09.2018	1
523	  	elect/2020/11/04/EpCmL7cpFZXlJbl6KSpWERbIvf6AVzg0.jpg	       	4  1971 	8  2019 	 2024 		\N
529	  	elect/2020/11/04/C8jBPZrlQcuinI1AjORml5R6PjYHnW6V.jpg	       	23  1956 	25  2014 	 2023 		\N
524	  	elect/2020/11/04/siXkzOpXk6pHIhTgVUimVCQ6ABA135sH.jpg	       	10  1962 	27  2016 	 2024 		\N
525	  	elect/2020/11/04/UuN5qsNbULrTNyQnZvnUpDZc4FzNwBEy.jpg	   ()     	25  1979 	5  2019 	 2024 		\N
526	  	elect/2020/11/04/UCrHGN3n952pZTmNA0hyl3fFYLjF0rwP.jpg	   ()     	29  1949 	28  2017 	 2022 		\N
530	  	elect/2020/11/04/10AkJBWxuV0hOZ9xRnrsCuUMnpxVJmhA.jpg	       	7  1959 	19  2017 	 2022 		\N
527	  	elect/2020/11/04/B0kG1Yfjf9ZT2AHdTmi30rra7G0a0ZBu.jpg	   ()     	4  1955 	6  2016 	 2021 		\N
528	  	elect/2020/11/04/HbIgnAhpiG4qBWAcAxE9Quf90TKNVJLl.jpg	       	23  1955 	18  2020 	 2022 		\N
537	  	elect/2020/11/04/7Iyk1w8txeY85sAV91CEwIhxaB1nZyhm.jpg	   ()     	11  1969 	5  2016 	 2021 		\N
534	  	elect/2020/11/04/6o2odGC0gHJJYORjV64QOUoEv2wb2fnN.jpg	   ()     	2  1961 	12  2016 	 2021 		\N
531	  	elect/2020/11/04/DgzdAXT1lufHs6B75joPplRMBLHZ2yrW.jpg	        ()	15  1954 	28  2018 	 2023 		\N
532	  	elect/2020/11/04/RTQv2LqTZVT77J8XBeBAPJCHTYAFvYTy.jpg	   ()     	14  1954 	20  2018 	 2023 		\N
536	  	elect/2020/11/04/x8JXHvNAocyGMvPZba9vH8QOor7IM0Lb.jpg	   ()     	4  1965 	19  2018 	 2023 		\N
535	  	elect/2020/11/04/EIAxDpubA07CgM4yGxAEQIHRe6sF9TkU.jpg	        	18  1959 	22  2020 	 2025 		\N
538	  	elect/2020/11/04/4nN4CMg4DQe1yxtLJPuBSlF4FMoYHS6f.jpg	       	17  1965 	29  2011 	 2023 		\N
539	  	elect/2020/11/04/FR4tRq6Vb7nYPUdWO05AHAexj3PPAUFp.jpg	   ()     	2  1948 	27  2016 	 2021 		\N
567	  	elect/2020/11/04/kmLMqBgYb3QpxyoJya0pHaJc9AgpghX5.jpg	       	27  1956 	2  2020 	 2025 		\N
540	  	elect/2020/11/04/X3W1GegmW1tWJ9IDCuSee80YNJqfJGWd.JPG	   ()      	11  1958 	6  2016 	 2021 		\N
552	  	elect/2020/11/04/ztVJUHR6lx2TAcphaT1tQ82dNtmJ17aJ.jpg	       	23  1980 	23  2020 	 2025 		\N
541	  	elect/2020/11/04/MxZLMgA7ro8r5JJxt7JMAIWXxZMwU9No.jpg	   ()      	30  1963 	2  2018 	 2023 		\N
546	  	elect/2020/11/04/7Maj8XGz7ADh6cVFc1NnsdSm3U2ia23L.jpg	       	11  1948 	1  2018 	 2023 		\N
542	  	elect/2020/11/04/7MdgZeUXQdAYFa0f0K0y804VEw1JKrfO.jpg	       	20  1971 	11  2011 	 2021 		\N
543	  	elect/2020/11/04/Dm8KvB1EilEzL8zYy6m1QRhLMKTz9tbh.jpg	   ()     	27  1960 	1  2019 	 2024 		\N
550	  	elect/2020/11/04/cWe7gVK0IWyS5hSN651vCKZeugvb7HRP.jpg	        	26  1976 	14  2020 	 2025 		\N
544	  	elect/2020/11/04/7TkDnFZlGmtnYINUImaQLNeNsMKuz8Km.jpg	       	7  1960 	18  2017 	 2022 		\N
547	  	elect/2020/11/04/8vomejoPuAXikHGpguaK5wcmFyitbcpP.jpg	       	3  1947 	22  2014 	 2023 		\N
545	  	elect/2020/11/04/0u3kGNrjj579W3yJt39JR5DlGJNBu3fi.jpg	   ()     	5  1966 	9  2019 	 2024 		\N
548	  	elect/2020/11/04/yofaymoFziO5pWAaIGZF7NhDnJBYsJ13.jpg	       	24  1968 	28  2018 	 2021 		\N
549	  	elect/2020/11/04/loggD6wcopoV2AZBtg4Z5NvNqpkIISix.jpg	       	16  1972 	25  2014 	 2024 		\N
551	  	elect/2020/11/04/ZOqwAI8dtUDfAYNfCyBzYhYyVZepaNkv.jpg	   ()      	4  1951 	30  2016 	 2021 		\N
554	  	elect/2020/11/04/eGnIQfqpBjMlVzUE8gHrI2KJxdMo6POA.jpg	       	12  1968 	27  2019 	 2024 		\N
553	  	elect/2020/11/04/O2YCzK3EuZG45BsH0MDYeffqQEsp1vR7.jpg	   ()      	29  1952 	30  2016 	 2021 		\N
555	  	elect/2020/11/04/niRiG9GATAPd89fkkoAbNqmzsdK6AAvC.jpg	   ()     	1  1957 	2  2019 	 2024 		\N
556	  	elect/2020/11/04/6Gp8kjEezZNdsBCMAczt3uazLbti737J.jpg	       	19  1966 	23  2020 	 2025 		\N
557	  	elect/2020/11/04/Bea8FsVAAstId3yXBB1fvpYAJuuTgKtX.jpg	   ()     	29  1967 	3  2016 	 2021 		\N
558	  	elect/2020/11/04/BN7tZx8XDasuSAWzqtClzgtD6AbGtBAF.jpg	       	29  1959 	18  2013 	 2024 		\N
571	  	elect/2020/11/04/XKMin9N7pfuPaNJW0JnJxZGSV3QnWIUq.jpg	      -   - 	4  1973 	14  2015 	 2025 		\N
559	  	elect/2020/11/04/KCxFVCX2CNqChihTqlSiheFOEMFVNbJw.jpg	   ()     	29  1974 	27  2019 	 2023 		\N
564	  	elect/2020/11/04/zDexzGOUOz4yU5jxwTYIllL06wPqD9Bk.jpg	   ()     	26  1961 	4  2016 	 2021 		\N
560	  	elect/2020/11/04/5MTZauCz10AcJAdQxI2BqLZVRC5LBRpL.jpg	       	1  1976 	18  2011 	 2025 		\N
561	  	elect/2020/11/04/7ZAptt5DtAebgHMAridLUVrh0VjYrEfU.jpg	      -  	20  1967 	10  2018 	 2023 		\N
562	  	elect/2020/11/04/qeSAAWAkU6ObCYEQ0P8RTAxB9QAj99XY.jpg	   ()     	20  1966 	7  2016 	 2021 		\N
563	  	elect/2020/11/04/x8Wo7VL8YRHaHZpPYdHCUHWHXQvis9c4.jpg	   ()     	19  1952 	28  2020 	 2025 		\N
570	  	elect/2020/11/04/3WadPvJBEpd7Q1AmkubGlR8diAmEKt1z.jpg	   ()     -   - 	25  1954 	6  2016 	 2021 		\N
574	  	elect/2020/11/04/MtnA3AIfVzAN0RngXeHrJ8HxNECAri19.jpg	   ()     	31  1978 	5  2020 	 2025 		\N
572	  	elect/2020/11/04/lG5TeCKAGbUE2TT3TDGudu0nSoCfraxg.jpg	   ()     	10  1969 	22  2016 	 2021 		\N
573	  	elect/2020/11/04/NQWesROenRDUzqdWsa5yGL08wjIFyjOq.jpg	      - 	19  1962 	25  2019 	 2021 		\N
575	  	elect/2020/11/04/H0A64tydReSwRTEmUGRFqaF9EIkSAAHA.jpg	      - 	22  1957 	4  2019 	 2024 		\N
\.


--
-- Name: elect_elect_id_seq; Type: SEQUENCE SET; Schema: public; Owner: serg
--

SELECT pg_catalog.setval('public.elect_elect_id_seq', 575, true);


--
-- Data for Name: elect_elect_list; Type: TABLE DATA; Schema: public; Owner: serg
--

COPY public.elect_elect_list (id, elect_id, authoritylist_id) FROM stdin;
43	62	1
44	63	1
45	64	1
46	65	1
47	66	1
48	67	1
49	68	1
50	69	1
51	70	1
52	71	1
53	72	1
54	73	1
55	74	1
56	75	1
57	76	1
58	77	1
59	78	1
60	79	1
61	80	1
62	81	1
63	82	1
64	83	1
65	84	1
66	85	1
67	86	1
68	87	1
69	88	1
70	89	1
71	91	1
72	92	1
73	93	1
74	94	1
75	95	1
76	96	1
77	97	1
78	98	1
79	99	1
80	100	1
81	101	1
82	102	1
83	103	1
84	104	1
85	105	1
86	106	1
87	107	1
88	108	1
89	109	1
90	110	1
91	111	1
92	112	1
93	113	1
94	114	1
95	115	1
96	116	1
97	117	1
98	118	1
99	119	1
100	120	1
101	121	1
102	122	1
103	123	1
104	124	1
105	125	1
106	126	1
107	127	1
108	128	1
109	129	1
110	130	1
111	131	1
112	132	1
113	133	1
114	134	1
115	135	1
116	136	1
117	137	1
118	138	1
119	139	1
120	140	1
121	141	1
122	142	1
123	143	1
124	144	1
125	145	1
126	146	1
127	147	1
128	148	1
129	149	1
130	150	1
131	151	1
132	152	1
133	153	1
134	154	1
135	155	1
136	156	1
137	157	1
138	158	1
139	159	1
140	160	1
141	161	1
142	162	1
143	163	1
144	164	1
145	165	1
146	166	1
147	167	1
148	168	1
149	169	1
150	170	1
151	171	1
152	172	1
153	173	1
154	174	1
155	175	1
156	176	1
157	177	1
158	178	1
159	179	1
160	180	1
161	181	1
162	182	1
163	183	1
164	184	1
165	185	1
166	186	1
167	187	1
168	188	1
169	189	1
170	190	1
171	191	1
172	192	1
173	193	1
174	194	1
175	195	1
176	196	1
177	197	1
178	198	1
179	199	1
180	200	1
181	201	1
182	202	1
183	203	1
184	204	1
185	205	1
186	206	1
187	207	1
188	208	1
189	209	1
190	210	1
191	211	1
192	212	1
193	213	1
194	214	1
195	215	1
196	216	1
197	217	1
198	218	1
199	219	1
200	220	1
201	221	1
202	222	1
203	223	1
204	224	1
205	225	1
206	226	1
207	227	1
208	228	1
209	229	1
210	230	1
211	231	1
212	232	1
213	233	1
214	234	1
215	235	1
216	236	1
217	237	1
218	238	1
219	239	1
220	240	1
221	241	1
222	242	1
223	243	1
224	244	1
225	245	1
226	246	1
227	247	1
228	248	1
229	249	1
230	250	1
231	251	1
232	252	1
233	253	1
234	254	1
235	255	1
236	256	1
237	257	1
238	258	1
239	259	1
240	260	1
241	261	1
242	262	1
243	263	1
244	264	1
245	265	1
246	266	1
247	267	1
248	268	1
249	269	1
250	270	1
251	271	1
252	272	1
253	273	1
254	274	1
255	275	1
256	276	1
257	277	1
258	278	1
259	279	1
260	280	1
261	281	1
262	282	1
263	283	1
264	284	1
265	285	1
266	286	1
267	287	1
268	288	1
269	289	1
270	290	1
271	291	1
272	292	1
273	293	1
274	294	1
275	295	1
276	296	1
277	297	1
278	298	1
279	299	1
280	300	1
281	301	1
282	302	1
283	303	1
284	304	1
285	305	1
286	306	1
287	307	1
288	308	1
289	309	1
290	310	1
291	311	1
292	312	1
293	313	1
294	314	1
295	315	1
296	316	1
297	318	1
298	319	1
299	320	1
300	321	1
301	322	1
302	323	1
303	324	1
304	325	1
305	326	1
306	327	1
307	328	1
308	329	1
309	330	1
310	331	1
311	332	1
312	333	1
313	334	1
314	335	1
315	336	1
316	337	1
317	338	1
318	339	1
319	340	1
320	341	1
321	342	1
322	343	1
323	344	1
324	345	1
325	346	1
326	347	1
327	348	1
328	349	1
329	350	1
330	351	1
331	352	1
332	353	1
333	354	1
334	355	1
335	356	1
336	357	1
337	358	1
338	359	1
339	360	1
340	361	1
341	362	1
342	363	1
343	364	1
344	365	1
345	366	1
346	367	1
347	368	1
348	369	1
349	370	1
350	371	1
351	372	1
352	373	1
353	374	1
354	375	1
355	376	1
356	377	1
357	378	1
358	379	1
359	380	1
360	381	1
361	382	1
362	383	1
363	384	1
364	385	1
365	386	1
366	387	1
367	388	1
368	389	1
369	390	1
370	391	1
371	392	1
372	393	1
373	394	1
374	395	1
375	396	1
376	397	1
377	398	1
378	399	1
379	400	1
380	401	1
381	402	1
382	403	1
383	404	1
384	405	1
385	406	1
386	407	1
387	408	1
388	409	1
389	410	1
390	411	1
391	412	1
392	413	1
393	414	1
394	415	1
395	416	1
396	417	1
397	418	1
398	419	1
399	420	1
400	421	1
401	422	1
402	423	1
403	424	1
404	425	1
405	426	1
406	427	1
407	428	1
408	429	1
409	430	1
410	431	1
411	432	1
412	433	1
413	434	1
414	435	1
415	436	1
416	437	1
417	438	1
418	439	1
419	440	1
420	441	1
421	442	1
422	443	1
423	444	1
424	445	1
425	446	1
426	447	1
427	448	1
428	449	1
429	450	1
430	451	1
431	452	1
432	453	1
433	454	1
434	455	1
435	456	1
436	457	1
437	458	1
438	459	1
439	460	1
440	461	1
441	462	1
442	463	1
443	464	1
444	465	1
445	466	1
446	467	1
447	468	1
448	469	1
449	470	1
450	471	1
451	472	1
452	473	1
453	474	1
454	475	1
455	476	1
456	477	1
457	478	1
458	479	1
459	480	1
460	481	1
461	482	1
462	483	1
463	484	1
464	485	1
465	486	1
466	487	1
467	488	1
468	489	1
469	490	1
470	491	1
471	492	1
472	493	1
473	494	1
474	495	1
475	496	1
476	497	1
477	498	1
478	499	1
479	500	1
480	501	1
481	502	1
482	503	1
483	504	1
484	505	1
488	510	2
489	511	2
490	512	2
491	513	2
492	514	2
493	517	2
494	518	2
495	519	2
496	520	2
497	521	2
498	522	2
499	523	2
500	524	2
501	525	2
502	526	2
503	527	2
504	528	2
505	529	2
506	530	2
507	531	2
508	532	2
509	534	2
510	535	2
511	536	2
512	537	2
513	538	2
514	539	2
515	540	2
516	541	2
517	542	2
518	543	2
519	544	2
520	545	2
521	546	2
522	547	2
523	548	2
524	549	2
525	550	2
526	551	2
527	552	2
528	553	2
529	554	2
530	555	2
531	556	2
532	557	2
533	558	2
534	559	2
535	560	2
536	561	2
537	562	2
538	563	2
539	564	2
540	567	2
541	570	2
542	571	2
543	572	2
544	573	2
545	574	2
546	575	2
\.


--
-- Name: elect_elect_list_id_seq; Type: SEQUENCE SET; Schema: public; Owner: serg
--

SELECT pg_catalog.setval('public.elect_elect_list_id_seq', 546, true);


--
-- Data for Name: elect_elect_region; Type: TABLE DATA; Schema: public; Owner: serg
--

COPY public.elect_elect_region (id, elect_id, region_id) FROM stdin;
346	91	84
347	91	67
348	91	79
349	92	86
350	93	79
351	93	41
352	93	67
353	94	58
354	95	11
355	96	16
356	97	24
357	98	38
358	99	53
359	100	80
360	100	26
361	101	64
362	102	29
363	102	7
364	102	10
365	102	62
366	103	34
367	104	25
368	105	46
369	106	74
370	107	11
371	108	44
372	108	24
373	109	74
374	109	62
375	109	7
376	110	64
377	111	45
378	111	1
379	111	59
380	111	47
381	112	34
382	113	21
383	113	25
384	113	73
385	114	26
386	114	80
387	115	38
388	115	63
389	115	77
390	116	38
391	116	63
392	116	77
393	117	65
394	117	8
395	117	40
396	117	71
397	118	68
398	118	53
399	119	80
400	120	2
401	120	83
402	120	19
283	62	11
284	63	10
285	63	29
286	63	62
287	63	7
288	64	37
289	64	36
290	65	65
291	65	71
292	65	40
293	65	8
294	66	87
295	67	87
296	68	83
297	68	78
298	68	2
299	68	12
300	68	30
301	68	19
302	69	18
303	69	39
304	69	29
305	70	64
306	70	66
307	70	42
308	71	10
309	71	62
310	71	29
311	71	7
312	72	8
313	73	46
314	74	82
315	74	54
316	74	55
317	74	34
318	75	31
319	76	46
320	77	9
321	78	50
322	78	70
323	78	4
324	78	61
325	79	61
326	80	18
327	81	13
328	82	82
329	82	54
330	82	55
331	82	34
332	83	63
333	83	77
334	83	38
335	84	1
336	84	73
337	84	45
338	84	21
339	85	46
340	86	36
341	86	73
342	87	77
343	89	15
403	120	78
404	120	30
405	120	12
406	121	60
407	121	59
408	121	25
409	122	56
410	123	49
411	124	29
412	124	7
413	124	10
414	124	62
415	125	51
416	126	70
417	126	50
418	126	61
419	126	4
420	127	83
421	128	87
422	129	87
423	130	11
424	130	25
425	131	87
426	132	38
427	132	63
428	133	28
429	133	64
430	134	65
431	135	4
432	135	17
433	135	50
434	136	6
435	136	18
436	136	69
437	136	74
438	137	55
439	137	54
440	137	34
441	137	82
442	138	37
443	139	34
444	140	1
445	141	68
446	142	45
447	142	21
448	142	1
449	142	73
450	143	53
451	143	68
452	144	48
453	145	75
454	145	79
455	145	84
456	146	79
457	147	31
458	148	40
459	148	71
460	148	65
461	148	8
462	149	63
463	150	28
464	151	58
465	151	77
466	152	87
467	153	11
468	154	11
469	155	15
470	156	35
471	156	9
472	156	72
473	157	11
474	158	22
475	158	71
476	158	76
477	159	24
478	160	10
479	160	62
480	160	29
481	160	7
482	161	58
483	162	25
484	163	5
485	164	75
486	165	64
487	166	45
488	166	1
489	166	21
490	166	73
491	167	46
492	168	54
493	168	55
494	168	82
495	168	34
496	169	73
497	170	47
498	170	15
499	170	13
500	171	64
501	172	71
502	172	40
503	172	29
504	173	17
505	173	53
506	173	48
507	173	68
508	174	37
509	175	54
510	175	82
511	175	55
512	176	18
513	176	39
514	176	27
515	177	37
516	178	61
517	179	56
518	180	34
519	180	54
520	180	55
521	180	82
522	181	63
523	182	76
524	182	41
525	183	31
526	184	30
527	185	70
528	185	4
529	185	61
530	185	50
531	186	16
532	187	46
533	188	61
534	189	25
535	190	24
536	191	31
537	192	61
538	192	70
539	192	50
540	192	4
541	193	50
542	194	65
543	195	14
544	195	86
545	195	72
546	195	23
547	196	31
548	197	30
549	197	13
550	197	19
551	197	56
552	197	83
553	197	2
554	198	80
555	198	63
556	198	38
557	199	64
558	200	75
559	200	24
560	200	26
561	201	82
562	202	24
563	203	59
564	204	67
565	205	46
566	206	79
567	206	84
568	206	75
569	207	21
570	208	31
571	209	80
572	210	1
573	211	34
574	212	52
575	212	33
576	212	3
577	212	22
578	213	11
579	214	41
580	214	76
581	215	5
582	215	39
583	215	27
584	216	5
585	216	27
586	216	39
587	217	31
588	218	34
589	219	70
590	220	46
591	221	10
592	221	5
593	222	16
594	222	57
595	222	70
596	222	81
597	222	49
598	222	20
599	223	87
600	224	46
601	224	31
602	224	58
603	225	4
604	225	50
605	225	61
606	225	70
607	226	38
608	227	77
609	228	76
610	229	63
611	229	38
612	229	77
613	230	11
614	231	45
615	231	21
616	231	1
617	231	73
618	232	82
619	232	55
620	232	54
621	232	34
622	233	48
623	234	67
624	235	6
625	235	74
626	235	18
627	235	69
628	236	63
629	237	10
630	238	11
631	239	49
632	240	24
633	241	31
634	242	31
635	243	36
636	243	37
637	244	11
638	245	8
639	246	78
640	246	66
641	246	42
642	246	12
643	247	18
644	247	74
645	247	6
646	247	69
647	248	61
648	249	46
649	250	6
650	251	49
651	251	20
652	251	48
653	251	16
654	251	57
655	251	81
656	252	70
657	253	61
658	254	65
659	255	4
660	255	61
661	255	50
662	255	70
663	256	46
664	257	24
665	258	24
666	259	54
667	260	26
668	260	75
669	260	32
670	261	11
671	262	20
672	263	1
673	263	73
674	263	45
675	263	21
676	264	11
677	265	28
678	265	51
679	265	32
680	266	31
681	267	11
682	268	62
683	269	28
684	270	70
685	271	81
686	272	69
687	273	79
688	273	84
689	273	75
690	274	80
691	275	18
692	276	48
693	277	23
694	278	58
695	279	37
696	280	43
697	281	80
698	281	26
699	282	42
700	283	72
701	284	11
702	285	20
703	286	67
704	287	58
705	288	8
706	289	5
707	289	27
708	289	39
709	290	24
710	291	48
711	292	59
712	292	25
713	292	60
714	293	58
715	294	24
716	295	24
717	296	21
718	297	31
719	298	15
720	299	61
721	300	38
722	300	77
723	300	63
724	301	32
725	302	64
726	303	5
727	303	39
728	303	27
729	304	60
730	305	24
731	306	22
732	306	52
733	306	3
734	306	33
735	307	40
736	308	11
737	309	11
738	310	62
739	310	10
740	310	29
741	310	7
742	311	46
743	312	61
744	313	11
745	314	71
746	314	62
747	315	13
748	315	86
749	316	80
750	316	26
754	318	46
755	318	76
756	318	49
757	319	10
758	320	53
759	320	68
760	321	10
761	322	29
762	323	38
763	323	77
764	323	63
765	324	71
766	325	31
767	326	64
768	327	53
769	328	64
770	329	23
771	329	14
772	329	72
773	329	86
774	330	58
775	331	70
776	332	81
777	333	81
778	335	87
779	336	87
780	337	67
781	338	58
782	339	82
783	339	55
784	339	54
785	339	34
786	340	21
787	341	80
788	342	11
789	343	79
790	343	84
791	343	75
792	344	73
793	344	45
794	344	21
795	344	1
796	345	24
797	346	9
798	347	63
799	348	1
800	349	15
801	350	75
802	351	64
803	352	78
804	353	65
805	353	8
806	353	40
807	353	71
808	354	60
809	354	59
810	355	35
811	355	43
812	355	72
813	356	87
814	357	4
815	357	8
816	358	30
817	358	66
818	358	2
819	358	19
820	358	56
821	358	12
822	358	83
823	359	44
824	359	24
825	359	70
826	360	45
827	361	42
828	362	3
829	363	48
830	364	10
831	365	52
832	366	76
833	367	16
834	368	14
835	369	55
836	369	54
837	369	82
838	369	34
839	370	28
840	370	51
841	370	32
842	371	31
843	372	31
844	373	4
845	374	48
846	375	74
847	376	19
848	377	67
849	378	36
850	379	8
851	380	50
852	380	68
853	380	53
854	381	36
855	381	37
856	382	64
857	382	41
858	382	3
859	383	87
860	384	6
861	385	31
862	386	15
863	386	17
864	386	24
865	387	38
866	388	62
867	389	40
868	389	65
869	389	71
870	389	8
871	390	33
872	391	58
873	392	46
874	393	36
875	394	65
876	394	40
877	394	8
878	394	71
879	395	22
880	396	53
881	397	60
882	397	45
883	397	59
884	397	1
885	398	76
886	398	41
887	399	50
888	399	4
889	399	8
890	400	57
891	401	21
892	401	1
893	401	73
894	401	45
895	402	11
896	403	48
897	404	5
898	405	27
899	406	28
900	407	25
901	408	21
902	409	29
903	410	67
904	411	41
905	412	67
906	413	36
907	414	24
908	415	80
909	416	44
910	417	52
911	417	22
912	417	54
913	417	78
914	418	13
915	418	47
916	419	5
917	419	57
918	419	39
919	420	87
920	421	27
921	421	61
922	422	31
923	422	23
924	422	14
925	423	45
926	423	1
927	423	9
928	423	31
929	424	82
930	424	77
931	424	55
932	425	48
933	426	61
934	426	4
935	426	70
936	426	50
937	427	24
938	428	11
939	429	17
940	430	47
941	431	42
942	432	46
943	433	45
944	433	1
945	433	21
946	433	73
947	434	58
948	435	41
949	436	79
950	437	31
951	438	71
952	439	67
953	440	41
954	441	41
955	442	15
956	442	47
957	442	13
958	443	58
959	444	64
960	445	44
961	446	58
962	447	14
963	447	72
964	447	23
965	447	86
966	448	12
967	449	48
968	450	67
969	451	66
970	452	57
971	453	82
972	454	40
973	454	71
974	454	65
975	454	8
976	455	61
977	456	7
978	457	72
979	458	7
980	459	81
981	460	6
982	460	18
983	460	69
984	460	74
985	461	21
986	461	1
987	461	73
988	461	45
989	462	61
990	462	50
991	462	70
992	462	4
993	463	1
994	464	26
995	465	14
996	466	55
997	467	22
998	468	17
999	468	43
1000	468	35
1001	468	9
1002	469	34
1003	470	47
1004	470	15
1005	470	13
1006	471	17
1007	471	35
1008	471	43
1009	471	9
1010	472	3
1011	473	58
1012	474	40
1013	474	65
1014	474	71
1015	474	8
1016	475	58
1017	476	51
1018	476	28
1019	476	32
1020	477	29
1021	477	11
1022	477	10
1023	478	35
1024	479	11
1025	479	28
1026	480	73
1027	480	21
1028	481	11
1029	481	7
1030	481	70
1031	482	27
1032	484	6
1033	484	18
1034	486	2
1035	487	6
1036	487	11
1037	487	41
1038	488	87
1039	489	79
1040	489	84
1041	489	75
1042	490	58
1043	491	87
1044	492	82
1045	492	54
1046	492	55
1047	492	77
1048	493	58
1049	494	40
1050	494	65
1051	494	71
1052	494	8
1053	495	69
1054	496	39
1055	497	78
1056	498	66
1057	498	42
1058	499	63
1059	499	40
1060	499	65
1061	500	40
1062	501	11
1063	502	59
1064	502	25
1065	502	60
1066	503	63
1067	504	67
1068	505	17
1072	510	65
1073	511	31
1074	512	2
1075	513	9
1076	514	56
1077	517	65
1078	518	18
1079	519	66
1080	520	38
1081	521	81
1082	522	71
1083	523	49
1084	524	4
1085	525	78
1086	526	24
1087	527	1
1088	528	86
1089	529	43
1090	530	22
1091	531	56
1092	532	15
1093	534	34
1094	535	12
1095	536	47
1096	537	28
1097	538	14
1098	539	9
1099	540	70
1100	541	33
1101	542	81
1102	543	45
1103	544	76
1104	545	8
1105	546	36
1106	547	42
1107	548	78
1108	549	46
1109	550	33
1110	551	83
1111	552	6
1112	553	12
1113	554	32
1114	555	58
1115	556	52
1116	557	72
1117	558	13
1118	559	60
1119	560	23
1120	561	84
1121	562	51
1122	563	30
1123	564	39
1124	567	68
1125	570	79
1126	571	79
1127	572	29
1128	573	20
1129	574	23
1130	575	16
\.


--
-- Name: elect_elect_region_id_seq; Type: SEQUENCE SET; Schema: public; Owner: serg
--

SELECT pg_catalog.setval('public.elect_elect_region_id_seq', 1130, true);


--
-- Data for Name: elect_linkelect; Type: TABLE DATA; Schema: public; Owner: serg
--

COPY public.elect_linkelect (id, title, link, elect_id) FROM stdin;
\.


--
-- Name: elect_linkelect_id_seq; Type: SEQUENCE SET; Schema: public; Owner: serg
--

SELECT pg_catalog.setval('public.elect_linkelect_id_seq', 1, false);


--
-- Data for Name: elect_subscribeelect; Type: TABLE DATA; Schema: public; Owner: serg
--

COPY public.elect_subscribeelect (id, elect_id, user_id) FROM stdin;
49	575	1
51	67	1
55	62	1
56	455	1
\.


--
-- Name: elect_subscribeelect_id_seq; Type: SEQUENCE SET; Schema: public; Owner: serg
--

SELECT pg_catalog.setval('public.elect_subscribeelect_id_seq', 56, true);


--
-- Data for Name: lists_authoritylist; Type: TABLE DATA; Schema: public; Owner: serg
--

COPY public.lists_authoritylist (id, name, slug, "order", is_reginal) FROM stdin;
1	. 	state_duma	1	t
2	 	senat	2	t
\.


--
-- Name: lists_authoritylist_id_seq; Type: SEQUENCE SET; Schema: public; Owner: serg
--

SELECT pg_catalog.setval('public.lists_authoritylist_id_seq', 2, true);


--
-- Data for Name: lists_blogcategory; Type: TABLE DATA; Schema: public; Owner: serg
--

COPY public.lists_blogcategory (id, name, slug, "order") FROM stdin;
1		statements	1
2	  	work_with_voters	2
3	 	pre_election_activities	3
\.


--
-- Name: lists_blogcategory_id_seq; Type: SEQUENCE SET; Schema: public; Owner: serg
--

SELECT pg_catalog.setval('public.lists_blogcategory_id_seq', 3, true);


--
-- Data for Name: lists_electnewscategory; Type: TABLE DATA; Schema: public; Owner: serg
--

COPY public.lists_electnewscategory (id, name, slug, "order") FROM stdin;
\.


--
-- Name: lists_electnewscategory_id_seq; Type: SEQUENCE SET; Schema: public; Owner: serg
--

SELECT pg_catalog.setval('public.lists_electnewscategory_id_seq', 1, false);


--
-- Data for Name: lists_fraction; Type: TABLE DATA; Schema: public; Owner: serg
--

COPY public.lists_fraction (id, name, slug, "order") FROM stdin;
1	 	edinaya_russia	1
2	 	spravedlivaya_russia	2
3		kprf	3
4		ldpr	4
5	 	no_fraction	5
\.


--
-- Name: lists_fraction_id_seq; Type: SEQUENCE SET; Schema: public; Owner: serg
--

SELECT pg_catalog.setval('public.lists_fraction_id_seq', 5, true);


--
-- Data for Name: lists_region; Type: TABLE DATA; Schema: public; Owner: serg
--

COPY public.lists_region (id, name, slug, "order", svg) FROM stdin;
1	 	altai_territory	22
2	 	amur_region	28
3	 	arkhangelsk_region	29
4	 	astrakhan_region	30
5	 	belgorod_region	31
6	 	bryansk_region	32
7	 	vladimir_region	33
8	 	volgograd_region	34
9	 	vologda_region	35
10	 	voronezh_region	36
12	  	jewish_autonomous_region	79
13	 	zabaikalsky_krai	75
14	 	ivanovo_region	37
15	 	irkutsk_region	38
16	- 	kabardino_balkar_republic	7
17	 	kaliningrad_region	39
18	 	kaluga_region	40
19	 	kamchatka_territory	41
20	- 	karachay_cherkess_republic	9
21	 	kemerovo_region	42
22	 	kirov_region	43
23	 	kostroma_region	44
24	 	krasnodar_region	23
25	 	krasnoyarsk_region	24
26	 	kurgan_area	45
27	 	kursk_region	46
28	 	leningrad_region	47
29	 	lipetsk_region	48
30	 	magadan_region	49
31	 	moscow_oblast	50
32	 	murmansk_region	51
33	  	nenets_autonomous_district	83
34	 	nizhny_novgorod_region	52
35	 	novgorod_region	53
36	 	novosibirsk_region	54
37	 	omsk_region	55
38	 	orenburg_region	56
39	 	orel_area	57
40	 	penza_region	58
41	 	perm_region	59
42	 	primorsky_krai	25
43	 	pskov_region	60
44	 	adygeya_republic	1
45	 	altai_republic	4
46	 	bashkortostan	2
47	 	republic_of_buryatia	3
48	 	republic_of_dagestan	5
49	 	ingush_republic	6
50	 	republic_of_kalmykia	8
51	 	republic_of_karelia	10
52	 	republic_of_komi	11
53	 	republic_of_krym	91
54	  	republic_of_mari_el	12
55	 	mordovia	13
56	  ()	republic_of_sakha_yakutia	14
58	 	republic_of_tatarstan	16
59	 	republic_of_tuva	17
60	 	republic_of_khakassia	19
61	 	rostov_region	61
62	 	ryazan_region	62
63	 	samara_region	63
64	-	saint_petersburg	78
65	 	saratov_region	64
66	 	sakhalin_region	65
67	 	sverdlovsk_region	0
68		sevastopol	92
69	 	smolensk_region	67
70	 	stavropol_territory	26
71	 	tambov_region	68
72	 	tver_region	69
73	 	tomsk_region	70
74	 	tula_region	71
75	 	tyumen_region	72
77	 	ulyanovsk_region	73
78	 	khabarovsk_territory	27
80	 	chelyabinsk_region	74
81	 	republic_of_chechnya	20
83	  	chukotka_autonomous_okrug	87
84	-  	yamalo_nenets_autonomous_district	89
11		sity_of_moskow	77
82	  - 	chuvash_republic	21
86	 	yaroslavl_region	90
76	  ()	udmurt_republic	18
57	   - 	republic_of_north_ossetia	15
87	   	all_regions	0
79	-   -  ( )	khanty_mansi_autonomous_okrug	86
\.


--
-- Name: lists_region_id_seq; Type: SEQUENCE SET; Schema: public; Owner: serg
--

SELECT pg_catalog.setval('public.lists_region_id_seq', 87, true);


--
-- Data for Name: socialaccount_socialaccount; Type: TABLE DATA; Schema: public; Owner: serg
--

COPY public.socialaccount_socialaccount (id, provider, uid, last_login, date_joined, extra_data, user_id) FROM stdin;
\.


--
-- Name: socialaccount_socialaccount_id_seq; Type: SEQUENCE SET; Schema: public; Owner: serg
--

SELECT pg_catalog.setval('public.socialaccount_socialaccount_id_seq', 1, false);


--
-- Data for Name: socialaccount_socialapp; Type: TABLE DATA; Schema: public; Owner: serg
--

COPY public.socialaccount_socialapp (id, provider, name, client_id, secret, key) FROM stdin;
\.


--
-- Name: socialaccount_socialapp_id_seq; Type: SEQUENCE SET; Schema: public; Owner: serg
--

SELECT pg_catalog.setval('public.socialaccount_socialapp_id_seq', 1, false);


--
-- Data for Name: socialaccount_socialapp_sites; Type: TABLE DATA; Schema: public; Owner: serg
--

COPY public.socialaccount_socialapp_sites (id, socialapp_id, site_id) FROM stdin;
\.


--
-- Name: socialaccount_socialapp_sites_id_seq; Type: SEQUENCE SET; Schema: public; Owner: serg
--

SELECT pg_catalog.setval('public.socialaccount_socialapp_sites_id_seq', 1, false);


--
-- Data for Name: socialaccount_socialtoken; Type: TABLE DATA; Schema: public; Owner: serg
--

COPY public.socialaccount_socialtoken (id, token, token_secret, expires_at, account_id, app_id) FROM stdin;
\.


--
-- Name: socialaccount_socialtoken_id_seq; Type: SEQUENCE SET; Schema: public; Owner: serg
--

SELECT pg_catalog.setval('public.socialaccount_socialtoken_id_seq', 1, false);


--
-- Data for Name: stst_blognumbers; Type: TABLE DATA; Schema: public; Owner: serg
--

COPY public.stst_blognumbers (id, "user", new, platform, created) FROM stdin;
\.


--
-- Name: stst_blognumbers_id_seq; Type: SEQUENCE SET; Schema: public; Owner: serg
--

SELECT pg_catalog.setval('public.stst_blognumbers_id_seq', 1, false);


--
-- Data for Name: stst_electnewnumbers; Type: TABLE DATA; Schema: public; Owner: serg
--

COPY public.stst_electnewnumbers (id, "user", new, platform, created) FROM stdin;
1	1	2	1	2020-11-12
2	1	2	1	2020-11-12
6	0	2	1	2020-11-12
7	0	2	1	2020-11-12
8	1	2	1	2020-11-12
9	1	2	1	2020-11-12
10	0	2	1	2020-11-12
11	1	2	1	2020-11-12
12	0	2	1	2020-11-12
13	0	2	1	2020-11-13
14	0	2	1	2020-11-13
15	0	2	1	2020-11-14
16	0	2	1	2020-11-15
17	0	2	1	2020-11-17
18	0	2	1	2020-11-18
19	0	2	1	2020-11-20
20	0	2	1	2020-11-22
21	0	2	1	2020-11-23
22	0	2	1	2020-11-23
23	0	2	1	2020-11-26
24	0	2	1	2020-11-27
25	1	2	1	2020-11-28
26	1	2	1	2020-11-28
27	0	2	0	2020-11-28
28	0	2	0	2020-11-28
29	1	2	1	2020-11-28
30	1	2	1	2020-11-28
31	1	2	1	2020-11-28
32	1	2	1	2020-11-28
33	1	2	1	2020-11-28
34	1	2	1	2020-11-28
35	1	2	1	2020-11-28
36	1	2	1	2020-11-28
37	1	2	1	2020-11-28
38	1	2	1	2020-11-28
39	1	2	1	2020-11-28
40	1	2	1	2020-11-28
41	1	2	1	2020-11-28
42	1	2	1	2020-11-28
43	1	2	1	2020-11-28
44	1	2	1	2020-11-29
45	1	2	1	2020-11-29
46	1	2	1	2020-11-29
47	1	2	1	2020-11-29
48	1	2	1	2020-11-29
49	1	2	1	2020-11-29
50	1	2	1	2020-11-29
51	1	2	1	2020-11-29
52	1	2	1	2020-11-29
53	1	2	1	2020-11-29
54	1	2	1	2020-11-29
55	1	2	1	2020-11-29
56	1	2	1	2020-11-29
57	1	2	1	2020-11-29
58	1	2	1	2020-11-29
59	1	2	1	2020-11-29
60	1	2	1	2020-11-29
61	1	2	1	2020-11-29
62	1	2	1	2020-11-29
63	1	2	1	2020-11-29
64	1	2	1	2020-11-29
65	1	2	1	2020-11-29
66	1	2	1	2020-11-29
67	1	2	1	2020-11-29
68	1	2	1	2020-11-29
69	1	2	1	2020-11-29
70	1	2	1	2020-11-29
71	1	2	1	2020-11-29
72	1	2	1	2020-11-29
73	1	2	1	2020-11-29
74	1	2	1	2020-11-29
75	1	2	1	2020-11-29
76	1	2	1	2020-11-29
77	1	2	1	2020-11-29
78	1	2	1	2020-11-29
79	1	2	1	2020-11-29
80	1	2	1	2020-11-29
81	1	2	1	2020-11-29
82	1	2	1	2020-11-29
83	1	2	1	2020-11-29
84	1	2	1	2020-11-29
85	1	2	1	2020-11-29
86	1	2	1	2020-11-29
87	1	2	1	2020-11-29
88	1	2	1	2020-11-29
89	1	2	1	2020-11-29
90	1	2	1	2020-11-29
91	1	2	1	2020-11-29
92	1	2	1	2020-11-29
93	1	2	1	2020-11-29
94	0	2	1	2020-12-01
95	0	2	1	2020-12-02
96	0	2	1	2020-12-02
97	0	2	1	2020-12-07
98	0	2	1	2020-12-09
99	0	2	1	2020-12-11
100	0	2	1	2020-12-12
101	0	2	1	2020-12-12
102	0	2	1	2020-12-15
103	0	2	1	2020-12-15
104	0	2	1	2020-12-15
105	0	2	1	2020-12-17
106	0	2	1	2020-12-19
107	0	2	1	2020-12-21
108	0	2	1	2020-12-22
109	0	2	1	2021-01-02
110	0	2	1	2021-01-08
111	0	2	1	2021-01-08
\.


--
-- Name: stst_electnewnumbers_id_seq; Type: SEQUENCE SET; Schema: public; Owner: serg
--

SELECT pg_catalog.setval('public.stst_electnewnumbers_id_seq', 111, true);


--
-- Data for Name: stst_electnumbers; Type: TABLE DATA; Schema: public; Owner: serg
--

COPY public.stst_electnumbers (id, "user", elect, platform, created) FROM stdin;
1	1	66	1	2020-11-12
2	0	555	1	2020-11-12
3	1	223	1	2020-11-12
4	0	223	1	2020-11-12
5	0	66	1	2020-11-12
6	0	561	1	2020-11-13
7	0	559	1	2020-11-13
8	0	571	1	2020-11-13
9	0	223	1	2020-11-13
10	0	382	1	2020-11-13
11	0	302	1	2020-11-13
12	0	444	1	2020-11-13
13	0	110	1	2020-11-13
14	0	101	1	2020-11-13
15	0	328	1	2020-11-13
16	0	326	1	2020-11-13
17	0	199	1	2020-11-13
18	0	127	1	2020-11-13
19	0	133	1	2020-11-13
20	0	470	1	2020-11-13
21	0	170	1	2020-11-13
22	0	442	1	2020-11-13
23	0	66	1	2020-11-13
24	0	195	1	2020-11-13
25	0	418	1	2020-11-13
26	0	370	1	2020-11-13
27	0	476	1	2020-11-13
28	0	277	1	2020-11-13
29	0	265	1	2020-11-13
30	0	447	1	2020-11-13
31	0	125	1	2020-11-13
32	0	329	1	2020-11-13
33	0	315	1	2020-11-13
34	1	67	1	2020-11-13
35	1	67	1	2020-11-13
36	1	103	1	2020-11-13
37	1	103	1	2020-11-13
38	1	179	1	2020-11-13
39	1	67	1	2020-11-13
40	1	67	1	2020-11-13
41	0	66	1	2020-11-13
42	1	67	1	2020-11-13
43	1	67	1	2020-11-13
44	1	67	1	2020-11-13
45	1	67	1	2020-11-13
46	1	67	1	2020-11-13
47	1	67	1	2020-11-13
48	1	67	1	2020-11-13
49	1	67	1	2020-11-13
50	1	67	1	2020-11-13
51	1	67	1	2020-11-13
52	1	67	1	2020-11-13
53	1	67	1	2020-11-13
54	1	67	1	2020-11-13
55	1	67	1	2020-11-13
56	1	67	1	2020-11-13
57	1	67	1	2020-11-13
58	1	67	1	2020-11-13
59	1	67	1	2020-11-13
60	1	67	1	2020-11-13
61	0	564	1	2020-11-13
62	1	66	1	2020-11-13
63	0	66	1	2020-11-13
64	1	66	1	2020-11-13
65	1	66	1	2020-11-13
66	0	66	1	2020-11-13
67	1	66	1	2020-11-13
68	1	66	1	2020-11-13
69	1	67	1	2020-11-13
70	0	66	1	2020-11-13
71	0	67	1	2020-11-13
72	0	557	1	2020-11-14
73	0	567	1	2020-11-14
74	1	67	1	2020-11-14
75	1	67	1	2020-11-14
76	1	66	1	2020-11-14
77	0	66	1	2020-11-14
78	1	575	1	2020-11-14
79	0	575	1	2020-11-14
80	1	575	1	2020-11-14
81	0	66	1	2020-11-14
82	0	260	1	2020-11-14
83	0	370	1	2020-11-14
84	0	301	1	2020-11-14
85	1	575	1	2020-11-14
86	0	575	1	2020-11-14
87	1	62	1	2020-11-14
88	1	104	1	2020-11-14
89	1	62	1	2020-11-14
90	1	62	1	2020-11-14
91	0	570	1	2020-11-14
92	0	62	1	2020-11-14
93	1	62	1	2020-11-14
94	0	62	1	2020-11-14
95	1	62	1	2020-11-14
96	1	62	1	2020-11-14
97	1	62	1	2020-11-14
98	1	62	1	2020-11-14
99	1	62	1	2020-11-14
100	1	62	1	2020-11-14
101	1	62	1	2020-11-14
102	1	62	1	2020-11-14
103	1	62	1	2020-11-14
104	1	62	1	2020-11-14
105	1	62	1	2020-11-14
106	1	62	1	2020-11-14
107	1	62	1	2020-11-14
108	1	62	1	2020-11-14
109	1	62	1	2020-11-14
110	1	62	1	2020-11-14
111	1	62	1	2020-11-14
112	1	62	1	2020-11-14
113	1	66	1	2020-11-14
114	0	66	1	2020-11-14
115	0	66	1	2020-11-14
116	1	62	1	2020-11-14
117	0	62	1	2020-11-14
118	0	573	1	2020-11-14
119	0	575	1	2020-11-15
120	0	470	1	2020-11-17
121	0	252	1	2020-11-17
122	0	511	1	2020-11-17
123	0	126	1	2020-11-17
124	0	548	1	2020-11-17
125	0	563	1	2020-11-17
126	0	184	1	2020-11-17
127	0	68	1	2020-11-17
128	0	66	1	2020-11-17
129	0	551	1	2020-11-17
130	0	223	1	2020-11-17
131	0	127	1	2020-11-17
132	0	535	1	2020-11-17
133	0	448	1	2020-11-17
134	0	549	1	2020-11-17
135	0	195	1	2020-11-17
136	0	557	1	2020-11-17
137	0	66	1	2020-11-17
138	0	283	1	2020-11-17
139	0	156	1	2020-11-17
140	0	355	1	2020-11-17
141	0	457	1	2020-11-17
142	0	329	1	2020-11-17
143	0	447	1	2020-11-17
144	0	193	1	2020-11-17
145	0	136	1	2020-11-17
146	0	484	1	2020-11-17
147	0	384	1	2020-11-17
148	0	460	1	2020-11-17
149	0	66	1	2020-11-17
150	0	552	1	2020-11-17
151	0	247	1	2020-11-17
152	0	250	1	2020-11-17
153	0	487	1	2020-11-17
154	0	214	1	2020-11-17
155	0	441	1	2020-11-17
156	0	440	1	2020-11-17
157	0	398	1	2020-11-17
158	0	382	1	2020-11-17
159	0	93	1	2020-11-17
160	0	435	1	2020-11-17
161	0	182	1	2020-11-17
162	0	411	1	2020-11-17
163	0	451	1	2020-11-17
164	0	260	1	2020-11-17
165	0	370	1	2020-11-17
166	0	301	1	2020-11-17
167	0	225	1	2020-11-17
168	0	406	1	2020-11-17
169	0	66	1	2020-11-17
170	0	133	1	2020-11-17
171	0	269	1	2020-11-17
172	0	150	1	2020-11-17
173	0	537	1	2020-11-17
174	0	315	1	2020-11-17
175	0	389	1	2020-11-17
176	0	307	1	2020-11-17
177	0	66	1	2020-11-17
178	0	500	1	2020-11-17
179	0	499	1	2020-11-17
180	0	357	1	2020-11-17
181	0	379	1	2020-11-17
182	0	545	1	2020-11-17
183	0	245	1	2020-11-17
184	0	194	1	2020-11-17
185	0	254	1	2020-11-17
186	0	134	1	2020-11-17
187	0	517	1	2020-11-17
188	0	510	1	2020-11-17
189	0	545	1	2020-11-17
190	0	86	1	2020-11-17
191	0	243	1	2020-11-17
192	0	378	1	2020-11-17
193	0	393	1	2020-11-17
194	0	546	1	2020-11-17
195	0	381	1	2020-11-17
196	0	413	1	2020-11-17
197	0	279	1	2020-11-17
198	0	177	1	2020-11-17
199	0	66	1	2020-11-17
200	0	174	1	2020-11-17
201	0	138	1	2020-11-17
202	0	426	1	2020-11-17
203	0	498	1	2020-11-17
204	0	547	1	2020-11-17
205	0	361	1	2020-11-17
206	0	282	1	2020-11-17
207	0	66	1	2020-11-17
208	0	431	1	2020-11-17
209	0	68	1	2020-11-17
210	0	417	1	2020-11-18
211	0	212	1	2020-11-18
212	0	365	1	2020-11-18
213	0	306	1	2020-11-18
214	0	356	1	2020-11-18
215	0	73	1	2020-11-18
216	0	187	1	2020-11-18
217	0	224	1	2020-11-18
218	0	220	1	2020-11-18
219	0	392	1	2020-11-18
220	0	318	1	2020-11-18
221	0	105	1	2020-11-18
222	0	205	1	2020-11-18
223	0	249	1	2020-11-18
224	0	85	1	2020-11-18
225	0	493	1	2020-11-18
226	0	293	1	2020-11-18
227	0	67	1	2020-11-18
228	0	94	1	2020-11-18
229	0	446	1	2020-11-18
230	0	278	1	2020-11-18
231	0	330	1	2020-11-18
232	0	422	1	2020-11-18
233	0	325	1	2020-11-18
234	0	511	1	2020-11-18
235	0	266	1	2020-11-18
236	0	371	1	2020-11-18
237	0	183	1	2020-11-18
238	0	242	1	2020-11-18
239	0	147	1	2020-11-18
240	0	372	1	2020-11-18
241	0	196	1	2020-11-18
242	0	191	1	2020-11-18
243	0	473	1	2020-11-18
244	0	161	1	2020-11-18
245	0	443	1	2020-11-18
246	0	287	1	2020-11-18
247	0	338	1	2020-11-18
248	0	151	1	2020-11-18
249	0	475	1	2020-11-18
250	0	391	1	2020-11-18
251	0	490	1	2020-11-18
252	0	434	1	2020-11-18
253	0	109	1	2020-11-18
254	0	561	1	2020-11-18
255	0	310	1	2020-11-18
256	0	71	1	2020-11-18
257	0	75	1	2020-11-18
258	0	488	1	2020-11-18
259	0	160	1	2020-11-18
260	0	481	1	2020-11-18
261	0	67	1	2020-11-18
262	0	223	1	2020-11-18
263	0	102	1	2020-11-18
264	0	420	1	2020-11-18
265	0	131	1	2020-11-18
266	0	458	1	2020-11-18
267	0	213	1	2020-11-18
268	0	244	1	2020-11-18
269	0	230	1	2020-11-18
270	0	342	1	2020-11-18
271	0	154	1	2020-11-18
272	0	95	1	2020-11-18
273	0	238	1	2020-11-18
274	0	476	1	2020-11-18
275	0	125	1	2020-11-18
276	0	85	1	2020-11-18
277	0	546	1	2020-11-18
278	0	77	1	2020-11-18
279	0	277	1	2020-11-18
280	0	95	1	2020-11-18
281	0	75	1	2020-11-18
282	0	71	1	2020-11-18
283	0	561	1	2020-11-18
284	0	561	1	2020-11-18
285	0	97	1	2020-11-18
286	0	88	1	2020-11-18
287	0	99	1	2020-11-18
288	0	87	1	2020-11-18
289	0	89	1	2020-11-18
290	0	96	1	2020-11-18
291	0	91	1	2020-11-18
292	0	115	1	2020-11-18
293	0	103	1	2020-11-18
294	0	119	1	2020-11-18
295	0	106	1	2020-11-18
296	0	113	1	2020-11-18
297	0	121	1	2020-11-18
298	0	110	1	2020-11-18
299	0	116	1	2020-11-18
300	0	104	1	2020-11-18
301	0	92	1	2020-11-18
302	0	82	1	2020-11-18
303	0	83	1	2020-11-18
304	0	98	1	2020-11-18
305	0	118	1	2020-11-18
306	0	111	1	2020-11-18
307	0	122	1	2020-11-18
308	0	108	1	2020-11-18
309	0	100	1	2020-11-18
310	0	84	1	2020-11-18
311	0	112	1	2020-11-18
312	0	114	1	2020-11-18
313	0	75	1	2020-11-18
314	0	191	1	2020-11-18
315	0	517	1	2020-11-19
316	0	353	1	2020-11-19
317	0	80	1	2020-11-19
318	0	152	1	2020-11-19
319	0	121	1	2020-11-19
320	0	223	1	2020-11-19
321	0	488	1	2020-11-19
322	0	420	1	2020-11-19
323	0	292	1	2020-11-19
324	0	67	1	2020-11-19
325	0	336	1	2020-11-19
326	0	356	1	2020-11-19
327	0	335	1	2020-11-19
328	0	354	1	2020-11-19
329	0	129	1	2020-11-19
330	0	131	1	2020-11-19
331	0	383	1	2020-11-19
332	0	66	1	2020-11-19
333	0	397	1	2020-11-19
334	0	502	1	2020-11-19
335	0	304	1	2020-11-19
336	0	488	1	2020-11-19
337	0	76	1	2020-11-19
338	0	75	1	2020-11-19
339	0	497	1	2020-11-19
340	0	223	1	2020-11-19
341	0	131	1	2020-11-19
342	0	335	1	2020-11-19
343	0	152	1	2020-11-19
344	0	383	1	2020-11-19
345	0	417	1	2020-11-19
346	0	246	1	2020-11-19
347	0	336	1	2020-11-19
348	0	67	1	2020-11-19
349	0	68	1	2020-11-19
350	0	420	1	2020-11-19
351	0	525	1	2020-11-19
352	0	455	1	2020-11-19
353	0	71	1	2020-11-19
354	0	310	1	2020-11-19
355	0	160	1	2020-11-19
356	0	561	1	2020-11-19
357	0	572	1	2020-11-19
358	0	510	1	2020-11-19
359	0	230	1	2020-11-19
360	0	329	1	2020-11-19
361	0	147	1	2020-11-19
362	0	120	1	2020-11-19
363	0	68	1	2020-11-19
364	0	376	1	2020-11-19
365	0	512	1	2020-11-19
366	0	486	1	2020-11-19
367	0	192	1	2020-11-19
368	0	285	1	2020-11-19
369	0	573	1	2020-11-19
370	0	491	1	2020-11-19
371	0	251	1	2020-11-19
372	0	129	1	2020-11-19
373	0	222	1	2020-11-19
374	0	262	1	2020-11-19
375	0	399	1	2020-11-19
376	0	71	1	2020-11-19
377	0	75	1	2020-11-19
378	0	75	1	2020-11-19
379	0	310	1	2020-11-19
380	0	561	1	2020-11-19
381	0	160	1	2020-11-19
382	0	540	1	2020-11-19
383	0	519	1	2020-11-19
384	0	71	1	2020-11-20
385	0	518	1	2020-11-20
386	0	75	1	2020-11-20
387	0	488	1	2020-11-20
388	0	488	1	2020-11-20
389	0	561	1	2020-11-20
390	0	160	1	2020-11-20
391	0	310	1	2020-11-20
392	0	381	1	2020-11-20
393	0	474	1	2020-11-20
394	0	130	1	2020-11-20
395	0	135	1	2020-11-20
396	1	86	1	2020-11-20
397	0	573	1	2020-11-20
398	0	150	1	2020-11-20
399	0	398	1	2020-11-20
400	0	342	1	2020-11-20
401	0	441	1	2020-11-20
402	0	384	1	2020-11-20
403	0	440	1	2020-11-20
404	0	250	1	2020-11-20
405	0	67	1	2020-11-20
406	0	447	1	2020-11-20
407	0	528	1	2020-11-20
408	0	66	1	2020-11-20
409	0	195	1	2020-11-20
410	0	315	1	2020-11-20
411	0	570	1	2020-11-20
412	0	223	1	2020-11-20
413	0	206	1	2020-11-20
414	0	489	1	2020-11-20
415	0	273	1	2020-11-20
416	0	435	1	2020-11-20
417	0	470	1	2020-11-20
418	0	532	1	2020-11-20
419	0	442	1	2020-11-20
420	0	349	1	2020-11-20
421	0	170	1	2020-11-20
422	0	155	1	2020-11-20
423	0	314	1	2020-11-20
424	0	375	1	2020-11-20
425	0	460	1	2020-11-20
426	0	316	1	2020-11-20
427	0	464	1	2020-11-20
428	0	388	1	2020-11-20
429	0	281	1	2020-11-20
430	0	247	1	2020-11-20
431	0	268	1	2020-11-20
432	0	145	1	2020-11-20
433	0	474	1	2020-11-20
434	0	454	1	2020-11-20
435	0	438	1	2020-11-20
436	0	394	1	2020-11-20
437	0	494	1	2020-11-20
438	0	418	1	2020-11-20
439	0	117	1	2020-11-20
440	0	324	1	2020-11-20
441	0	522	1	2020-11-20
442	0	158	1	2020-11-20
443	0	436	1	2020-11-20
444	0	536	1	2020-11-20
445	0	430	1	2020-11-20
446	0	65	1	2020-11-20
447	0	148	1	2020-11-20
448	0	200	1	2020-11-20
449	0	146	1	2020-11-20
450	0	343	1	2020-11-20
451	0	386	1	2020-11-20
452	0	298	1	2020-11-20
453	0	284	1	2020-11-20
454	0	185	1	2020-11-20
455	0	105	1	2020-11-20
456	0	462	1	2020-11-20
457	0	75	1	2020-11-20
458	0	447	1	2020-11-20
459	0	561	1	2020-11-20
460	0	522	1	2020-11-20
461	0	438	1	2020-11-21
462	0	552	1	2020-11-21
463	0	69	1	2020-11-21
464	0	215	1	2020-11-21
465	0	419	1	2020-11-21
466	0	564	1	2020-11-21
467	0	496	1	2020-11-21
468	0	176	1	2020-11-21
469	0	303	1	2020-11-21
470	0	289	1	2020-11-21
471	0	216	1	2020-11-21
472	0	64	1	2020-11-21
473	0	547	1	2020-11-21
474	0	243	1	2020-11-21
475	0	525	1	2020-11-21
476	0	75	1	2020-11-21
477	0	564	1	2020-11-21
478	0	71	1	2020-11-21
479	0	561	1	2020-11-21
480	0	65	1	2020-11-22
481	0	570	1	2020-11-22
482	0	561	1	2020-11-22
483	0	75	1	2020-11-22
484	0	431	1	2020-11-22
485	0	71	1	2020-11-22
486	0	561	1	2020-11-22
487	0	392	1	2020-11-22
488	0	560	1	2020-11-22
489	0	196	1	2020-11-22
490	0	104	1	2020-11-22
491	0	342	1	2020-11-22
492	0	278	1	2020-11-22
493	0	99	1	2020-11-22
494	0	103	1	2020-11-22
495	0	493	1	2020-11-22
496	0	119	1	2020-11-22
497	0	116	1	2020-11-22
498	0	88	1	2020-11-22
499	0	306	1	2020-11-22
500	0	89	1	2020-11-22
501	0	115	1	2020-11-22
502	0	367	1	2020-11-22
503	0	186	1	2020-11-22
504	0	129	1	2020-11-22
505	0	96	1	2020-11-22
506	0	335	1	2020-11-22
507	0	523	1	2020-11-22
508	0	123	1	2020-11-22
509	0	239	1	2020-11-22
510	0	318	1	2020-11-22
511	0	68	1	2020-11-22
512	0	79	1	2020-11-22
513	0	81	1	2020-11-22
514	0	77	1	2020-11-22
515	0	74	1	2020-11-22
516	0	80	1	2020-11-22
517	0	82	1	2020-11-22
518	0	139	1	2020-11-22
519	0	180	1	2020-11-22
520	0	232	1	2020-11-22
521	0	469	1	2020-11-22
522	0	137	1	2020-11-22
523	0	339	1	2020-11-22
524	0	211	1	2020-11-22
525	0	369	1	2020-11-22
526	0	218	1	2020-11-22
527	0	168	1	2020-11-22
528	0	534	1	2020-11-22
529	0	500	1	2020-11-22
530	0	553	1	2020-11-22
531	0	555	1	2020-11-22
532	0	512	1	2020-11-22
533	0	397	1	2020-11-22
534	0	99	1	2020-11-22
535	0	255	1	2020-11-22
536	0	559	1	2020-11-22
537	0	373	1	2020-11-22
538	0	96	1	2020-11-22
539	0	306	1	2020-11-22
540	0	174	1	2020-11-22
541	0	499	1	2020-11-22
542	0	557	1	2020-11-22
543	0	556	1	2020-11-22
544	0	235	1	2020-11-22
545	0	561	1	2020-11-22
546	0	255	1	2020-11-23
547	0	324	1	2020-11-23
548	0	556	1	2020-11-23
549	0	254	1	2020-11-23
550	0	382	1	2020-11-23
551	0	326	1	2020-11-23
552	0	133	1	2020-11-23
553	0	199	1	2020-11-23
554	0	171	1	2020-11-23
555	0	302	1	2020-11-23
556	0	328	1	2020-11-23
557	0	444	1	2020-11-23
558	0	70	1	2020-11-23
559	0	110	1	2020-11-23
560	0	557	1	2020-11-23
561	0	563	1	2020-11-23
562	0	553	1	2020-11-23
563	0	552	1	2020-11-23
564	0	354	1	2020-11-23
565	0	391	1	2020-11-23
566	0	524	1	2020-11-23
567	0	545	1	2020-11-23
568	0	540	1	2020-11-23
569	0	535	1	2020-11-23
570	0	541	1	2020-11-23
571	0	542	1	2020-11-23
572	0	550	1	2020-11-23
573	0	546	1	2020-11-23
574	0	539	1	2020-11-23
575	0	544	1	2020-11-23
576	0	543	1	2020-11-23
577	0	531	1	2020-11-23
578	0	538	1	2020-11-23
579	0	91	1	2020-11-23
580	0	74	1	2020-11-23
581	0	92	1	2020-11-23
582	0	573	1	2020-11-23
583	0	562	1	2020-11-23
584	0	278	1	2020-11-23
585	0	561	1	2020-11-23
586	0	479	1	2020-11-23
587	0	79	1	2020-11-23
588	0	121	1	2020-11-23
589	0	262	1	2020-11-23
590	0	251	1	2020-11-23
591	0	285	1	2020-11-23
592	0	304	1	2020-11-23
593	0	397	1	2020-11-23
594	0	502	1	2020-11-23
595	0	354	1	2020-11-23
596	0	292	1	2020-11-23
597	0	173	1	2020-11-23
598	0	505	1	2020-11-23
599	0	468	1	2020-11-23
600	0	429	1	2020-11-23
601	0	471	1	2020-11-23
602	0	242	1	2020-11-23
603	0	446	1	2020-11-23
604	0	365	1	2020-11-23
605	0	484	1	2020-11-23
606	0	84	1	2020-11-23
607	0	237	1	2020-11-23
608	0	131	1	2020-11-23
609	0	488	1	2020-11-23
610	0	152	1	2020-11-23
611	0	335	1	2020-11-23
612	0	477	1	2020-11-23
613	0	383	1	2020-11-23
614	0	223	1	2020-11-23
615	0	67	1	2020-11-23
616	0	319	1	2020-11-23
617	0	420	1	2020-11-23
618	0	321	1	2020-11-23
619	0	102	1	2020-11-23
620	0	488	1	2020-11-23
621	0	124	1	2020-11-23
622	0	221	1	2020-11-23
623	0	322	1	2020-11-23
624	0	172	1	2020-11-23
625	0	129	1	2020-11-23
626	0	491	1	2020-11-23
627	0	336	1	2020-11-23
628	0	336	1	2020-11-23
629	0	71	1	2020-11-23
630	0	63	1	2020-11-23
631	0	66	1	2020-11-23
632	0	356	1	2020-11-23
633	0	310	1	2020-11-23
634	0	574	1	2020-11-23
635	0	293	1	2020-11-23
636	0	199	1	2020-11-23
637	0	573	1	2020-11-23
638	0	141	1	2020-11-24
639	0	320	1	2020-11-24
640	0	118	1	2020-11-24
641	0	380	1	2020-11-24
642	0	567	1	2020-11-24
643	0	143	1	2020-11-24
644	0	567	1	2020-11-24
645	0	357	1	2020-11-24
646	0	561	1	2020-11-24
647	0	561	1	2020-11-24
648	0	158	1	2020-11-24
649	0	373	1	2020-11-24
650	0	98	1	2020-11-24
651	0	434	1	2020-11-24
652	0	98	1	2020-11-24
653	0	98	1	2020-11-24
654	0	83	1	2020-11-24
655	0	493	1	2020-11-24
656	0	171	1	2020-11-24
657	0	558	1	2020-11-24
658	0	567	1	2020-11-24
659	0	571	1	2020-11-24
660	0	75	1	2020-11-24
661	0	75	1	2020-11-24
662	0	552	1	2020-11-24
663	0	160	1	2020-11-24
664	0	160	1	2020-11-24
665	0	572	1	2020-11-24
666	0	561	1	2020-11-24
667	0	561	1	2020-11-24
668	0	237	1	2020-11-24
669	0	464	1	2020-11-24
670	0	528	1	2020-11-24
671	0	394	1	2020-11-24
672	0	289	1	2020-11-24
673	0	316	1	2020-11-24
674	0	375	1	2020-11-24
675	0	496	1	2020-11-24
676	0	494	1	2020-11-24
677	0	273	1	2020-11-24
678	0	454	1	2020-11-24
679	0	281	1	2020-11-24
680	0	280	1	2020-11-24
681	0	128	1	2020-11-24
682	0	529	1	2020-11-24
683	0	355	1	2020-11-24
684	0	338	1	2020-11-24
685	0	66	1	2020-11-24
686	0	554	1	2020-11-24
687	0	328	1	2020-11-24
688	0	475	1	2020-11-24
689	0	75	1	2020-11-24
690	0	75	1	2020-11-24
691	0	488	1	2020-11-24
692	0	488	1	2020-11-24
693	0	302	1	2020-11-25
694	0	74	1	2020-11-25
695	0	330	1	2020-11-25
696	0	561	1	2020-11-25
697	0	561	1	2020-11-25
698	0	151	1	2020-11-25
699	0	558	1	2020-11-25
700	0	442	1	2020-11-25
701	0	418	1	2020-11-25
702	0	81	1	2020-11-25
703	0	470	1	2020-11-25
704	0	315	1	2020-11-25
705	0	170	1	2020-11-25
706	0	67	1	2020-11-25
707	0	197	1	2020-11-25
708	0	554	1	2020-11-25
709	0	107	1	2020-11-25
710	0	248	1	2020-11-25
711	0	555	1	2020-11-25
712	0	444	1	2020-11-25
713	0	248	1	2020-11-25
714	0	473	1	2020-11-25
715	0	575	1	2020-11-25
716	0	500	1	2020-11-25
717	0	502	1	2020-11-25
718	0	63	1	2020-11-25
719	0	560	1	2020-11-25
720	0	575	1	2020-11-25
721	0	94	1	2020-11-25
722	0	561	1	2020-11-25
723	0	561	1	2020-11-25
724	0	87	1	2020-11-25
725	0	94	1	2020-11-25
726	0	409	1	2020-11-25
727	0	553	1	2020-11-25
728	0	246	1	2020-11-25
729	0	562	1	2020-11-25
730	0	88	1	2020-11-25
731	0	64	1	2020-11-25
732	0	212	1	2020-11-25
733	0	89	1	2020-11-25
734	0	97	1	2020-11-25
735	0	78	1	2020-11-25
736	0	292	1	2020-11-26
737	0	322	1	2020-11-26
738	0	490	1	2020-11-26
739	0	561	1	2020-11-26
740	0	561	1	2020-11-26
741	0	62	1	2020-11-26
742	0	65	1	2020-11-26
743	0	161	1	2020-11-26
744	0	563	1	2020-11-26
745	0	80	1	2020-11-26
746	0	524	1	2020-11-26
747	0	562	1	2020-11-26
748	0	71	1	2020-11-26
749	0	174	1	2020-11-26
750	0	173	1	2020-11-26
751	0	505	1	2020-11-26
752	0	110	1	2020-11-26
753	0	550	1	2020-11-26
754	0	477	1	2020-11-26
755	0	542	1	2020-11-26
756	0	255	1	2020-11-26
757	0	535	1	2020-11-26
758	0	429	1	2020-11-26
759	0	468	1	2020-11-26
760	0	545	1	2020-11-26
761	0	521	1	2020-11-26
762	0	520	1	2020-11-26
763	0	523	1	2020-11-26
764	0	511	1	2020-11-26
765	0	530	1	2020-11-26
766	0	517	1	2020-11-26
767	0	528	1	2020-11-26
768	0	527	1	2020-11-26
769	0	199	1	2020-11-26
770	0	382	1	2020-11-26
771	0	444	1	2020-11-26
772	0	70	1	2020-11-26
773	0	420	1	2020-11-26
774	0	101	1	2020-11-26
775	0	133	1	2020-11-26
776	0	131	1	2020-11-26
777	0	383	1	2020-11-26
778	0	165	1	2020-11-26
779	0	128	1	2020-11-26
780	0	351	1	2020-11-26
781	0	326	1	2020-11-26
782	0	514	1	2020-11-26
783	0	513	1	2020-11-26
784	0	526	1	2020-11-26
785	0	79	1	2020-11-26
786	0	561	1	2020-11-26
787	0	561	1	2020-11-26
788	0	82	1	2020-11-26
789	0	443	1	2020-11-26
790	0	75	1	2020-11-26
791	0	70	1	2020-11-26
792	0	574	1	2020-11-26
793	0	573	1	2020-11-26
794	0	573	1	2020-11-26
795	0	573	1	2020-11-26
796	0	573	1	2020-11-26
797	0	287	1	2020-11-26
798	0	220	1	2020-11-27
799	0	358	1	2020-11-27
800	0	356	1	2020-11-27
801	0	336	1	2020-11-27
802	0	197	1	2020-11-27
803	0	563	1	2020-11-27
804	0	184	1	2020-11-27
805	0	68	1	2020-11-27
806	0	129	1	2020-11-27
807	0	223	1	2020-11-27
808	0	66	1	2020-11-27
809	0	152	1	2020-11-27
810	0	77	1	2020-11-27
811	0	247	1	2020-11-27
812	0	225	1	2020-11-27
813	0	160	1	2020-11-27
814	0	160	1	2020-11-27
815	0	370	1	2020-11-27
816	0	71	1	2020-11-27
817	0	191	1	2020-11-27
818	0	75	1	2020-11-27
819	0	451	1	2020-11-27
820	0	561	1	2020-11-27
821	0	329	1	2020-11-27
822	0	546	1	2020-11-27
823	0	67	1	2020-11-27
824	0	64	1	2020-11-27
825	0	413	1	2020-11-27
826	0	491	1	2020-11-27
827	0	381	1	2020-11-27
828	0	393	1	2020-11-27
829	0	378	1	2020-11-27
830	0	243	1	2020-11-27
831	0	86	1	2020-11-27
832	0	389	1	2020-11-27
833	0	133	1	2020-11-27
834	0	100	1	2020-11-27
835	0	342	1	2020-11-27
836	0	195	1	2020-11-27
837	0	455	1	2020-11-27
838	0	81	1	2020-11-27
839	0	66	1	2020-11-27
840	0	66	1	2020-11-27
841	0	67	1	2020-11-27
842	0	547	1	2020-11-27
843	0	488	1	2020-11-27
844	0	431	1	2020-11-27
845	0	282	1	2020-11-27
846	0	498	1	2020-11-27
847	0	246	1	2020-11-27
848	0	488	1	2020-11-27
849	0	361	1	2020-11-27
850	0	70	1	2020-11-27
851	0	372	1	2020-11-27
852	0	184	1	2020-11-27
853	0	238	1	2020-11-27
854	0	378	1	2020-11-27
855	0	460	1	2020-11-27
856	0	71	1	2020-11-27
857	0	71	1	2020-11-27
858	0	68	1	2020-11-27
859	0	393	1	2020-11-27
860	0	141	1	2020-11-27
861	0	320	1	2020-11-27
862	0	143	1	2020-11-27
863	0	529	1	2020-11-27
864	0	173	1	2020-11-27
865	0	118	1	2020-11-27
866	0	405	1	2020-11-27
867	0	215	1	2020-11-27
868	0	66	1	2020-11-27
869	0	421	1	2020-11-27
870	0	567	1	2020-11-27
871	0	303	1	2020-11-27
872	0	216	1	2020-11-27
873	0	482	1	2020-11-27
874	0	289	1	2020-11-27
875	0	335	1	2020-11-27
876	0	225	1	2020-11-27
877	0	75	1	2020-11-27
878	0	282	1	2020-11-27
879	0	392	1	2020-11-27
880	0	574	1	2020-11-27
881	0	451	1	2020-11-27
882	0	62	1	2020-11-27
883	0	62	1	2020-11-27
884	0	497	1	2020-11-27
885	0	66	1	2020-11-27
886	0	62	1	2020-11-27
887	0	62	1	2020-11-27
888	0	431	1	2020-11-27
889	0	62	1	2020-11-27
890	0	574	1	2020-11-27
891	0	447	1	2020-11-27
892	0	76	1	2020-11-27
893	0	222	1	2020-11-27
894	0	213	1	2020-11-28
895	0	285	1	2020-11-28
896	0	325	1	2020-11-28
897	0	379	1	2020-11-28
898	0	561	1	2020-11-28
899	0	75	1	2020-11-28
900	0	224	1	2020-11-28
901	0	310	1	2020-11-28
902	0	77	1	2020-11-28
903	0	69	1	2020-11-28
904	0	73	1	2020-11-28
905	0	399	1	2020-11-28
906	0	72	1	2020-11-28
907	0	458	1	2020-11-28
908	0	442	1	2020-11-28
909	0	170	1	2020-11-28
910	0	470	1	2020-11-28
911	0	151	1	2020-11-28
912	0	418	1	2020-11-28
913	0	94	1	2020-11-28
914	0	409	1	2020-11-28
915	0	248	1	2020-11-28
916	0	560	1	2020-11-28
917	0	572	1	2020-11-28
918	0	154	1	2020-11-28
919	1	62	1	2020-11-28
920	0	62	1	2020-11-28
921	0	488	1	2020-11-28
922	0	62	0	2020-11-28
923	0	393	1	2020-11-28
924	1	455	1	2020-11-28
925	1	455	1	2020-11-28
926	0	455	1	2020-11-28
927	0	78	1	2020-11-28
928	0	248	1	2020-11-28
929	0	299	1	2020-11-28
930	0	420	1	2020-11-28
931	0	383	1	2020-11-28
932	0	131	1	2020-11-28
933	0	255	1	2020-11-28
934	0	426	1	2020-11-28
935	0	253	1	2020-11-28
936	0	223	1	2020-11-28
937	1	455	1	2020-11-28
938	0	455	1	2020-11-28
939	0	192	1	2020-11-28
940	1	455	1	2020-11-28
941	0	185	1	2020-11-28
942	1	455	1	2020-11-28
943	0	178	1	2020-11-28
944	1	455	1	2020-11-28
945	0	104	0	2020-11-28
946	0	455	0	2020-11-28
947	0	455	0	2020-11-28
948	1	455	1	2020-11-28
949	1	455	1	2020-11-28
950	0	455	1	2020-11-28
951	0	548	1	2020-11-28
952	1	455	1	2020-11-28
953	0	455	1	2020-11-28
954	1	455	1	2020-11-28
955	1	491	1	2020-11-28
956	0	455	1	2020-11-28
957	0	491	1	2020-11-28
958	0	78	1	2020-11-28
959	0	279	1	2020-11-28
960	1	67	1	2020-11-28
961	0	67	1	2020-11-28
962	1	455	1	2020-11-28
963	0	455	1	2020-11-28
964	0	361	1	2020-11-28
965	0	336	1	2020-11-28
966	0	486	1	2020-11-28
967	0	131	1	2020-11-28
968	0	264	1	2020-11-28
969	0	448	1	2020-11-28
970	0	127	1	2020-11-28
971	0	252	1	2020-11-28
972	0	481	1	2020-11-28
973	0	266	1	2020-11-28
974	0	265	1	2020-11-28
975	0	554	1	2020-11-28
976	0	370	1	2020-11-28
977	0	476	1	2020-11-28
978	0	128	1	2020-11-28
979	0	301	1	2020-11-28
980	0	260	1	2020-11-28
981	0	491	1	2020-11-28
982	0	67	1	2020-11-28
983	0	129	1	2020-11-28
984	0	376	1	2020-11-28
985	0	64	1	2020-11-28
986	0	383	1	2020-11-28
987	0	260	1	2020-11-29
988	0	476	1	2020-11-29
989	0	301	1	2020-11-29
990	0	78	1	2020-11-29
991	0	307	1	2020-11-29
992	0	499	1	2020-11-29
993	0	394	1	2020-11-29
994	0	353	1	2020-11-29
995	0	152	1	2020-11-29
996	0	356	1	2020-11-29
997	0	172	1	2020-11-29
998	0	494	1	2020-11-29
999	0	67	1	2020-11-29
1000	0	117	1	2020-11-29
1001	0	336	1	2020-11-29
1002	0	500	1	2020-11-29
1003	0	454	1	2020-11-29
1004	0	474	1	2020-11-29
1005	0	148	1	2020-11-29
1006	0	487	1	2020-11-29
1007	0	277	1	2020-11-29
1008	0	208	1	2020-11-29
1009	0	103	1	2020-11-29
1010	0	251	1	2020-11-29
1011	0	213	1	2020-11-29
1012	0	138	1	2020-11-29
1013	0	62	1	2020-11-29
1014	0	299	1	2020-11-29
1015	0	65	1	2020-11-29
1016	1	104	1	2020-11-29
1017	0	104	1	2020-11-29
1018	0	102	1	2020-11-29
1019	0	87	1	2020-11-29
1020	0	88	1	2020-11-29
1021	0	86	1	2020-11-29
1022	0	97	1	2020-11-29
1023	0	91	1	2020-11-29
1024	0	101	1	2020-11-29
1025	0	89	1	2020-11-29
1026	0	95	1	2020-11-29
1027	0	82	1	2020-11-29
1028	0	99	1	2020-11-29
1029	0	122	1	2020-11-29
1030	0	106	1	2020-11-29
1031	0	119	1	2020-11-29
1032	0	103	1	2020-11-29
1033	0	105	1	2020-11-29
1034	0	114	1	2020-11-29
1035	0	116	1	2020-11-29
1036	0	110	1	2020-11-29
1037	0	113	1	2020-11-29
1038	0	115	1	2020-11-29
1039	0	121	1	2020-11-29
1040	1	455	1	2020-11-29
1041	0	455	1	2020-11-29
1042	0	249	1	2020-11-29
1043	0	318	1	2020-11-29
1044	0	152	1	2020-11-29
1045	0	426	1	2020-11-29
1046	1	66	1	2020-11-29
1047	0	66	1	2020-11-29
1048	0	104	1	2020-11-29
1049	1	62	1	2020-11-29
1050	0	62	1	2020-11-29
1051	0	76	1	2020-11-29
1052	1	455	1	2020-11-29
1053	0	455	1	2020-11-29
1054	0	125	1	2020-11-29
1055	1	62	1	2020-11-29
1056	0	62	1	2020-11-29
1057	1	455	1	2020-11-29
1058	0	455	1	2020-11-29
1059	1	455	1	2020-11-29
1060	0	455	1	2020-11-29
1061	1	455	1	2020-11-29
1062	1	455	1	2020-11-29
1063	1	455	1	2020-11-29
1064	1	455	1	2020-11-29
1065	1	455	1	2020-11-29
1066	1	455	1	2020-11-29
1067	0	356	1	2020-11-29
1068	1	455	1	2020-11-29
1069	0	488	1	2020-11-29
1070	1	455	1	2020-11-29
1071	1	455	1	2020-11-29
1072	1	455	1	2020-11-29
1073	1	455	1	2020-11-29
1074	1	455	1	2020-11-29
1075	1	455	1	2020-11-29
1076	1	455	1	2020-11-29
1077	1	455	1	2020-11-29
1078	1	455	1	2020-11-29
1079	1	455	1	2020-11-29
1080	1	455	1	2020-11-29
1081	1	455	1	2020-11-29
1082	1	455	1	2020-11-29
1083	1	455	1	2020-11-29
1084	1	455	1	2020-11-29
1085	1	455	1	2020-11-29
1086	0	86	1	2020-11-29
1087	1	455	1	2020-11-29
1088	1	455	1	2020-11-29
1089	1	455	1	2020-11-29
1090	0	177	1	2020-11-29
1091	0	420	1	2020-11-29
1092	0	153	1	2020-11-30
1093	0	252	1	2020-11-30
1094	0	551	1	2020-11-30
1095	0	498	1	2020-11-30
1096	0	187	1	2020-11-30
1097	0	73	1	2020-11-30
1098	0	129	1	2020-11-30
1099	0	126	1	2020-11-30
1100	0	241	1	2020-11-30
1101	0	491	1	2020-11-30
1102	0	329	1	2020-11-30
1103	0	157	1	2020-11-30
1104	0	242	1	2020-11-30
1105	0	120	1	2020-11-30
1106	0	85	1	2020-11-30
1107	0	428	1	2020-11-30
1108	0	223	1	2020-11-30
1109	0	136	1	2020-11-30
1110	0	147	1	2020-11-30
1111	0	95	1	2020-11-30
1112	0	138	1	2020-11-30
1113	0	297	1	2020-11-30
1114	0	358	1	2020-11-30
1115	0	249	1	2020-11-30
1116	0	87	1	2020-11-30
1117	0	243	1	2020-11-30
1118	0	87	1	2020-11-30
1119	0	244	1	2020-11-30
1120	0	309	1	2020-11-30
1121	0	223	1	2020-11-30
1122	0	342	1	2020-11-30
1123	0	153	1	2020-11-30
1124	0	213	1	2020-11-30
1125	0	264	1	2020-11-30
1126	0	154	1	2020-11-30
1127	0	230	1	2020-11-30
1128	0	238	1	2020-11-30
1129	0	402	1	2020-11-30
1130	0	67	1	2020-11-30
1131	0	426	1	2020-11-30
1132	0	479	1	2020-11-30
1133	0	501	1	2020-11-30
1134	0	381	1	2020-11-30
1135	0	253	1	2020-11-30
1136	0	560	1	2020-11-30
1137	0	389	1	2020-11-30
1138	0	361	1	2020-11-30
1139	0	460	1	2020-11-30
1140	0	247	1	2020-11-30
1141	0	64	1	2020-11-30
1142	0	94	1	2020-11-30
1143	0	248	1	2020-11-30
1144	0	86	1	2020-11-30
1145	0	498	1	2020-11-30
1146	0	552	1	2020-11-30
1147	0	250	1	2020-11-30
1148	0	484	1	2020-11-30
1149	0	235	1	2020-11-30
1150	0	136	1	2020-11-30
1151	0	384	1	2020-11-30
1152	0	66	1	2020-11-30
1153	0	109	1	2020-11-30
1154	0	105	1	2020-11-30
1155	0	178	1	2020-11-30
1156	0	113	1	2020-11-30
1157	0	196	1	2020-11-30
1158	0	147	1	2020-11-30
1159	0	385	1	2020-11-30
1160	0	131	1	2020-11-30
1161	0	75	1	2020-11-30
1162	0	242	1	2020-11-30
1163	0	183	1	2020-11-30
1164	0	224	1	2020-11-30
1165	0	325	1	2020-11-30
1166	0	420	1	2020-11-30
1167	0	241	1	2020-11-30
1168	0	371	1	2020-11-30
1169	0	383	1	2020-11-30
1170	0	422	1	2020-11-30
1171	0	217	1	2020-11-30
1172	0	266	1	2020-11-30
1173	0	297	1	2020-11-30
1174	0	437	1	2020-11-30
1175	0	335	1	2020-11-30
1176	0	86	1	2020-11-30
1177	0	177	1	2020-11-30
1178	0	193	1	2020-11-30
1179	0	205	1	2020-11-30
1180	0	549	1	2020-11-30
1181	0	381	1	2020-11-30
1182	0	184	1	2020-11-30
1183	0	230	1	2020-11-30
1184	0	254	1	2020-11-30
1185	0	498	1	2020-12-01
1186	0	73	1	2020-12-01
1187	0	256	1	2020-12-01
1188	0	447	1	2020-12-01
1189	0	68	1	2020-12-01
1190	0	194	1	2020-12-01
1191	0	128	1	2020-12-01
1192	0	262	1	2020-12-01
1193	0	183	1	2020-12-01
1194	0	371	1	2020-12-01
1195	0	136	1	2020-12-01
1196	0	253	1	2020-12-01
1197	0	244	1	2020-12-01
1198	0	87	1	2020-12-01
1199	0	301	1	2020-12-01
1200	0	224	1	2020-12-01
1201	0	399	1	2020-12-01
1202	0	481	1	2020-12-01
1203	0	154	1	2020-12-01
1204	0	114	1	2020-12-01
1205	0	91	1	2020-12-01
1206	0	253	1	2020-12-01
1207	0	264	1	2020-12-01
1208	0	260	1	2020-12-01
1209	0	448	1	2020-12-01
1210	0	89	1	2020-12-01
1211	0	116	1	2020-12-01
1212	0	422	1	2020-12-01
1213	0	91	1	2020-12-01
1214	0	321	1	2020-12-01
1215	0	219	1	2020-12-01
1216	0	491	1	2020-12-01
1217	0	63	1	2020-12-01
1218	0	212	1	2020-12-01
1219	0	571	1	2020-12-01
1220	0	398	1	2020-12-01
1221	0	397	1	2020-12-01
1222	0	473	1	2020-12-01
1223	0	67	1	2020-12-01
1224	0	446	1	2020-12-01
1225	0	488	1	2020-12-01
1226	0	94	1	2020-12-01
1227	0	493	1	2020-12-01
1228	0	335	1	2020-12-01
1229	0	330	1	2020-12-01
1230	0	278	1	2020-12-01
1231	0	293	1	2020-12-01
1232	0	152	1	2020-12-01
1233	0	391	1	2020-12-01
1234	0	524	1	2020-12-01
1235	0	357	1	2020-12-01
1236	0	223	1	2020-12-01
1237	0	78	1	2020-12-01
1238	0	373	1	2020-12-01
1239	0	399	1	2020-12-01
1240	0	488	1	2020-12-01
1241	0	426	1	2020-12-01
1242	0	255	1	2020-12-01
1243	0	131	1	2020-12-01
1244	0	67	1	2020-12-01
1245	0	383	1	2020-12-01
1246	0	420	1	2020-12-01
1247	0	135	1	2020-12-01
1248	0	525	1	2020-12-01
1249	0	78	1	2020-12-01
1250	0	245	1	2020-12-01
1251	0	379	1	2020-12-01
1252	0	288	1	2020-12-01
1253	0	72	1	2020-12-01
1254	0	549	1	2020-12-02
1255	0	285	1	2020-12-02
1256	0	262	1	2020-12-02
1257	0	82	1	2020-12-02
1258	0	277	1	2020-12-02
1259	0	255	1	2020-12-02
1260	0	435	1	2020-12-02
1261	0	338	1	2020-12-02
1262	0	313	1	2020-12-02
1263	0	105	1	2020-12-02
1264	0	183	1	2020-12-02
1265	0	312	1	2020-12-02
1266	0	84	1	2020-12-02
1267	0	73	1	2020-12-02
1268	0	356	1	2020-12-02
1269	0	493	1	2020-12-02
1270	0	326	1	2020-12-02
1271	0	194	1	2020-12-02
1272	0	197	1	2020-12-02
1273	0	352	1	2020-12-02
1274	0	546	1	2020-12-02
1275	0	292	1	2020-12-02
1276	0	63	1	2020-12-02
1277	0	355	1	2020-12-02
1278	0	436	1	2020-12-02
1279	0	67	1	2020-12-02
1280	0	313	1	2020-12-02
1281	0	73	1	2020-12-02
1282	0	194	1	2020-12-02
1283	0	223	1	2020-12-02
1284	0	152	1	2020-12-02
1285	0	488	1	2020-12-02
1286	0	383	1	2020-12-02
1287	0	420	1	2020-12-02
1288	0	186	1	2020-12-02
1289	0	336	1	2020-12-02
1290	0	131	1	2020-12-02
1291	0	222	1	2020-12-02
1292	0	335	1	2020-12-02
1293	0	367	1	2020-12-02
1294	0	251	1	2020-12-02
1295	0	105	1	2020-12-02
1296	0	183	1	2020-12-02
1297	0	312	1	2020-12-02
1298	0	84	1	2020-12-02
1299	0	457	1	2020-12-02
1300	0	398	1	2020-12-02
1301	0	397	1	2020-12-02
1302	0	315	1	2020-12-02
1303	0	519	1	2020-12-02
1304	0	237	1	2020-12-02
1305	0	356	1	2020-12-02
1306	0	304	1	2020-12-02
1307	0	158	1	2020-12-02
1308	0	314	1	2020-12-02
1309	0	131	1	2020-12-02
1310	0	420	1	2020-12-02
1311	0	324	1	2020-12-02
1312	0	494	1	2020-12-02
1313	0	474	1	2020-12-02
1314	0	67	1	2020-12-02
1315	0	223	1	2020-12-02
1316	0	488	1	2020-12-02
1317	0	383	1	2020-12-02
1318	0	454	1	2020-12-02
1319	0	438	1	2020-12-02
1320	0	117	1	2020-12-02
1321	0	394	1	2020-12-02
1322	0	83	1	2020-12-02
1323	0	494	1	2020-12-02
1324	0	83	1	2020-12-02
1325	0	503	1	2020-12-02
1326	0	236	1	2020-12-02
1327	0	499	1	2020-12-02
1328	0	115	1	2020-12-02
1329	0	66	1	2020-12-02
1330	0	116	1	2020-12-02
1331	0	347	1	2020-12-02
1332	0	149	1	2020-12-02
1333	0	181	1	2020-12-02
1334	0	198	1	2020-12-02
1335	0	323	1	2020-12-02
1336	0	300	1	2020-12-02
1337	0	132	1	2020-12-02
1338	0	229	1	2020-12-02
1339	0	570	1	2020-12-02
1340	0	443	1	2020-12-03
1341	0	92	1	2020-12-03
1342	0	536	1	2020-12-03
1343	0	548	1	2020-12-03
1344	0	541	1	2020-12-03
1345	0	550	1	2020-12-03
1346	0	542	1	2020-12-03
1347	0	540	1	2020-12-03
1348	0	545	1	2020-12-03
1349	0	546	1	2020-12-03
1350	0	535	1	2020-12-03
1351	0	262	1	2020-12-03
1352	0	129	1	2020-12-03
1353	0	490	1	2020-12-03
1354	0	313	1	2020-12-03
1355	0	491	1	2020-12-03
1356	0	73	1	2020-12-03
1357	0	73	1	2020-12-03
1358	0	356	1	2020-12-03
1359	0	312	1	2020-12-03
1360	0	183	1	2020-12-03
1361	0	105	1	2020-12-03
1362	0	120	1	2020-12-03
1363	0	330	1	2020-12-03
1364	0	329	1	2020-12-03
1365	0	84	1	2020-12-03
1366	0	118	1	2020-12-03
1367	0	270	1	2020-12-03
1368	0	287	1	2020-12-03
1369	0	434	1	2020-12-03
1370	0	328	1	2020-12-03
1371	0	243	1	2020-12-03
1372	0	223	1	2020-12-03
1373	0	171	1	2020-12-03
1374	0	98	1	2020-12-03
1375	0	474	1	2020-12-03
1376	0	102	1	2020-12-03
1377	0	114	1	2020-12-03
1378	0	454	1	2020-12-03
1379	0	394	1	2020-12-03
1380	0	121	1	2020-12-03
1381	0	96	1	2020-12-03
1382	0	293	1	2020-12-03
1383	0	358	1	2020-12-03
1384	0	86	1	2020-12-03
1385	0	67	1	2020-12-03
1386	0	73	1	2020-12-03
1387	0	313	1	2020-12-03
1388	0	183	1	2020-12-03
1389	0	564	1	2020-12-03
1390	0	105	1	2020-12-03
1391	0	312	1	2020-12-03
1392	0	84	1	2020-12-03
1393	0	557	1	2020-12-03
1394	0	199	1	2020-12-03
1395	0	156	1	2020-12-03
1396	0	333	1	2020-12-03
1397	0	324	1	2020-12-03
1398	0	194	1	2020-12-03
1399	0	380	1	2020-12-04
1400	0	522	1	2020-12-04
1401	0	361	1	2020-12-04
1402	0	489	1	2020-12-04
1403	0	302	1	2020-12-04
1404	0	304	1	2020-12-04
1405	0	391	1	2020-12-04
1406	0	354	1	2020-12-04
1407	0	195	1	2020-12-04
1408	0	570	1	2020-12-04
1409	0	553	1	2020-12-04
1410	0	381	1	2020-12-04
1411	0	447	1	2020-12-04
1412	0	73	1	2020-12-04
1413	0	313	1	2020-12-04
1414	0	105	1	2020-12-04
1415	0	183	1	2020-12-04
1416	0	84	1	2020-12-04
1417	0	312	1	2020-12-04
1418	0	518	1	2020-12-04
1419	0	365	1	2020-12-04
1420	0	145	1	2020-12-04
1421	0	388	1	2020-12-04
1422	0	223	1	2020-12-04
1423	0	356	1	2020-12-04
1424	0	488	1	2020-12-04
1425	0	268	1	2020-12-04
1426	0	131	1	2020-12-04
1427	0	420	1	2020-12-04
1428	0	102	1	2020-12-04
1429	0	383	1	2020-12-04
1430	0	152	1	2020-12-04
1431	0	63	1	2020-12-04
1432	0	314	1	2020-12-04
1433	0	336	1	2020-12-04
1434	0	553	1	2020-12-04
1435	0	558	1	2020-12-04
1436	0	570	1	2020-12-04
1437	0	571	1	2020-12-04
1438	0	557	1	2020-12-04
1439	0	563	1	2020-12-04
1440	0	564	1	2020-12-04
1441	0	556	1	2020-12-04
1442	0	574	1	2020-12-04
1443	0	555	1	2020-12-04
1444	0	124	1	2020-12-04
1445	0	79	1	2020-12-04
1446	0	446	1	2020-12-04
1447	0	510	1	2020-12-04
1448	0	99	1	2020-12-04
1449	0	413	1	2020-12-04
1450	0	378	1	2020-12-04
1451	0	278	1	2020-12-04
1452	0	280	1	2020-12-04
1453	0	97	1	2020-12-04
1454	0	438	1	2020-12-04
1455	0	475	1	2020-12-04
1456	0	283	1	2020-12-04
1457	0	150	1	2020-12-04
1458	0	556	1	2020-12-04
1459	0	282	1	2020-12-04
1460	0	73	1	2020-12-04
1461	0	535	1	2020-12-04
1462	0	313	1	2020-12-04
1463	0	183	1	2020-12-04
1464	0	84	1	2020-12-04
1465	0	206	1	2020-12-04
1466	0	105	1	2020-12-04
1467	0	156	1	2020-12-04
1468	0	352	1	2020-12-04
1469	0	312	1	2020-12-04
1470	0	74	1	2020-12-04
1471	0	180	1	2020-12-04
1472	0	82	1	2020-12-04
1473	0	492	1	2020-12-04
1474	0	232	1	2020-12-04
1475	0	259	1	2020-12-04
1476	0	424	1	2020-12-04
1477	0	417	1	2020-12-04
1478	0	339	1	2020-12-04
1479	0	137	1	2020-12-04
1480	0	175	1	2020-12-04
1481	0	466	1	2020-12-04
1482	0	502	1	2020-12-04
1483	0	135	1	2020-12-04
1484	0	306	1	2020-12-04
1485	0	268	1	2020-12-04
1486	0	455	1	2020-12-04
1487	0	440	1	2020-12-05
1488	0	488	1	2020-12-05
1489	0	214	1	2020-12-05
1490	0	398	1	2020-12-05
1491	0	67	1	2020-12-05
1492	0	441	1	2020-12-05
1493	0	383	1	2020-12-05
1494	0	420	1	2020-12-05
1495	0	131	1	2020-12-05
1496	0	435	1	2020-12-05
1497	0	382	1	2020-12-05
1498	0	223	1	2020-12-05
1499	0	487	1	2020-12-05
1500	0	182	1	2020-12-05
1501	0	270	1	2020-12-05
1502	0	455	1	2020-12-05
1503	0	246	1	2020-12-05
1504	0	322	1	2020-12-05
1505	0	391	1	2020-12-05
1506	0	354	1	2020-12-05
1507	0	153	1	2020-12-05
1508	0	486	1	2020-12-05
1509	0	133	1	2020-12-05
1510	0	110	1	2020-12-05
1511	0	146	1	2020-12-05
1512	0	136	1	2020-12-05
1513	0	191	1	2020-12-05
1514	0	501	1	2020-12-05
1515	0	441	1	2020-12-05
1516	0	444	1	2020-12-05
1517	0	518	1	2020-12-05
1518	0	81	1	2020-12-05
1519	0	313	1	2020-12-05
1520	0	73	1	2020-12-05
1521	0	306	1	2020-12-05
1522	0	446	1	2020-12-05
1523	0	429	1	2020-12-05
1524	0	183	1	2020-12-05
1525	0	84	1	2020-12-05
1526	0	105	1	2020-12-05
1527	0	80	1	2020-12-05
1528	0	312	1	2020-12-05
1529	0	460	1	2020-12-05
1530	0	491	1	2020-12-05
1531	0	129	1	2020-12-05
1532	0	275	1	2020-12-05
1533	0	66	1	2020-12-05
1534	0	136	1	2020-12-05
1535	0	247	1	2020-12-05
1536	0	176	1	2020-12-05
1537	0	69	1	2020-12-05
1538	0	484	1	2020-12-05
1539	0	518	1	2020-12-05
1540	0	126	1	2020-12-05
1541	0	385	1	2020-12-05
1542	0	147	1	2020-12-05
1543	0	187	1	2020-12-05
1544	0	244	1	2020-12-05
1545	0	297	1	2020-12-05
1546	0	153	1	2020-12-05
1547	0	102	1	2020-12-05
1548	0	117	1	2020-12-05
1549	0	318	1	2020-12-05
1550	0	422	1	2020-12-05
1551	0	264	1	2020-12-05
1552	0	84	1	2020-12-05
1553	0	84	1	2020-12-05
1554	0	319	1	2020-12-05
1555	0	238	1	2020-12-05
1556	0	267	1	2020-12-05
1557	0	195	1	2020-12-05
1558	0	219	1	2020-12-05
1559	0	283	1	2020-12-05
1560	0	206	1	2020-12-05
1561	0	150	1	2020-12-05
1562	0	165	1	2020-12-05
1563	0	275	1	2020-12-05
1564	0	281	1	2020-12-05
1565	0	502	1	2020-12-05
1566	0	161	1	2020-12-05
1567	0	462	1	2020-12-05
1568	0	502	1	2020-12-05
1569	0	95	1	2020-12-05
1570	0	306	1	2020-12-05
1571	0	546	1	2020-12-05
1572	0	419	1	2020-12-05
1573	0	444	1	2020-12-05
1574	0	313	1	2020-12-05
1575	0	418	1	2020-12-05
1576	0	73	1	2020-12-05
1577	0	406	1	2020-12-05
1578	0	225	1	2020-12-05
1579	0	135	1	2020-12-05
1580	0	183	1	2020-12-05
1581	0	84	1	2020-12-05
1582	0	105	1	2020-12-05
1583	0	505	1	2020-12-05
1584	0	255	1	2020-12-05
1585	0	431	1	2020-12-05
1586	0	312	1	2020-12-05
1587	0	440	1	2020-12-06
1588	0	315	1	2020-12-06
1589	0	498	1	2020-12-06
1590	0	176	1	2020-12-06
1591	0	351	1	2020-12-06
1592	0	372	1	2020-12-06
1593	0	78	1	2020-12-06
1594	0	73	1	2020-12-06
1595	0	66	1	2020-12-06
1596	0	80	1	2020-12-06
1597	0	75	1	2020-12-06
1598	0	64	1	2020-12-06
1599	0	63	1	2020-12-06
1600	0	67	1	2020-12-06
1601	0	70	1	2020-12-06
1602	0	68	1	2020-12-06
1603	0	441	1	2020-12-06
1604	0	235	1	2020-12-06
1605	0	343	1	2020-12-06
1606	0	481	1	2020-12-06
1607	0	542	1	2020-12-06
1608	0	271	1	2020-12-06
1609	0	80	1	2020-12-06
1610	0	213	1	2020-12-06
1611	0	307	1	2020-12-06
1612	0	389	1	2020-12-06
1613	0	546	1	2020-12-06
1614	0	313	1	2020-12-06
1615	0	111	1	2020-12-06
1616	0	105	1	2020-12-06
1617	0	183	1	2020-12-06
1618	0	84	1	2020-12-06
1619	0	312	1	2020-12-06
1620	0	312	1	2020-12-06
1621	0	468	1	2020-12-06
1622	0	356	1	2020-12-06
1623	0	356	1	2020-12-06
1624	0	370	1	2020-12-06
1625	0	476	1	2020-12-06
1626	0	383	1	2020-12-06
1627	0	260	1	2020-12-06
1628	0	152	1	2020-12-06
1629	0	491	1	2020-12-06
1630	0	301	1	2020-12-06
1631	0	336	1	2020-12-06
1632	0	420	1	2020-12-06
1633	0	335	1	2020-12-06
1634	0	129	1	2020-12-06
1635	0	393	1	2020-12-06
1636	0	315	1	2020-12-06
1637	0	446	1	2020-12-06
1638	0	219	1	2020-12-06
1639	0	473	1	2020-12-06
1640	0	549	1	2020-12-06
1641	0	391	1	2020-12-06
1642	0	193	1	2020-12-06
1643	0	194	1	2020-12-06
1644	0	436	1	2020-12-06
1645	0	397	1	2020-12-06
1646	0	398	1	2020-12-06
1647	0	256	1	2020-12-06
1648	0	170	1	2020-12-06
1649	0	426	1	2020-12-06
1650	0	281	1	2020-12-06
1651	0	528	1	2020-12-06
1652	0	319	1	2020-12-06
1653	0	273	1	2020-12-06
1654	0	359	1	2020-12-06
1655	0	464	1	2020-12-06
1656	0	440	1	2020-12-06
1657	0	375	1	2020-12-06
1658	0	173	1	2020-12-06
1659	0	363	1	2020-12-06
1660	0	291	1	2020-12-06
1661	0	144	1	2020-12-06
1662	0	488	1	2020-12-06
1663	0	131	1	2020-12-06
1664	0	374	1	2020-12-06
1665	0	276	1	2020-12-06
1666	0	233	1	2020-12-06
1667	0	449	1	2020-12-06
1668	0	425	1	2020-12-06
1669	0	192	1	2020-12-06
1670	0	403	1	2020-12-06
1671	0	460	1	2020-12-06
1672	0	256	1	2020-12-06
1673	0	107	1	2020-12-06
1674	0	220	1	2020-12-06
1675	0	130	1	2020-12-06
1676	0	107	1	2020-12-06
1677	0	331	1	2020-12-06
1678	0	313	1	2020-12-06
1679	0	313	1	2020-12-06
1680	0	261	1	2020-12-06
1681	0	512	1	2020-12-06
1682	0	219	1	2020-12-06
1683	0	309	1	2020-12-06
1684	0	73	1	2020-12-06
1685	0	73	1	2020-12-06
1686	0	105	1	2020-12-06
1687	0	222	1	2020-12-06
1688	0	105	1	2020-12-06
1689	0	518	1	2020-12-06
1690	0	84	1	2020-12-06
1691	0	84	1	2020-12-06
1692	0	183	1	2020-12-06
1693	0	183	1	2020-12-06
1694	0	185	1	2020-12-06
1695	0	182	1	2020-12-07
1696	0	333	1	2020-12-07
1697	0	157	1	2020-12-07
1698	0	312	1	2020-12-07
1699	0	312	1	2020-12-07
1700	0	80	1	2020-12-07
1701	0	361	1	2020-12-07
1702	0	289	1	2020-12-07
1703	0	74	1	2020-12-07
1704	0	283	1	2020-12-07
1705	0	322	1	2020-12-07
1706	0	459	1	2020-12-07
1707	0	195	1	2020-12-07
1708	0	448	1	2020-12-07
1709	0	496	1	2020-12-07
1710	0	381	1	2020-12-07
1711	0	547	1	2020-12-07
1712	0	477	1	2020-12-07
1713	0	273	1	2020-12-07
1714	0	100	1	2020-12-07
1715	0	316	1	2020-12-07
1716	0	67	1	2020-12-07
1717	0	67	1	2020-12-07
1718	0	440	1	2020-12-07
1719	0	375	1	2020-12-07
1720	0	313	1	2020-12-07
1721	0	313	1	2020-12-07
1722	0	99	1	2020-12-07
1723	0	153	1	2020-12-07
1724	0	105	1	2020-12-07
1725	0	105	1	2020-12-07
1726	0	73	1	2020-12-07
1727	0	73	1	2020-12-07
1728	0	183	1	2020-12-07
1729	0	183	1	2020-12-07
1730	0	84	1	2020-12-07
1731	0	84	1	2020-12-07
1732	0	122	1	2020-12-07
1733	0	67	1	2020-12-07
1734	0	152	1	2020-12-07
1735	0	356	1	2020-12-07
1736	0	488	1	2020-12-07
1737	0	67	1	2020-12-07
1738	0	356	1	2020-12-07
1739	0	420	1	2020-12-07
1740	0	336	1	2020-12-07
1741	0	223	1	2020-12-07
1742	0	197	1	2020-12-07
1743	0	131	1	2020-12-07
1744	0	383	1	2020-12-07
1745	0	104	1	2020-12-07
1746	0	103	1	2020-12-07
1747	0	105	1	2020-12-07
1748	0	105	1	2020-12-07
1749	0	119	1	2020-12-07
1750	0	115	1	2020-12-07
1751	0	110	1	2020-12-07
1752	0	118	1	2020-12-07
1753	0	113	1	2020-12-07
1754	0	121	1	2020-12-07
1755	0	116	1	2020-12-07
1756	0	106	1	2020-12-07
1757	0	179	1	2020-12-07
1758	0	108	1	2020-12-07
1759	0	137	1	2020-12-07
1760	0	139	1	2020-12-07
1761	0	142	1	2020-12-07
1762	0	123	1	2020-12-07
1763	0	138	1	2020-12-07
1764	0	140	1	2020-12-07
1765	0	125	1	2020-12-07
1766	0	141	1	2020-12-07
1767	0	127	1	2020-12-07
1768	0	133	1	2020-12-07
1769	0	200	1	2020-12-07
1770	0	202	1	2020-12-07
1771	0	159	1	2020-12-07
1772	0	295	1	2020-12-07
1773	0	294	1	2020-12-07
1774	0	427	1	2020-12-07
1775	0	359	1	2020-12-07
1776	0	97	1	2020-12-07
1777	0	78	1	2020-12-07
1778	0	66	1	2020-12-07
1779	0	481	1	2020-12-07
1780	0	222	1	2020-12-07
1781	0	426	1	2020-12-07
1782	0	129	1	2020-12-07
1783	0	219	1	2020-12-07
1784	0	540	1	2020-12-07
1785	0	270	1	2020-12-07
1786	0	192	1	2020-12-07
1787	0	240	1	2020-12-07
1788	0	255	1	2020-12-07
1789	0	257	1	2020-12-07
1790	0	357	1	2020-12-07
1791	0	288	1	2020-12-07
1792	0	154	1	2020-12-07
1793	0	493	1	2020-12-07
1794	0	150	1	2020-12-07
1795	0	290	1	2020-12-07
1796	0	258	1	2020-12-07
1797	0	345	1	2020-12-07
1798	0	414	1	2020-12-07
1799	0	528	1	2020-12-07
1800	0	285	1	2020-12-07
1801	0	513	1	2020-12-07
1802	0	520	1	2020-12-07
1803	0	383	1	2020-12-07
1804	0	521	1	2020-12-07
1805	0	335	1	2020-12-07
1806	0	530	1	2020-12-07
1807	0	524	1	2020-12-07
1808	0	517	1	2020-12-07
1809	0	523	1	2020-12-07
1810	0	527	1	2020-12-07
1811	0	529	1	2020-12-07
1812	0	305	1	2020-12-07
1813	0	190	1	2020-12-07
1814	0	332	1	2020-12-07
1815	0	251	1	2020-12-07
1816	0	542	1	2020-12-07
1817	0	128	1	2020-12-07
1818	0	333	1	2020-12-07
1819	0	271	1	2020-12-07
1820	0	491	1	2020-12-07
1821	0	459	1	2020-12-07
1822	0	510	1	2020-12-07
1823	0	525	1	2020-12-07
1824	0	312	1	2020-12-07
1825	0	312	1	2020-12-07
1826	0	151	1	2020-12-07
1827	0	470	1	2020-12-07
1828	0	176	1	2020-12-07
1829	0	378	1	2020-12-07
1830	0	242	1	2020-12-07
1831	0	146	1	2020-12-07
1832	0	214	1	2020-12-07
1833	0	94	1	2020-12-07
1834	0	81	1	2020-12-07
1835	0	106	1	2020-12-07
1836	0	409	1	2020-12-07
1837	0	104	1	2020-12-07
1838	0	247	1	2020-12-07
1839	0	523	1	2020-12-07
1840	0	448	1	2020-12-07
1841	0	150	1	2020-12-07
1842	0	479	1	2020-12-07
1843	0	503	1	2020-12-07
1844	0	236	1	2020-12-07
1845	0	347	1	2020-12-07
1846	0	115	1	2020-12-07
1847	0	181	1	2020-12-07
1848	0	116	1	2020-12-07
1849	0	499	1	2020-12-07
1850	0	149	1	2020-12-07
1851	0	323	1	2020-12-07
1852	0	198	1	2020-12-07
1853	0	229	1	2020-12-07
1854	0	132	1	2020-12-07
1855	0	128	1	2020-12-07
1856	0	83	1	2020-12-07
1857	0	300	1	2020-12-07
1858	0	102	1	2020-12-07
1859	0	442	1	2020-12-07
1860	0	215	1	2020-12-07
1861	0	547	1	2020-12-07
1862	0	97	1	2020-12-07
1863	0	282	1	2020-12-07
1864	0	113	1	2020-12-07
1865	0	154	1	2020-12-07
1866	0	263	1	2020-12-07
1867	0	340	1	2020-12-07
1868	0	408	1	2020-12-07
1869	0	207	1	2020-12-07
1870	0	401	1	2020-12-07
1871	0	344	1	2020-12-07
1872	0	231	1	2020-12-07
1873	0	86	1	2020-12-07
1874	0	166	1	2020-12-07
1875	0	461	1	2020-12-07
1876	0	169	1	2020-12-07
1877	0	480	1	2020-12-07
1878	0	433	1	2020-12-07
1879	0	243	1	2020-12-07
1880	0	546	1	2020-12-07
1881	0	378	1	2020-12-07
1882	0	64	1	2020-12-07
1883	0	381	1	2020-12-07
1884	0	413	1	2020-12-07
1885	0	296	1	2020-12-07
1886	0	136	1	2020-12-07
1887	0	62	1	2020-12-07
1888	0	500	1	2020-12-07
1889	0	117	1	2020-12-07
1890	0	454	1	2020-12-07
1891	0	394	1	2020-12-07
1892	0	474	1	2020-12-07
1893	0	353	1	2020-12-07
1894	0	307	1	2020-12-07
1895	0	494	1	2020-12-07
1896	0	313	1	2020-12-07
1897	0	313	1	2020-12-07
1898	0	452	1	2020-12-07
1899	0	283	1	2020-12-07
1900	0	86	1	2020-12-07
1901	0	105	1	2020-12-08
1902	0	105	1	2020-12-08
1903	0	183	1	2020-12-08
1904	0	183	1	2020-12-08
1905	0	138	1	2020-12-08
1906	0	73	1	2020-12-08
1907	0	73	1	2020-12-08
1908	0	496	1	2020-12-08
1909	0	312	1	2020-12-08
1910	0	270	1	2020-12-08
1911	0	252	1	2020-12-08
1912	0	561	1	2020-12-08
1913	0	428	1	2020-12-08
1914	0	143	1	2020-12-08
1915	0	246	1	2020-12-08
1916	0	153	1	2020-12-08
1917	0	500	1	2020-12-08
1918	0	316	1	2020-12-08
1919	0	67	1	2020-12-08
1920	0	223	1	2020-12-08
1921	0	129	1	2020-12-08
1922	0	66	1	2020-12-08
1923	0	491	1	2020-12-08
1924	0	67	1	2020-12-08
1925	0	277	1	2020-12-08
1926	0	76	1	2020-12-08
1927	0	487	1	2020-12-08
1928	0	230	1	2020-12-08
1929	0	123	1	2020-12-08
1930	0	481	1	2020-12-08
1931	0	501	1	2020-12-08
1932	0	172	1	2020-12-08
1933	0	264	1	2020-12-08
1934	0	149	1	2020-12-08
1935	0	303	1	2020-12-08
1936	0	255	1	2020-12-08
1937	0	426	1	2020-12-08
1938	0	188	1	2020-12-08
1939	0	299	1	2020-12-08
1940	0	185	1	2020-12-08
1941	0	253	1	2020-12-08
1942	0	248	1	2020-12-08
1943	0	78	1	2020-12-08
1944	0	462	1	2020-12-08
1945	0	455	1	2020-12-08
1946	0	132	1	2020-12-08
1947	0	313	1	2020-12-08
1948	0	313	1	2020-12-08
1949	0	343	1	2020-12-08
1950	0	177	1	2020-12-08
1951	0	264	1	2020-12-08
1952	0	313	1	2020-12-08
1953	0	100	1	2020-12-08
1954	0	284	1	2020-12-08
1955	0	73	1	2020-12-08
1956	0	73	1	2020-12-08
1957	0	183	1	2020-12-08
1958	0	183	1	2020-12-08
1959	0	126	1	2020-12-08
1960	0	529	1	2020-12-08
1961	0	238	1	2020-12-08
1962	0	431	1	2020-12-08
1963	0	126	1	2020-12-08
1964	0	141	1	2020-12-08
1965	0	267	1	2020-12-08
1966	0	500	1	2020-12-08
1967	0	523	1	2020-12-08
1968	0	312	1	2020-12-08
1969	0	312	1	2020-12-08
1970	0	273	1	2020-12-08
1971	0	406	1	2020-12-08
1972	0	214	1	2020-12-08
1973	0	281	1	2020-12-08
1974	0	419	1	2020-12-08
1975	0	375	1	2020-12-08
1976	0	176	1	2020-12-08
1977	0	80	1	2020-12-08
1978	0	440	1	2020-12-08
1979	0	153	1	2020-12-08
1980	0	138	1	2020-12-08
1981	0	152	1	2020-12-08
1982	0	574	1	2020-12-08
1983	0	336	1	2020-12-08
1984	0	422	1	2020-12-08
1985	0	560	1	2020-12-08
1986	0	329	1	2020-12-08
1987	0	420	1	2020-12-08
1988	0	356	1	2020-12-08
1989	0	277	1	2020-12-08
1990	0	195	1	2020-12-08
1991	0	356	1	2020-12-08
1992	0	361	1	2020-12-08
1993	0	557	1	2020-12-08
1994	0	283	1	2020-12-08
1995	0	156	1	2020-12-08
1996	0	355	1	2020-12-08
1997	0	457	1	2020-12-08
1998	0	447	1	2020-12-08
1999	0	393	1	2020-12-08
2000	0	114	1	2020-12-08
2001	0	275	1	2020-12-08
2002	0	95	1	2020-12-08
2003	0	81	1	2020-12-08
2004	0	156	1	2020-12-08
2005	0	244	1	2020-12-08
2006	0	318	1	2020-12-08
2007	0	540	1	2020-12-08
2008	0	307	1	2020-12-08
2009	0	225	1	2020-12-08
2010	0	535	1	2020-12-08
2011	0	458	1	2020-12-08
2012	0	255	1	2020-12-08
2013	0	431	1	2020-12-08
2014	0	521	1	2020-12-08
2015	0	332	1	2020-12-08
2016	0	150	1	2020-12-08
2017	0	187	1	2020-12-09
2018	0	313	1	2020-12-09
2019	0	73	1	2020-12-09
2020	0	73	1	2020-12-09
2021	0	178	1	2020-12-09
2022	0	117	1	2020-12-09
2023	0	498	1	2020-12-09
2024	0	88	1	2020-12-09
2025	0	572	1	2020-12-09
2026	0	280	1	2020-12-09
2027	0	183	1	2020-12-09
2028	0	183	1	2020-12-09
2029	0	356	1	2020-12-09
2030	0	356	1	2020-12-09
2031	0	402	1	2020-12-09
2032	0	235	1	2020-12-09
2033	0	84	1	2020-12-09
2034	0	84	1	2020-12-09
2035	0	484	1	2020-12-09
2036	0	312	1	2020-12-09
2037	0	312	1	2020-12-09
2038	0	574	1	2020-12-09
2039	0	119	1	2020-12-09
2040	0	376	1	2020-12-09
2041	0	308	1	2020-12-09
2042	0	249	1	2020-12-09
2043	0	471	1	2020-12-09
2044	0	392	1	2020-12-09
2045	0	271	1	2020-12-09
2046	0	497	1	2020-12-09
2047	0	94	1	2020-12-09
2048	0	89	1	2020-12-09
2049	0	99	1	2020-12-09
2050	0	88	1	2020-12-09
2051	0	86	1	2020-12-09
2052	0	102	1	2020-12-09
2053	0	97	1	2020-12-09
2054	0	95	1	2020-12-09
2055	0	213	1	2020-12-09
2056	0	542	1	2020-12-09
2057	0	389	1	2020-12-09
2058	0	279	1	2020-12-09
2059	0	299	1	2020-12-09
2060	0	170	1	2020-12-09
2061	0	426	1	2020-12-09
2062	0	122	1	2020-12-09
2063	0	460	1	2020-12-09
2064	0	107	1	2020-12-09
2065	0	331	1	2020-12-09
2066	0	399	1	2020-12-09
2067	0	309	1	2020-12-09
2068	0	185	1	2020-12-09
2069	0	157	1	2020-12-09
2070	0	486	1	2020-12-10
2071	0	548	1	2020-12-10
2072	0	342	1	2020-12-10
2073	0	320	1	2020-12-10
2074	0	448	1	2020-12-10
2075	0	130	1	2020-12-10
2076	0	316	1	2020-12-10
2077	0	477	1	2020-12-10
2078	0	261	1	2020-12-10
2079	0	313	1	2020-12-10
2080	0	67	1	2020-12-10
2081	0	84	1	2020-12-10
2082	0	353	1	2020-12-10
2083	0	312	1	2020-12-10
2084	0	183	1	2020-12-10
2085	0	105	1	2020-12-10
2086	0	356	1	2020-12-10
2087	0	172	1	2020-12-10
2088	0	73	1	2020-12-10
2089	0	419	1	2020-12-10
2090	0	174	1	2020-12-10
2091	0	355	1	2020-12-10
2092	0	343	1	2020-12-10
2093	0	159	1	2020-12-10
2094	0	401	1	2020-12-10
2095	0	111	1	2020-12-10
2096	0	427	1	2020-12-10
2097	0	425	1	2020-12-10
2098	0	305	1	2020-12-10
2099	0	296	1	2020-12-10
2100	0	130	1	2020-12-10
2101	0	414	1	2020-12-10
2102	0	231	1	2020-12-10
2103	0	190	1	2020-12-10
2104	0	316	1	2020-12-10
2105	0	459	1	2020-12-10
2106	0	496	1	2020-12-10
2107	0	344	1	2020-12-10
2108	0	258	1	2020-12-10
2109	0	271	1	2020-12-10
2110	0	261	1	2020-12-10
2111	0	144	1	2020-12-10
2112	0	295	1	2020-12-10
2113	0	403	1	2020-12-10
2114	0	294	1	2020-12-10
2115	0	140	1	2020-12-10
2116	0	375	1	2020-12-10
2117	0	154	1	2020-12-10
2118	0	474	1	2020-12-10
2119	0	452	1	2020-12-10
2120	0	531	1	2020-12-10
2121	0	428	1	2020-12-10
2122	0	252	1	2020-12-10
2123	0	500	1	2020-12-10
2124	0	487	1	2020-12-11
2125	0	230	1	2020-12-11
2126	0	357	1	2020-12-11
2127	0	284	1	2020-12-11
2128	0	73	1	2020-12-11
2129	0	156	1	2020-12-11
2130	0	288	1	2020-12-11
2131	0	499	1	2020-12-11
2132	0	117	1	2020-12-11
2133	0	454	1	2020-12-11
2134	0	494	1	2020-12-12
2135	0	283	1	2020-12-12
2136	0	122	1	2020-12-12
2137	0	400	1	2020-12-12
2138	0	394	1	2020-12-12
2139	0	225	1	2020-12-12
2140	0	148	1	2020-12-12
2141	0	179	1	2020-12-12
2142	0	245	1	2020-12-12
2143	0	399	1	2020-12-12
2144	0	465	1	2020-12-12
2145	0	528	1	2020-12-12
2146	0	353	1	2020-12-12
2147	0	457	1	2020-12-12
2148	0	545	1	2020-12-13
2149	0	474	1	2020-12-13
2150	0	531	1	2020-12-13
2151	0	379	1	2020-12-13
2152	0	92	1	2020-12-13
2153	0	514	1	2020-12-13
2154	0	357	1	2020-12-13
2155	0	512	1	2020-12-13
2156	0	486	1	2020-12-14
2157	0	288	1	2020-12-14
2158	0	368	1	2020-12-14
2159	0	298	1	2020-12-14
2160	0	538	1	2020-12-14
2161	0	283	1	2020-12-14
2162	0	179	1	2020-12-14
2163	0	69	1	2020-12-14
2164	0	69	1	2020-12-14
2165	0	245	1	2020-12-14
2166	0	62	1	2020-12-15
2167	0	63	1	2020-12-15
2168	0	64	1	2020-12-15
2169	0	65	1	2020-12-15
2170	0	66	1	2020-12-15
2171	0	67	1	2020-12-15
2172	0	68	1	2020-12-15
2173	0	69	1	2020-12-15
2174	0	70	1	2020-12-15
2175	0	71	1	2020-12-15
2176	0	72	1	2020-12-15
2177	0	73	1	2020-12-15
2178	0	74	1	2020-12-15
2179	0	75	1	2020-12-15
2180	0	76	1	2020-12-15
2181	0	77	1	2020-12-15
2182	0	78	1	2020-12-15
2183	0	79	1	2020-12-15
2184	0	80	1	2020-12-15
2185	0	81	1	2020-12-15
2186	0	575	1	2020-12-15
2187	0	574	1	2020-12-15
2188	0	573	1	2020-12-15
2189	0	572	1	2020-12-15
2190	0	571	1	2020-12-15
2191	0	570	1	2020-12-15
2192	0	567	1	2020-12-15
2193	0	564	1	2020-12-15
2194	0	563	1	2020-12-15
2195	0	562	1	2020-12-15
2196	0	561	1	2020-12-15
2197	0	560	1	2020-12-15
2198	0	559	1	2020-12-15
2199	0	558	1	2020-12-15
2200	0	557	1	2020-12-15
2201	0	556	1	2020-12-15
2202	0	555	1	2020-12-15
2203	0	554	1	2020-12-15
2204	0	553	1	2020-12-15
2205	0	552	1	2020-12-15
2206	0	465	1	2020-12-15
2207	0	528	1	2020-12-15
2208	0	457	1	2020-12-15
2209	0	106	1	2020-12-15
2210	0	109	1	2020-12-15
2211	0	373	1	2020-12-16
2212	0	536	1	2020-12-16
2213	0	349	1	2020-12-16
2214	0	430	1	2020-12-16
2215	0	92	1	2020-12-16
2216	0	193	1	2020-12-16
2217	0	512	1	2020-12-16
2218	0	421	1	2020-12-16
2219	0	105	1	2020-12-16
2220	0	64	1	2020-12-16
2221	0	340	1	2020-12-16
2222	0	64	1	2020-12-16
2223	0	105	1	2020-12-16
2224	0	106	1	2020-12-16
2225	0	254	1	2020-12-16
2226	0	435	1	2020-12-16
2227	0	139	1	2020-12-16
2228	0	93	1	2020-12-16
2229	0	494	1	2020-12-16
2230	0	155	1	2020-12-16
2231	0	89	1	2020-12-16
2232	0	486	1	2020-12-16
2233	0	368	1	2020-12-16
2234	0	298	1	2020-12-17
2235	0	538	1	2020-12-17
2236	0	380	1	2020-12-17
2237	0	495	1	2020-12-17
2238	0	135	1	2020-12-17
2239	0	111	1	2020-12-17
2240	0	532	1	2020-12-17
2241	0	106	1	2020-12-18
2242	0	160	1	2020-12-18
2243	0	524	1	2020-12-18
2244	0	109	1	2020-12-18
2245	0	375	1	2020-12-18
2246	0	536	1	2020-12-18
2247	0	430	1	2020-12-18
2248	0	361	1	2020-12-18
2249	0	349	1	2020-12-18
2250	0	393	1	2020-12-18
2251	0	316	1	2020-12-18
2252	0	378	1	2020-12-18
2253	0	525	1	2020-12-18
2254	0	193	1	2020-12-18
2255	0	320	1	2020-12-18
2256	0	458	1	2020-12-19
2257	0	76	1	2020-12-19
2258	0	139	1	2020-12-19
2259	0	272	1	2020-12-19
2260	0	93	1	2020-12-19
2261	0	106	1	2020-12-19
2262	0	254	1	2020-12-19
2263	0	340	1	2020-12-19
2264	0	435	1	2020-12-19
2265	0	494	1	2020-12-19
2266	0	155	1	2020-12-19
2267	0	409	1	2020-12-19
2268	0	62	1	2020-12-19
2269	0	89	1	2020-12-19
2270	0	248	1	2020-12-19
2271	0	386	1	2020-12-19
2272	0	198	1	2020-12-19
2273	0	323	1	2020-12-19
2274	0	139	1	2020-12-19
2275	0	277	1	2020-12-19
2276	0	318	1	2020-12-19
2277	0	149	1	2020-12-19
2278	0	254	1	2020-12-19
2279	0	340	1	2020-12-19
2280	0	106	1	2020-12-19
2281	0	93	1	2020-12-19
2282	0	435	1	2020-12-19
2283	0	494	1	2020-12-19
2284	0	359	1	2020-12-19
2285	0	122	1	2020-12-19
2286	0	138	1	2020-12-19
2287	0	513	1	2020-12-19
2288	0	495	1	2020-12-19
2289	0	548	1	2020-12-19
2290	0	527	1	2020-12-19
2291	0	94	1	2020-12-19
2292	0	242	1	2020-12-19
2293	0	520	1	2020-12-20
2294	0	279	1	2020-12-20
2295	0	139	1	2020-12-20
2296	0	431	1	2020-12-20
2297	0	497	1	2020-12-20
2298	0	340	1	2020-12-20
2299	0	93	1	2020-12-20
2300	0	254	1	2020-12-20
2301	0	435	1	2020-12-20
2302	0	498	1	2020-12-20
2303	0	280	1	2020-12-20
2304	0	270	1	2020-12-20
2305	0	106	1	2020-12-20
2306	0	494	1	2020-12-20
2307	0	329	1	2020-12-20
2308	0	224	1	2020-12-20
2309	0	111	1	2020-12-20
2310	0	154	1	2020-12-20
2311	0	143	1	2020-12-20
2312	0	486	1	2020-12-20
2313	0	529	1	2020-12-20
2314	0	119	1	2020-12-20
2315	0	86	1	2020-12-20
2316	0	132	1	2020-12-20
2317	0	139	1	2020-12-20
2318	0	127	1	2020-12-20
2319	0	100	1	2020-12-20
2320	0	200	1	2020-12-20
2321	0	435	1	2020-12-20
2322	0	340	1	2020-12-20
2323	0	93	1	2020-12-20
2324	0	106	1	2020-12-20
2325	0	254	1	2020-12-20
2326	0	188	1	2020-12-20
2327	0	179	1	2020-12-20
2328	0	109	1	2020-12-20
2329	0	264	1	2020-12-20
2330	0	494	1	2020-12-20
2331	0	136	1	2020-12-20
2332	0	477	1	2020-12-20
2333	0	249	1	2020-12-20
2334	0	300	1	2020-12-20
2335	0	108	1	2020-12-21
2336	0	160	1	2020-12-21
2337	0	139	1	2020-12-21
2338	0	376	1	2020-12-21
2339	0	521	1	2020-12-21
2340	0	524	1	2020-12-21
2341	0	435	1	2020-12-21
2342	0	106	1	2020-12-21
2343	0	93	1	2020-12-21
2344	0	254	1	2020-12-21
2345	0	340	1	2020-12-21
2346	0	513	1	2020-12-21
2347	0	513	1	2020-12-21
2348	0	375	1	2020-12-21
2349	0	494	1	2020-12-21
2350	0	229	1	2020-12-21
2351	0	294	1	2020-12-21
2352	0	113	1	2020-12-21
2353	0	346	1	2020-12-21
2354	0	468	1	2020-12-21
2355	0	300	1	2020-12-21
2356	0	160	1	2020-12-21
2357	0	471	1	2020-12-21
2358	0	139	1	2020-12-21
2359	0	435	1	2020-12-21
2360	0	435	1	2020-12-21
2361	0	106	1	2020-12-21
2362	0	106	1	2020-12-21
2363	0	93	1	2020-12-21
2364	0	93	1	2020-12-21
2365	0	254	1	2020-12-21
2366	0	254	1	2020-12-21
2367	0	340	1	2020-12-21
2368	0	340	1	2020-12-21
2369	0	494	1	2020-12-21
2370	0	494	1	2020-12-21
2371	0	295	1	2020-12-21
2372	0	305	1	2020-12-21
2373	0	139	1	2020-12-22
2374	0	106	1	2020-12-22
2375	0	106	1	2020-12-22
2376	0	435	1	2020-12-22
2377	0	254	1	2020-12-22
2378	0	93	1	2020-12-22
2379	0	93	1	2020-12-22
2380	0	340	1	2020-12-22
2381	0	403	1	2020-12-22
2382	0	494	1	2020-12-22
2383	0	190	1	2020-12-22
2384	0	513	1	2020-12-22
2385	0	174	1	2020-12-22
2386	0	249	1	2020-12-22
2387	0	140	1	2020-12-22
2388	0	139	1	2020-12-22
2389	0	139	1	2020-12-22
2390	0	435	1	2020-12-22
2391	0	254	1	2020-12-22
2392	0	254	1	2020-12-22
2393	0	106	1	2020-12-22
2394	0	93	1	2020-12-22
2395	0	340	1	2020-12-22
2396	0	494	1	2020-12-22
2397	0	73	1	2020-12-22
2398	0	258	1	2020-12-23
2399	0	521	1	2020-12-23
2400	0	529	1	2020-12-23
2401	0	108	1	2020-12-23
2402	0	459	1	2020-12-23
2403	0	113	1	2020-12-23
2404	0	388	1	2020-12-23
2405	0	376	1	2020-12-23
2406	0	139	1	2020-12-23
2407	0	254	1	2020-12-23
2408	0	435	1	2020-12-23
2409	0	435	1	2020-12-23
2410	0	344	1	2020-12-23
2411	0	93	1	2020-12-23
2412	0	93	1	2020-12-23
2413	0	310	1	2020-12-23
2414	0	106	1	2020-12-23
2415	0	106	1	2020-12-23
2416	0	340	1	2020-12-23
2417	0	494	1	2020-12-23
2418	0	494	1	2020-12-23
2419	0	539	1	2020-12-23
2420	0	427	1	2020-12-23
2421	0	155	1	2020-12-23
2422	0	231	1	2020-12-23
2423	0	477	1	2020-12-23
2424	0	229	1	2020-12-23
2425	0	139	1	2020-12-23
2426	0	139	1	2020-12-23
2427	0	254	1	2020-12-23
2428	0	254	1	2020-12-23
2429	0	93	1	2020-12-23
2430	0	93	1	2020-12-23
2431	0	435	1	2020-12-23
2432	0	435	1	2020-12-23
2433	0	531	1	2020-12-23
2434	0	106	1	2020-12-23
2435	0	106	1	2020-12-23
2436	0	296	1	2020-12-23
2437	0	401	1	2020-12-23
2438	0	159	1	2020-12-23
2439	0	340	1	2020-12-23
2440	0	340	1	2020-12-23
2441	0	456	1	2020-12-23
2442	0	494	1	2020-12-23
2443	0	494	1	2020-12-23
2444	0	425	1	2020-12-23
2445	0	425	1	2020-12-23
2446	0	144	1	2020-12-24
2447	0	346	1	2020-12-24
2448	0	298	1	2020-12-24
2449	0	538	1	2020-12-24
2450	0	468	1	2020-12-24
2451	0	414	1	2020-12-24
2452	0	471	1	2020-12-24
2453	0	139	1	2020-12-24
2454	0	139	1	2020-12-24
2455	0	254	1	2020-12-24
2456	0	254	1	2020-12-24
2457	0	93	1	2020-12-24
2458	0	93	1	2020-12-24
2459	0	106	1	2020-12-24
2460	0	106	1	2020-12-24
2461	0	435	1	2020-12-24
2462	0	435	1	2020-12-24
2463	0	271	1	2020-12-24
2464	0	340	1	2020-12-24
2465	0	340	1	2020-12-24
2466	0	494	1	2020-12-24
2467	0	494	1	2020-12-24
2468	0	423	1	2020-12-24
2469	0	254	1	2020-12-24
2470	0	254	1	2020-12-24
2471	0	268	1	2020-12-24
2472	0	139	1	2020-12-24
2473	0	139	1	2020-12-24
2474	0	93	1	2020-12-24
2475	0	93	1	2020-12-24
2476	0	106	1	2020-12-24
2477	0	106	1	2020-12-24
2478	0	435	1	2020-12-24
2479	0	435	1	2020-12-24
2480	0	340	1	2020-12-24
2481	0	340	1	2020-12-24
2482	0	494	1	2020-12-24
2483	0	494	1	2020-12-24
2484	0	160	1	2020-12-25
2485	0	544	1	2020-12-25
2486	0	314	1	2020-12-25
2487	0	148	1	2020-12-25
2488	0	254	1	2020-12-25
2489	0	254	1	2020-12-25
2490	0	139	1	2020-12-25
2491	0	139	1	2020-12-25
2492	0	93	1	2020-12-25
2493	0	93	1	2020-12-25
2494	0	106	1	2020-12-25
2495	0	106	1	2020-12-25
2496	0	435	1	2020-12-25
2497	0	435	1	2020-12-25
2498	0	340	1	2020-12-25
2499	0	340	1	2020-12-25
2500	0	102	1	2020-12-25
2501	0	494	1	2020-12-25
2502	0	494	1	2020-12-25
2503	0	271	1	2020-12-25
2504	0	414	1	2020-12-25
2505	0	458	1	2020-12-25
2506	0	93	1	2020-12-25
2507	0	93	1	2020-12-25
2508	0	152	1	2020-12-25
2509	0	488	1	2020-12-25
2510	0	273	1	2020-12-25
2511	0	420	1	2020-12-25
2512	0	254	1	2020-12-25
2513	0	254	1	2020-12-25
2514	0	106	1	2020-12-25
2515	0	401	1	2020-12-25
2516	0	139	1	2020-12-25
2517	0	240	1	2020-12-25
2518	0	435	1	2020-12-25
2519	0	435	1	2020-12-25
2520	0	340	1	2020-12-25
2521	0	543	1	2020-12-25
2522	0	494	1	2020-12-25
2523	0	124	1	2020-12-26
2524	0	539	1	2020-12-26
2525	0	336	1	2020-12-26
2526	0	67	1	2020-12-26
2527	0	383	1	2020-12-26
2528	0	131	1	2020-12-26
2529	0	223	1	2020-12-26
2530	0	358	1	2020-12-26
2531	0	563	1	2020-12-26
2532	0	197	1	2020-12-26
2533	0	68	1	2020-12-26
2534	0	491	1	2020-12-26
2535	0	122	1	2020-12-26
2536	0	356	1	2020-12-26
2537	0	514	1	2020-12-26
2538	0	129	1	2020-12-26
2539	0	531	1	2020-12-26
2540	0	66	1	2020-12-26
2541	0	254	1	2020-12-26
2542	0	254	1	2020-12-26
2543	0	139	1	2020-12-26
2544	0	139	1	2020-12-26
2545	0	106	1	2020-12-26
2546	0	106	1	2020-12-26
2547	0	305	1	2020-12-26
2548	0	435	1	2020-12-26
2549	0	435	1	2020-12-26
2550	0	231	1	2020-12-26
2551	0	340	1	2020-12-26
2552	0	340	1	2020-12-26
2553	0	202	1	2020-12-26
2554	0	494	1	2020-12-26
2555	0	344	1	2020-12-26
2556	0	142	1	2020-12-26
2557	0	166	1	2020-12-26
2558	0	433	1	2020-12-26
2559	0	254	1	2020-12-26
2560	0	106	1	2020-12-26
2561	0	106	1	2020-12-26
2562	0	461	1	2020-12-26
2563	0	139	1	2020-12-26
2564	0	435	1	2020-12-26
2565	0	340	1	2020-12-27
2566	0	148	1	2020-12-27
2567	0	315	1	2020-12-27
2568	0	223	1	2020-12-27
2569	0	92	1	2020-12-27
2570	0	129	1	2020-12-27
2571	0	528	1	2020-12-27
2572	0	491	1	2020-12-27
2573	0	195	1	2020-12-27
2574	0	420	1	2020-12-27
2575	0	488	1	2020-12-27
2576	0	131	1	2020-12-27
2577	0	552	1	2020-12-27
2578	0	526	1	2020-12-27
2579	0	295	1	2020-12-27
2580	0	190	1	2020-12-27
2581	0	257	1	2020-12-27
2582	0	427	1	2020-12-27
2583	0	155	1	2020-12-27
2584	0	281	1	2020-12-27
2585	0	341	1	2020-12-27
2586	0	274	1	2020-12-27
2587	0	209	1	2020-12-27
2588	0	316	1	2020-12-27
2589	0	119	1	2020-12-27
2590	0	100	1	2020-12-27
2591	0	114	1	2020-12-27
2592	0	63	1	2020-12-27
2593	0	102	1	2020-12-27
2594	0	322	1	2020-12-27
2595	0	71	1	2020-12-27
2596	0	310	1	2020-12-27
2597	0	477	1	2020-12-27
2598	0	172	1	2020-12-27
2599	0	415	1	2020-12-27
2600	0	67	1	2020-12-27
2601	0	152	1	2020-12-27
2602	0	104	1	2020-12-27
2603	0	121	1	2020-12-27
2604	0	292	1	2020-12-27
2605	0	162	1	2020-12-27
2606	0	113	1	2020-12-27
2607	0	383	1	2020-12-27
2608	0	354	1	2020-12-27
2609	0	111	1	2020-12-27
2610	0	203	1	2020-12-27
2611	0	128	1	2020-12-27
2612	0	397	1	2020-12-27
2613	0	407	1	2020-12-27
2614	0	200	1	2020-12-27
2615	0	360	1	2020-12-27
2616	0	345	1	2020-12-27
2617	0	97	1	2020-12-27
2618	0	263	1	2020-12-27
2619	0	189	1	2020-12-27
2620	0	456	1	2020-12-28
2621	0	294	1	2020-12-28
2622	0	84	1	2020-12-28
2623	0	458	1	2020-12-28
2624	0	414	1	2020-12-28
2625	0	298	1	2020-12-28
2626	0	456	1	2020-12-28
2627	0	538	1	2020-12-28
2628	0	306	1	2020-12-28
2629	0	417	1	2020-12-28
2630	0	468	1	2020-12-28
2631	0	150	1	2020-12-28
2632	0	346	1	2020-12-28
2633	0	530	1	2020-12-28
2634	0	395	1	2020-12-28
2635	0	467	1	2020-12-28
2636	0	227	1	2020-12-28
2637	0	401	1	2020-12-28
2638	0	108	1	2020-12-28
2639	0	240	1	2020-12-28
2640	0	258	1	2020-12-28
2641	0	543	1	2020-12-28
2642	0	159	1	2020-12-28
2643	0	397	1	2020-12-28
2644	0	543	1	2020-12-28
2645	0	290	1	2020-12-29
2646	0	208	1	2020-12-29
2647	0	231	1	2020-12-29
2648	0	191	1	2020-12-29
2649	0	202	1	2020-12-29
2650	0	344	1	2020-12-29
2651	0	373	1	2020-12-29
2652	0	426	1	2020-12-29
2653	0	78	1	2020-12-29
2654	0	524	1	2020-12-29
2655	0	399	1	2020-12-29
2656	0	357	1	2020-12-29
2657	0	255	1	2020-12-29
2658	0	192	1	2020-12-29
2659	0	455	1	2020-12-29
2660	0	299	1	2020-12-29
2661	0	248	1	2020-12-29
2662	0	253	1	2020-12-29
2663	0	188	1	2020-12-29
2664	0	312	1	2020-12-29
2665	0	126	1	2020-12-29
2666	0	185	1	2020-12-29
2667	0	79	1	2020-12-29
2668	0	66	1	2020-12-29
2669	0	462	1	2020-12-29
2670	0	178	1	2020-12-29
2671	0	421	1	2020-12-29
2672	0	225	1	2020-12-29
2673	0	385	1	2020-12-29
2674	0	166	1	2020-12-29
2675	0	113	1	2020-12-29
2676	0	544	1	2020-12-29
2677	0	433	1	2020-12-29
2678	0	242	1	2020-12-29
2679	0	437	1	2020-12-29
2680	0	203	1	2020-12-29
2681	0	526	1	2020-12-30
2682	0	190	1	2020-12-30
2683	0	427	1	2020-12-30
2684	0	257	1	2020-12-30
2685	0	289	1	2020-12-30
2686	0	336	1	2020-12-30
2687	0	303	1	2020-12-30
2688	0	215	1	2020-12-30
2689	0	404	1	2020-12-30
2690	0	163	1	2020-12-30
2691	0	221	1	2020-12-30
2692	0	349	1	2020-12-30
2693	0	478	1	2020-12-30
2694	0	200	1	2020-12-30
2695	0	396	1	2020-12-30
2696	0	327	1	2020-12-30
2697	0	173	1	2020-12-30
2698	0	420	1	2020-12-30
2699	0	386	1	2020-12-30
2700	0	360	1	2020-12-30
2701	0	168	1	2020-12-30
2702	0	371	1	2020-12-30
2703	0	101	1	2020-12-30
2704	0	91	1	2020-12-30
2705	0	86	1	2020-12-30
2706	0	82	1	2020-12-30
2707	0	266	1	2020-12-30
2708	0	147	1	2020-12-30
2709	0	97	1	2020-12-30
2710	0	480	1	2020-12-30
2711	0	303	1	2020-12-31
2712	0	351	1	2020-12-31
2713	0	125	1	2020-12-31
2714	0	75	1	2020-12-31
2715	0	357	1	2020-12-31
2716	0	423	1	2020-12-31
2717	0	224	1	2020-12-31
2718	0	372	1	2020-12-31
2719	0	258	1	2020-12-31
2720	0	159	1	2020-12-31
2721	0	303	1	2020-12-31
2722	0	357	1	2020-12-31
2723	0	423	1	2020-12-31
2724	0	125	1	2020-12-31
2725	0	75	1	2020-12-31
2726	0	351	1	2020-12-31
2727	0	407	1	2020-12-31
2728	0	415	1	2020-12-31
2729	0	209	1	2020-12-31
2730	0	341	1	2020-12-31
2731	0	274	1	2020-12-31
2732	0	196	1	2020-12-31
2733	0	183	1	2020-12-31
2734	0	208	1	2020-12-31
2735	0	297	1	2020-12-31
2736	0	241	1	2020-12-31
2737	0	191	1	2021-01-01
2738	0	303	1	2021-01-01
2739	0	351	1	2021-01-01
2740	0	75	1	2021-01-01
2741	0	125	1	2021-01-01
2742	0	217	1	2021-01-01
2743	0	385	1	2021-01-01
2744	0	351	1	2021-01-01
2745	0	113	1	2021-01-01
2746	0	239	1	2021-01-01
2747	0	242	1	2021-01-01
2748	0	543	1	2021-01-01
2749	0	189	1	2021-01-01
2750	0	346	1	2021-01-01
2751	0	395	1	2021-01-01
2752	0	467	1	2021-01-01
2753	0	75	1	2021-01-01
2754	0	125	1	2021-01-01
2755	0	351	1	2021-01-01
2756	0	325	1	2021-01-01
2757	0	211	1	2021-01-02
2758	0	169	1	2021-01-02
2759	0	303	1	2021-01-02
2760	0	357	1	2021-01-02
2761	0	125	1	2021-01-02
2762	0	75	1	2021-01-02
2763	0	351	1	2021-01-02
2764	0	423	1	2021-01-02
2765	0	371	1	2021-01-02
2766	0	266	1	2021-01-02
2767	0	296	1	2021-01-02
2768	0	340	1	2021-01-02
2769	0	203	1	2021-01-02
2770	0	396	1	2021-01-02
2771	0	478	1	2021-01-02
2772	0	163	1	2021-01-02
2773	0	404	1	2021-01-02
2774	0	327	1	2021-01-02
2775	0	349	1	2021-01-02
2776	0	221	1	2021-01-02
2777	0	168	1	2021-01-02
2778	0	386	1	2021-01-02
2779	0	303	1	2021-01-02
2780	0	357	1	2021-01-02
2781	0	75	1	2021-01-02
2782	0	125	1	2021-01-02
2783	0	351	1	2021-01-02
2784	0	423	1	2021-01-02
2785	0	369	1	2021-01-02
2786	0	437	1	2021-01-02
2787	0	351	1	2021-01-02
2788	0	552	1	2021-01-02
2789	0	562	1	2021-01-02
2790	0	408	1	2021-01-03
2791	0	357	1	2021-01-03
2792	0	303	1	2021-01-03
2793	0	75	1	2021-01-03
2794	0	125	1	2021-01-03
2795	0	351	1	2021-01-03
2796	0	351	1	2021-01-03
2797	0	357	1	2021-01-03
2798	0	75	1	2021-01-03
2799	0	303	1	2021-01-03
2800	0	125	1	2021-01-03
2801	0	351	1	2021-01-03
2802	0	351	1	2021-01-03
2803	0	423	1	2021-01-03
2804	0	207	1	2021-01-03
2805	0	511	1	2021-01-03
2806	0	254	1	2021-01-04
2807	0	125	1	2021-01-04
2808	0	75	1	2021-01-04
2809	0	303	1	2021-01-04
2810	0	351	1	2021-01-04
2811	0	351	1	2021-01-04
2812	0	531	1	2021-01-04
2813	0	435	1	2021-01-04
2814	0	106	1	2021-01-04
2815	0	357	1	2021-01-04
2816	0	125	1	2021-01-04
2817	0	351	1	2021-01-04
2818	0	75	1	2021-01-04
2819	0	351	1	2021-01-04
2820	0	139	1	2021-01-04
2821	0	552	1	2021-01-04
2822	0	68	1	2021-01-04
2823	0	315	1	2021-01-05
2824	0	296	1	2021-01-05
2825	0	357	1	2021-01-05
2826	0	340	1	2021-01-05
2827	0	125	1	2021-01-05
2828	0	351	1	2021-01-05
2829	0	358	1	2021-01-05
2830	0	303	1	2021-01-05
2831	0	75	1	2021-01-05
2832	0	351	1	2021-01-05
2833	0	423	1	2021-01-05
2834	0	340	1	2021-01-05
2835	0	343	1	2021-01-05
2836	0	437	1	2021-01-05
2837	0	148	1	2021-01-05
2838	0	330	1	2021-01-05
2839	0	239	1	2021-01-05
2840	0	93	1	2021-01-05
2841	0	197	1	2021-01-05
2842	0	357	1	2021-01-05
2843	0	532	1	2021-01-05
2844	0	125	1	2021-01-05
2845	0	351	1	2021-01-05
2846	0	303	1	2021-01-05
2847	0	303	1	2021-01-05
2848	0	514	1	2021-01-05
2849	0	75	1	2021-01-05
2850	0	75	1	2021-01-05
2851	0	351	1	2021-01-05
2852	0	350	1	2021-01-05
2853	0	423	1	2021-01-05
2854	0	206	1	2021-01-06
2855	0	464	1	2021-01-06
2856	0	357	1	2021-01-06
2857	0	125	1	2021-01-06
2858	0	351	1	2021-01-06
2859	0	303	1	2021-01-06
2860	0	75	1	2021-01-06
2861	0	75	1	2021-01-06
2862	0	351	1	2021-01-06
2863	0	563	1	2021-01-06
2864	0	423	1	2021-01-06
2865	0	369	1	2021-01-06
2866	0	211	1	2021-01-06
2867	0	218	1	2021-01-06
2868	0	511	1	2021-01-06
2869	0	357	1	2021-01-06
2870	0	357	1	2021-01-06
2871	0	489	1	2021-01-06
2872	0	125	1	2021-01-06
2873	0	125	1	2021-01-06
2874	0	351	1	2021-01-06
2875	0	351	1	2021-01-06
2876	0	75	1	2021-01-06
2877	0	96	1	2021-01-06
2878	0	303	1	2021-01-06
2879	0	351	1	2021-01-06
2880	0	456	1	2021-01-07
2881	0	163	1	2021-01-07
2882	0	404	1	2021-01-07
2883	0	129	1	2021-01-07
2884	0	310	1	2021-01-07
2885	0	357	1	2021-01-07
2886	0	75	1	2021-01-07
2887	0	75	1	2021-01-07
2888	0	351	1	2021-01-07
2889	0	351	1	2021-01-07
2890	0	215	1	2021-01-07
2891	0	125	1	2021-01-07
2892	0	125	1	2021-01-07
2893	0	386	1	2021-01-07
2894	0	303	1	2021-01-07
2895	0	168	1	2021-01-07
2896	0	373	1	2021-01-07
2897	0	351	1	2021-01-07
2898	0	351	1	2021-01-07
2899	0	421	1	2021-01-07
2900	0	415	1	2021-01-07
2901	0	423	1	2021-01-07
2902	0	544	1	2021-01-07
2903	0	189	1	2021-01-07
2904	0	543	1	2021-01-07
2905	0	145	1	2021-01-07
2906	0	357	1	2021-01-07
2907	0	407	1	2021-01-07
2908	0	121	1	2021-01-07
2909	0	125	1	2021-01-07
2910	0	351	1	2021-01-07
2911	0	75	1	2021-01-07
2912	0	303	1	2021-01-07
2913	0	303	1	2021-01-07
2914	0	351	1	2021-01-07
2915	0	351	1	2021-01-07
2916	0	455	1	2021-01-08
2917	0	423	1	2021-01-08
2918	0	255	1	2021-01-08
2919	0	189	1	2021-01-08
2920	0	274	1	2021-01-08
2921	0	203	1	2021-01-08
2922	0	343	1	2021-01-08
2923	0	357	1	2021-01-08
2924	0	357	1	2021-01-08
2925	0	170	1	2021-01-08
2926	0	407	1	2021-01-08
2927	0	351	1	2021-01-08
2928	0	351	1	2021-01-08
2929	0	125	1	2021-01-08
2930	0	125	1	2021-01-08
2931	0	502	1	2021-01-08
2932	0	75	1	2021-01-08
2933	0	75	1	2021-01-08
2934	0	349	1	2021-01-08
2935	0	86	1	2021-01-08
2936	0	209	1	2021-01-08
2937	0	273	1	2021-01-08
2938	0	303	1	2021-01-08
2939	0	78	1	2021-01-08
2940	0	351	1	2021-01-08
2941	0	351	1	2021-01-08
2942	0	423	1	2021-01-08
2943	0	82	1	2021-01-08
2944	0	102	1	2021-01-08
2945	0	101	1	2021-01-08
2946	0	88	1	2021-01-08
2947	0	97	1	2021-01-08
2948	0	86	1	2021-01-08
2949	0	99	1	2021-01-08
2950	0	94	1	2021-01-08
2951	0	95	1	2021-01-08
2952	0	89	1	2021-01-08
2953	0	87	1	2021-01-08
2954	0	478	1	2021-01-08
2955	0	467	1	2021-01-08
2956	0	292	1	2021-01-08
2957	0	79	1	2021-01-08
2958	0	396	1	2021-01-08
2959	0	357	1	2021-01-08
2960	0	351	1	2021-01-08
2961	0	281	1	2021-01-08
2962	0	125	1	2021-01-08
2963	0	75	1	2021-01-08
2964	0	303	1	2021-01-08
2965	0	351	1	2021-01-09
2966	0	423	1	2021-01-09
2967	0	538	1	2021-01-09
2968	0	327	1	2021-01-09
2969	0	341	1	2021-01-09
2970	0	101	1	2021-01-09
2971	0	292	1	2021-01-09
2972	0	437	1	2021-01-09
2973	0	227	1	2021-01-09
2974	0	162	1	2021-01-09
2975	0	178	1	2021-01-09
2976	0	357	1	2021-01-09
2977	0	351	1	2021-01-09
2978	0	125	1	2021-01-09
2979	0	75	1	2021-01-09
2980	0	316	1	2021-01-09
2981	0	303	1	2021-01-09
2982	0	426	1	2021-01-09
2983	0	351	1	2021-01-09
2984	0	218	1	2021-01-09
2985	0	532	1	2021-01-09
2986	0	423	1	2021-01-09
2987	0	221	1	2021-01-09
2988	0	395	1	2021-01-09
2989	0	289	1	2021-01-09
2990	0	357	1	2021-01-09
2991	0	351	1	2021-01-09
2992	0	75	1	2021-01-09
2993	0	125	1	2021-01-09
2994	0	164	1	2021-01-09
2995	0	173	1	2021-01-10
2996	0	303	1	2021-01-10
2997	0	351	1	2021-01-10
2998	0	423	1	2021-01-10
2999	0	100	1	2021-01-10
3000	0	162	1	2021-01-10
3001	0	260	1	2021-01-10
3002	0	114	1	2021-01-10
3003	0	357	1	2021-01-10
3004	0	75	1	2021-01-10
3005	0	351	1	2021-01-10
3006	0	125	1	2021-01-10
3007	0	129	1	2021-01-10
3008	0	104	1	2021-01-10
3009	0	176	1	2021-01-11
3010	0	502	1	2021-01-11
3011	0	469	1	2021-01-11
3012	0	170	1	2021-01-11
3013	0	255	1	2021-01-11
3014	0	203	1	2021-01-11
3015	0	281	1	2021-01-11
3016	0	364	1	2021-01-12
3017	0	430	1	2021-01-12
3018	0	311	1	2021-01-12
3019	0	575	1	2021-01-12
3020	0	316	1	2021-01-12
3021	0	239	1	2021-01-12
3022	0	164	1	2021-01-13
3023	0	100	1	2021-01-13
3024	0	162	1	2021-01-13
3025	0	176	1	2021-01-13
3026	0	308	1	2021-01-13
3027	0	211	1	2021-01-13
3028	0	114	1	2021-01-13
3029	0	260	1	2021-01-13
3030	0	369	1	2021-01-13
3031	0	104	1	2021-01-13
3032	0	267	1	2021-01-14
3033	0	284	1	2021-01-14
3034	0	267	1	2021-01-14
3035	0	469	1	2021-01-14
3036	0	176	1	2021-01-14
3037	0	526	1	2021-01-14
3038	0	235	1	2021-01-15
3039	0	66	1	2021-01-15
3040	0	335	1	2021-01-15
3041	0	488	1	2021-01-15
3042	0	131	1	2021-01-15
3043	0	223	1	2021-01-15
3044	0	356	1	2021-01-15
3045	0	128	1	2021-01-15
3046	0	491	1	2021-01-15
3047	0	563	1	2021-01-15
3048	0	383	1	2021-01-15
3049	0	152	1	2021-01-16
3050	0	330	1	2021-01-16
3051	0	68	1	2021-01-16
3052	0	532	1	2021-01-16
3053	0	265	1	2021-01-16
3054	0	488	1	2021-01-16
3055	0	308	1	2021-01-16
3056	0	420	1	2021-01-16
3057	0	65	1	2021-01-16
3058	0	274	1	2021-01-16
3059	0	341	1	2021-01-16
3060	0	354	1	2021-01-17
3061	0	223	1	2021-01-17
3062	0	271	1	2021-01-17
3063	0	383	1	2021-01-17
3064	0	222	1	2021-01-17
3065	0	420	1	2021-01-17
3066	0	521	1	2021-01-17
3067	0	488	1	2021-01-17
3068	0	333	1	2021-01-17
3069	0	542	1	2021-01-17
3070	0	131	1	2021-01-17
3071	0	67	1	2021-01-17
3072	0	152	1	2021-01-17
3073	0	251	1	2021-01-17
3074	0	491	1	2021-01-17
3075	0	335	1	2021-01-17
3076	0	336	1	2021-01-17
3077	0	356	1	2021-01-17
3078	0	129	1	2021-01-17
3079	0	128	1	2021-01-17
3080	0	332	1	2021-01-17
3081	0	198	1	2021-01-17
3082	0	284	1	2021-01-17
3083	0	526	1	2021-01-17
3084	0	267	1	2021-01-17
3085	0	218	1	2021-01-17
3086	0	128	1	2021-01-17
3087	0	501	1	2021-01-17
3088	0	554	1	2021-01-17
3089	0	119	1	2021-01-18
3090	0	370	1	2021-01-18
3091	0	301	1	2021-01-18
3092	0	336	1	2021-01-18
3093	0	131	1	2021-01-18
3094	0	559	1	2021-01-18
3095	0	383	1	2021-01-18
3096	0	86	1	2021-01-18
3097	0	85	1	2021-01-18
3098	0	89	1	2021-01-18
3099	0	88	1	2021-01-18
3100	0	94	1	2021-01-18
3101	0	96	1	2021-01-18
3102	0	95	1	2021-01-18
3103	0	98	1	2021-01-18
3104	0	121	1	2021-01-18
3105	0	114	1	2021-01-18
3106	0	111	1	2021-01-18
3107	0	103	1	2021-01-18
3108	0	122	1	2021-01-18
3109	0	119	1	2021-01-18
3110	0	116	1	2021-01-18
3111	0	115	1	2021-01-18
3112	0	117	1	2021-01-18
3113	0	118	1	2021-01-18
3114	0	104	1	2021-01-18
3115	0	110	1	2021-01-18
3116	0	105	1	2021-01-18
3117	0	112	1	2021-01-18
3118	0	129	1	2021-01-18
3119	0	383	1	2021-01-18
3120	0	420	1	2021-01-18
3121	0	67	1	2021-01-18
3122	0	556	1	2021-01-18
3123	0	417	1	2021-01-18
3124	0	365	1	2021-01-18
3125	0	306	1	2021-01-18
3126	0	66	1	2021-01-18
3127	0	212	1	2021-01-18
3128	0	212	1	2021-01-18
3129	0	417	1	2021-01-18
3130	0	365	1	2021-01-18
3131	0	306	1	2021-01-18
3132	0	556	1	2021-01-18
3133	0	447	1	2021-01-19
3134	0	528	1	2021-01-19
3135	0	315	1	2021-01-19
3136	0	195	1	2021-01-19
3137	0	92	1	2021-01-19
3138	0	329	1	2021-01-19
3139	0	476	1	2021-01-19
3140	0	170	1	2021-01-19
3141	0	152	1	2021-01-19
3142	0	356	1	2021-01-19
3143	0	488	1	2021-01-19
3144	0	460	1	2021-01-19
3145	0	495	1	2021-01-19
3146	0	247	1	2021-01-19
3147	0	235	1	2021-01-19
3148	0	272	1	2021-01-19
3149	0	136	1	2021-01-19
\.


--
-- Name: stst_electnumbers_id_seq; Type: SEQUENCE SET; Schema: public; Owner: serg
--

SELECT pg_catalog.setval('public.stst_electnumbers_id_seq', 3149, true);


--
-- Data for Name: taggit_tag; Type: TABLE DATA; Schema: public; Owner: serg
--

COPY public.taggit_tag (id, name, slug) FROM stdin;
\.


--
-- Name: taggit_tag_id_seq; Type: SEQUENCE SET; Schema: public; Owner: serg
--

SELECT pg_catalog.setval('public.taggit_tag_id_seq', 1, false);


--
-- Data for Name: taggit_taggeditem; Type: TABLE DATA; Schema: public; Owner: serg
--

COPY public.taggit_taggeditem (id, object_id, content_type_id, tag_id) FROM stdin;
\.


--
-- Name: taggit_taggeditem_id_seq; Type: SEQUENCE SET; Schema: public; Owner: serg
--

SELECT pg_catalog.setval('public.taggit_taggeditem_id_seq', 1, false);


--
-- Data for Name: users_ipuser; Type: TABLE DATA; Schema: public; Owner: serg
--

COPY public.users_ipuser (id, ip, user_id) FROM stdin;
\.


--
-- Name: users_ipuser_id_seq; Type: SEQUENCE SET; Schema: public; Owner: serg
--

SELECT pg_catalog.setval('public.users_ipuser_id_seq', 1, false);


--
-- Data for Name: users_user; Type: TABLE DATA; Schema: public; Owner: serg
--

COPY public.users_user (id, password, last_login, is_superuser, username, first_name, last_name, email, is_staff, is_active, date_joined, last_activity, perm, phone) FROM stdin;
1	pbkdf2_sha256$150000$7DVp7BhmFrlC$kXP5Jfu+AE5pE0WpIcsnAeeGVQpSnzVinIWA/v2Yr90=	2020-11-28 10:28:57.31799+00	t	Serg			ochkarik1983@mail.ru	t	t	2020-10-23 14:26:19+00	2020-11-29 16:41:15.687373+00	MA	1000
\.


--
-- Data for Name: users_user_groups; Type: TABLE DATA; Schema: public; Owner: serg
--

COPY public.users_user_groups (id, user_id, group_id) FROM stdin;
\.


--
-- Name: users_user_groups_id_seq; Type: SEQUENCE SET; Schema: public; Owner: serg
--

SELECT pg_catalog.setval('public.users_user_groups_id_seq', 1, false);


--
-- Name: users_user_id_seq; Type: SEQUENCE SET; Schema: public; Owner: serg
--

SELECT pg_catalog.setval('public.users_user_id_seq', 1, true);


--
-- Data for Name: users_user_user_permissions; Type: TABLE DATA; Schema: public; Owner: serg
--

COPY public.users_user_user_permissions (id, user_id, permission_id) FROM stdin;
\.


--
-- Name: users_user_user_permissions_id_seq; Type: SEQUENCE SET; Schema: public; Owner: serg
--

SELECT pg_catalog.setval('public.users_user_user_permissions_id_seq', 1, false);


--
-- Data for Name: users_userlocation; Type: TABLE DATA; Schema: public; Owner: serg
--

COPY public.users_userlocation (id, city_ru, city_en, city_lat, city_lon, region_ru, region_en, country_ru, country_en, phone, user_id) FROM stdin;
\.


--
-- Name: users_userlocation_id_seq; Type: SEQUENCE SET; Schema: public; Owner: serg
--

SELECT pg_catalog.setval('public.users_userlocation_id_seq', 1, false);


--
-- Name: about_feedback_pkey; Type: CONSTRAINT; Schema: public; Owner: serg
--

ALTER TABLE ONLY public.about_feedback
    ADD CONSTRAINT about_feedback_pkey PRIMARY KEY (id);


--
-- Name: account_emailaddress_email_key; Type: CONSTRAINT; Schema: public; Owner: serg
--

ALTER TABLE ONLY public.account_emailaddress
    ADD CONSTRAINT account_emailaddress_email_key UNIQUE (email);


--
-- Name: account_emailaddress_pkey; Type: CONSTRAINT; Schema: public; Owner: serg
--

ALTER TABLE ONLY public.account_emailaddress
    ADD CONSTRAINT account_emailaddress_pkey PRIMARY KEY (id);


--
-- Name: account_emailconfirmation_key_key; Type: CONSTRAINT; Schema: public; Owner: serg
--

ALTER TABLE ONLY public.account_emailconfirmation
    ADD CONSTRAINT account_emailconfirmation_key_key UNIQUE (key);


--
-- Name: account_emailconfirmation_pkey; Type: CONSTRAINT; Schema: public; Owner: serg
--

ALTER TABLE ONLY public.account_emailconfirmation
    ADD CONSTRAINT account_emailconfirmation_pkey PRIMARY KEY (id);


--
-- Name: auth_group_name_key; Type: CONSTRAINT; Schema: public; Owner: serg
--

ALTER TABLE ONLY public.auth_group
    ADD CONSTRAINT auth_group_name_key UNIQUE (name);


--
-- Name: auth_group_permissions_group_id_permission_id_0cd325b0_uniq; Type: CONSTRAINT; Schema: public; Owner: serg
--

ALTER TABLE ONLY public.auth_group_permissions
    ADD CONSTRAINT auth_group_permissions_group_id_permission_id_0cd325b0_uniq UNIQUE (group_id, permission_id);


--
-- Name: auth_group_permissions_pkey; Type: CONSTRAINT; Schema: public; Owner: serg
--

ALTER TABLE ONLY public.auth_group_permissions
    ADD CONSTRAINT auth_group_permissions_pkey PRIMARY KEY (id);


--
-- Name: auth_group_pkey; Type: CONSTRAINT; Schema: public; Owner: serg
--

ALTER TABLE ONLY public.auth_group
    ADD CONSTRAINT auth_group_pkey PRIMARY KEY (id);


--
-- Name: auth_permission_content_type_id_codename_01ab375a_uniq; Type: CONSTRAINT; Schema: public; Owner: serg
--

ALTER TABLE ONLY public.auth_permission
    ADD CONSTRAINT auth_permission_content_type_id_codename_01ab375a_uniq UNIQUE (content_type_id, codename);


--
-- Name: auth_permission_pkey; Type: CONSTRAINT; Schema: public; Owner: serg
--

ALTER TABLE ONLY public.auth_permission
    ADD CONSTRAINT auth_permission_pkey PRIMARY KEY (id);


--
-- Name: authtoken_token_pkey; Type: CONSTRAINT; Schema: public; Owner: serg
--

ALTER TABLE ONLY public.authtoken_token
    ADD CONSTRAINT authtoken_token_pkey PRIMARY KEY (key);


--
-- Name: authtoken_token_user_id_key; Type: CONSTRAINT; Schema: public; Owner: serg
--

ALTER TABLE ONLY public.authtoken_token
    ADD CONSTRAINT authtoken_token_user_id_key UNIQUE (user_id);


--
-- Name: blog_blog_elects_blog_id_elect_id_1b225cc5_uniq; Type: CONSTRAINT; Schema: public; Owner: serg
--

ALTER TABLE ONLY public.blog_blog_elects
    ADD CONSTRAINT blog_blog_elects_blog_id_elect_id_1b225cc5_uniq UNIQUE (blog_id, elect_id);


--
-- Name: blog_blog_elects_pkey; Type: CONSTRAINT; Schema: public; Owner: serg
--

ALTER TABLE ONLY public.blog_blog_elects
    ADD CONSTRAINT blog_blog_elects_pkey PRIMARY KEY (id);


--
-- Name: blog_blog_pkey; Type: CONSTRAINT; Schema: public; Owner: serg
--

ALTER TABLE ONLY public.blog_blog
    ADD CONSTRAINT blog_blog_pkey PRIMARY KEY (id);


--
-- Name: blog_blogcomment_pkey; Type: CONSTRAINT; Schema: public; Owner: serg
--

ALTER TABLE ONLY public.blog_blogcomment
    ADD CONSTRAINT blog_blogcomment_pkey PRIMARY KEY (id);


--
-- Name: blog_blogcommentvotes_pkey; Type: CONSTRAINT; Schema: public; Owner: serg
--

ALTER TABLE ONLY public.blog_blogcommentvotes
    ADD CONSTRAINT blog_blogcommentvotes_pkey PRIMARY KEY (id);


--
-- Name: blog_blogvotes_pkey; Type: CONSTRAINT; Schema: public; Owner: serg
--

ALTER TABLE ONLY public.blog_blogvotes
    ADD CONSTRAINT blog_blogvotes_pkey PRIMARY KEY (id);


--
-- Name: blog_electdoc_pkey; Type: CONSTRAINT; Schema: public; Owner: serg
--

ALTER TABLE ONLY public.blog_electdoc
    ADD CONSTRAINT blog_electdoc_pkey PRIMARY KEY (id);


--
-- Name: blog_electnew_pkey; Type: CONSTRAINT; Schema: public; Owner: serg
--

ALTER TABLE ONLY public.blog_electnew
    ADD CONSTRAINT blog_electnew_pkey PRIMARY KEY (id);


--
-- Name: blog_electphoto_pkey; Type: CONSTRAINT; Schema: public; Owner: serg
--

ALTER TABLE ONLY public.blog_electphoto
    ADD CONSTRAINT blog_electphoto_pkey PRIMARY KEY (id);


--
-- Name: blog_electvotes_pkey; Type: CONSTRAINT; Schema: public; Owner: serg
--

ALTER TABLE ONLY public.blog_electvotes
    ADD CONSTRAINT blog_electvotes_pkey PRIMARY KEY (id);


--
-- Name: django_admin_log_pkey; Type: CONSTRAINT; Schema: public; Owner: serg
--

ALTER TABLE ONLY public.django_admin_log
    ADD CONSTRAINT django_admin_log_pkey PRIMARY KEY (id);


--
-- Name: django_content_type_app_label_model_76bd3d3b_uniq; Type: CONSTRAINT; Schema: public; Owner: serg
--

ALTER TABLE ONLY public.django_content_type
    ADD CONSTRAINT django_content_type_app_label_model_76bd3d3b_uniq UNIQUE (app_label, model);


--
-- Name: django_content_type_pkey; Type: CONSTRAINT; Schema: public; Owner: serg
--

ALTER TABLE ONLY public.django_content_type
    ADD CONSTRAINT django_content_type_pkey PRIMARY KEY (id);


--
-- Name: django_migrations_pkey; Type: CONSTRAINT; Schema: public; Owner: serg
--

ALTER TABLE ONLY public.django_migrations
    ADD CONSTRAINT django_migrations_pkey PRIMARY KEY (id);


--
-- Name: django_session_pkey; Type: CONSTRAINT; Schema: public; Owner: serg
--

ALTER TABLE ONLY public.django_session
    ADD CONSTRAINT django_session_pkey PRIMARY KEY (session_key);


--
-- Name: django_site_domain_a2e37b91_uniq; Type: CONSTRAINT; Schema: public; Owner: serg
--

ALTER TABLE ONLY public.django_site
    ADD CONSTRAINT django_site_domain_a2e37b91_uniq UNIQUE (domain);


--
-- Name: django_site_pkey; Type: CONSTRAINT; Schema: public; Owner: serg
--

ALTER TABLE ONLY public.django_site
    ADD CONSTRAINT django_site_pkey PRIMARY KEY (id);


--
-- Name: elect_educationelect_pkey; Type: CONSTRAINT; Schema: public; Owner: serg
--

ALTER TABLE ONLY public.elect_educationelect
    ADD CONSTRAINT elect_educationelect_pkey PRIMARY KEY (id);


--
-- Name: elect_elect_list_elect_id_authoritylist_id_25074413_uniq; Type: CONSTRAINT; Schema: public; Owner: serg
--

ALTER TABLE ONLY public.elect_elect_list
    ADD CONSTRAINT elect_elect_list_elect_id_authoritylist_id_25074413_uniq UNIQUE (elect_id, authoritylist_id);


--
-- Name: elect_elect_list_pkey; Type: CONSTRAINT; Schema: public; Owner: serg
--

ALTER TABLE ONLY public.elect_elect_list
    ADD CONSTRAINT elect_elect_list_pkey PRIMARY KEY (id);


--
-- Name: elect_elect_pkey; Type: CONSTRAINT; Schema: public; Owner: serg
--

ALTER TABLE ONLY public.elect_elect
    ADD CONSTRAINT elect_elect_pkey PRIMARY KEY (id);


--
-- Name: elect_elect_region_elect_id_region_id_970aa521_uniq; Type: CONSTRAINT; Schema: public; Owner: serg
--

ALTER TABLE ONLY public.elect_elect_region
    ADD CONSTRAINT elect_elect_region_elect_id_region_id_970aa521_uniq UNIQUE (elect_id, region_id);


--
-- Name: elect_elect_region_pkey; Type: CONSTRAINT; Schema: public; Owner: serg
--

ALTER TABLE ONLY public.elect_elect_region
    ADD CONSTRAINT elect_elect_region_pkey PRIMARY KEY (id);


--
-- Name: elect_linkelect_pkey; Type: CONSTRAINT; Schema: public; Owner: serg
--

ALTER TABLE ONLY public.elect_linkelect
    ADD CONSTRAINT elect_linkelect_pkey PRIMARY KEY (id);


--
-- Name: elect_subscribeelect_elect_id_user_id_840eef9f_uniq; Type: CONSTRAINT; Schema: public; Owner: serg
--

ALTER TABLE ONLY public.elect_subscribeelect
    ADD CONSTRAINT elect_subscribeelect_elect_id_user_id_840eef9f_uniq UNIQUE (elect_id, user_id);


--
-- Name: elect_subscribeelect_pkey; Type: CONSTRAINT; Schema: public; Owner: serg
--

ALTER TABLE ONLY public.elect_subscribeelect
    ADD CONSTRAINT elect_subscribeelect_pkey PRIMARY KEY (id);


--
-- Name: lists_authoritylist_pkey; Type: CONSTRAINT; Schema: public; Owner: serg
--

ALTER TABLE ONLY public.lists_authoritylist
    ADD CONSTRAINT lists_authoritylist_pkey PRIMARY KEY (id);


--
-- Name: lists_blogcategory_pkey; Type: CONSTRAINT; Schema: public; Owner: serg
--

ALTER TABLE ONLY public.lists_blogcategory
    ADD CONSTRAINT lists_blogcategory_pkey PRIMARY KEY (id);


--
-- Name: lists_electnewscategory_pkey; Type: CONSTRAINT; Schema: public; Owner: serg
--

ALTER TABLE ONLY public.lists_electnewscategory
    ADD CONSTRAINT lists_electnewscategory_pkey PRIMARY KEY (id);


--
-- Name: lists_fraction_pkey; Type: CONSTRAINT; Schema: public; Owner: serg
--

ALTER TABLE ONLY public.lists_fraction
    ADD CONSTRAINT lists_fraction_pkey PRIMARY KEY (id);


--
-- Name: lists_region_pkey; Type: CONSTRAINT; Schema: public; Owner: serg
--

ALTER TABLE ONLY public.lists_region
    ADD CONSTRAINT lists_region_pkey PRIMARY KEY (id);


--
-- Name: socialaccount_socialaccount_pkey; Type: CONSTRAINT; Schema: public; Owner: serg
--

ALTER TABLE ONLY public.socialaccount_socialaccount
    ADD CONSTRAINT socialaccount_socialaccount_pkey PRIMARY KEY (id);


--
-- Name: socialaccount_socialaccount_provider_uid_fc810c6e_uniq; Type: CONSTRAINT; Schema: public; Owner: serg
--

ALTER TABLE ONLY public.socialaccount_socialaccount
    ADD CONSTRAINT socialaccount_socialaccount_provider_uid_fc810c6e_uniq UNIQUE (provider, uid);


--
-- Name: socialaccount_socialapp__socialapp_id_site_id_71a9a768_uniq; Type: CONSTRAINT; Schema: public; Owner: serg
--

ALTER TABLE ONLY public.socialaccount_socialapp_sites
    ADD CONSTRAINT socialaccount_socialapp__socialapp_id_site_id_71a9a768_uniq UNIQUE (socialapp_id, site_id);


--
-- Name: socialaccount_socialapp_pkey; Type: CONSTRAINT; Schema: public; Owner: serg
--

ALTER TABLE ONLY public.socialaccount_socialapp
    ADD CONSTRAINT socialaccount_socialapp_pkey PRIMARY KEY (id);


--
-- Name: socialaccount_socialapp_sites_pkey; Type: CONSTRAINT; Schema: public; Owner: serg
--

ALTER TABLE ONLY public.socialaccount_socialapp_sites
    ADD CONSTRAINT socialaccount_socialapp_sites_pkey PRIMARY KEY (id);


--
-- Name: socialaccount_socialtoken_app_id_account_id_fca4e0ac_uniq; Type: CONSTRAINT; Schema: public; Owner: serg
--

ALTER TABLE ONLY public.socialaccount_socialtoken
    ADD CONSTRAINT socialaccount_socialtoken_app_id_account_id_fca4e0ac_uniq UNIQUE (app_id, account_id);


--
-- Name: socialaccount_socialtoken_pkey; Type: CONSTRAINT; Schema: public; Owner: serg
--

ALTER TABLE ONLY public.socialaccount_socialtoken
    ADD CONSTRAINT socialaccount_socialtoken_pkey PRIMARY KEY (id);


--
-- Name: stst_blognumbers_pkey; Type: CONSTRAINT; Schema: public; Owner: serg
--

ALTER TABLE ONLY public.stst_blognumbers
    ADD CONSTRAINT stst_blognumbers_pkey PRIMARY KEY (id);


--
-- Name: stst_electnewnumbers_pkey; Type: CONSTRAINT; Schema: public; Owner: serg
--

ALTER TABLE ONLY public.stst_electnewnumbers
    ADD CONSTRAINT stst_electnewnumbers_pkey PRIMARY KEY (id);


--
-- Name: stst_electnumbers_pkey; Type: CONSTRAINT; Schema: public; Owner: serg
--

ALTER TABLE ONLY public.stst_electnumbers
    ADD CONSTRAINT stst_electnumbers_pkey PRIMARY KEY (id);


--
-- Name: taggit_tag_name_key; Type: CONSTRAINT; Schema: public; Owner: serg
--

ALTER TABLE ONLY public.taggit_tag
    ADD CONSTRAINT taggit_tag_name_key UNIQUE (name);


--
-- Name: taggit_tag_pkey; Type: CONSTRAINT; Schema: public; Owner: serg
--

ALTER TABLE ONLY public.taggit_tag
    ADD CONSTRAINT taggit_tag_pkey PRIMARY KEY (id);


--
-- Name: taggit_tag_slug_key; Type: CONSTRAINT; Schema: public; Owner: serg
--

ALTER TABLE ONLY public.taggit_tag
    ADD CONSTRAINT taggit_tag_slug_key UNIQUE (slug);


--
-- Name: taggit_taggeditem_content_type_id_object_i_4bb97a8e_uniq; Type: CONSTRAINT; Schema: public; Owner: serg
--

ALTER TABLE ONLY public.taggit_taggeditem
    ADD CONSTRAINT taggit_taggeditem_content_type_id_object_i_4bb97a8e_uniq UNIQUE (content_type_id, object_id, tag_id);


--
-- Name: taggit_taggeditem_pkey; Type: CONSTRAINT; Schema: public; Owner: serg
--

ALTER TABLE ONLY public.taggit_taggeditem
    ADD CONSTRAINT taggit_taggeditem_pkey PRIMARY KEY (id);


--
-- Name: users_ipuser_pkey; Type: CONSTRAINT; Schema: public; Owner: serg
--

ALTER TABLE ONLY public.users_ipuser
    ADD CONSTRAINT users_ipuser_pkey PRIMARY KEY (id);


--
-- Name: users_user_groups_pkey; Type: CONSTRAINT; Schema: public; Owner: serg
--

ALTER TABLE ONLY public.users_user_groups
    ADD CONSTRAINT users_user_groups_pkey PRIMARY KEY (id);


--
-- Name: users_user_groups_user_id_group_id_b88eab82_uniq; Type: CONSTRAINT; Schema: public; Owner: serg
--

ALTER TABLE ONLY public.users_user_groups
    ADD CONSTRAINT users_user_groups_user_id_group_id_b88eab82_uniq UNIQUE (user_id, group_id);


--
-- Name: users_user_pkey; Type: CONSTRAINT; Schema: public; Owner: serg
--

ALTER TABLE ONLY public.users_user
    ADD CONSTRAINT users_user_pkey PRIMARY KEY (id);


--
-- Name: users_user_user_permissions_pkey; Type: CONSTRAINT; Schema: public; Owner: serg
--

ALTER TABLE ONLY public.users_user_user_permissions
    ADD CONSTRAINT users_user_user_permissions_pkey PRIMARY KEY (id);


--
-- Name: users_user_user_permissions_user_id_permission_id_43338c45_uniq; Type: CONSTRAINT; Schema: public; Owner: serg
--

ALTER TABLE ONLY public.users_user_user_permissions
    ADD CONSTRAINT users_user_user_permissions_user_id_permission_id_43338c45_uniq UNIQUE (user_id, permission_id);


--
-- Name: users_user_username_key; Type: CONSTRAINT; Schema: public; Owner: serg
--

ALTER TABLE ONLY public.users_user
    ADD CONSTRAINT users_user_username_key UNIQUE (username);


--
-- Name: users_userlocation_pkey; Type: CONSTRAINT; Schema: public; Owner: serg
--

ALTER TABLE ONLY public.users_userlocation
    ADD CONSTRAINT users_userlocation_pkey PRIMARY KEY (id);


--
-- Name: account_emailaddress_email_03be32b2_like; Type: INDEX; Schema: public; Owner: serg
--

CREATE INDEX account_emailaddress_email_03be32b2_like ON public.account_emailaddress USING btree (email varchar_pattern_ops);


--
-- Name: account_emailaddress_user_id_2c513194; Type: INDEX; Schema: public; Owner: serg
--

CREATE INDEX account_emailaddress_user_id_2c513194 ON public.account_emailaddress USING btree (user_id);


--
-- Name: account_emailconfirmation_email_address_id_5b7f8c58; Type: INDEX; Schema: public; Owner: serg
--

CREATE INDEX account_emailconfirmation_email_address_id_5b7f8c58 ON public.account_emailconfirmation USING btree (email_address_id);


--
-- Name: account_emailconfirmation_key_f43612bd_like; Type: INDEX; Schema: public; Owner: serg
--

CREATE INDEX account_emailconfirmation_key_f43612bd_like ON public.account_emailconfirmation USING btree (key varchar_pattern_ops);


--
-- Name: auth_group_name_a6ea08ec_like; Type: INDEX; Schema: public; Owner: serg
--

CREATE INDEX auth_group_name_a6ea08ec_like ON public.auth_group USING btree (name varchar_pattern_ops);


--
-- Name: auth_group_permissions_group_id_b120cbf9; Type: INDEX; Schema: public; Owner: serg
--

CREATE INDEX auth_group_permissions_group_id_b120cbf9 ON public.auth_group_permissions USING btree (group_id);


--
-- Name: auth_group_permissions_permission_id_84c5c92e; Type: INDEX; Schema: public; Owner: serg
--

CREATE INDEX auth_group_permissions_permission_id_84c5c92e ON public.auth_group_permissions USING btree (permission_id);


--
-- Name: auth_permission_content_type_id_2f476e4b; Type: INDEX; Schema: public; Owner: serg
--

CREATE INDEX auth_permission_content_type_id_2f476e4b ON public.auth_permission USING btree (content_type_id);


--
-- Name: authtoken_token_key_10f0b77e_like; Type: INDEX; Schema: public; Owner: serg
--

CREATE INDEX authtoken_token_key_10f0b77e_like ON public.authtoken_token USING btree (key varchar_pattern_ops);


--
-- Name: blog_blog_created_a423be_brin; Type: INDEX; Schema: public; Owner: serg
--

CREATE INDEX blog_blog_created_a423be_brin ON public.blog_blog USING brin (created);


--
-- Name: blog_blog_creator_id_95782372; Type: INDEX; Schema: public; Owner: serg
--

CREATE INDEX blog_blog_creator_id_95782372 ON public.blog_blog USING btree (creator_id);


--
-- Name: blog_blog_elects_blog_id_45c0e4a7; Type: INDEX; Schema: public; Owner: serg
--

CREATE INDEX blog_blog_elects_blog_id_45c0e4a7 ON public.blog_blog_elects USING btree (blog_id);


--
-- Name: blog_blog_elects_elect_id_757a9fff; Type: INDEX; Schema: public; Owner: serg
--

CREATE INDEX blog_blog_elects_elect_id_757a9fff ON public.blog_blog_elects USING btree (elect_id);


--
-- Name: blog_blogco_created_6bdf8e_brin; Type: INDEX; Schema: public; Owner: serg
--

CREATE INDEX blog_blogco_created_6bdf8e_brin ON public.blog_blogcomment USING brin (created);


--
-- Name: blog_blogcomment_blog_comment_id_34f62885; Type: INDEX; Schema: public; Owner: serg
--

CREATE INDEX blog_blogcomment_blog_comment_id_34f62885 ON public.blog_blogcomment USING btree (blog_comment_id);


--
-- Name: blog_blogcomment_commenter_id_2a7ffcd5; Type: INDEX; Schema: public; Owner: serg
--

CREATE INDEX blog_blogcomment_commenter_id_2a7ffcd5 ON public.blog_blogcomment USING btree (commenter_id);


--
-- Name: blog_blogcomment_parent_comment_id_b29ee113; Type: INDEX; Schema: public; Owner: serg
--

CREATE INDEX blog_blogcomment_parent_comment_id_b29ee113 ON public.blog_blogcomment USING btree (parent_comment_id);


--
-- Name: blog_blogcommentvotes_item_id_53d800c7; Type: INDEX; Schema: public; Owner: serg
--

CREATE INDEX blog_blogcommentvotes_item_id_53d800c7 ON public.blog_blogcommentvotes USING btree (item_id);


--
-- Name: blog_blogcommentvotes_user_id_e85c4905; Type: INDEX; Schema: public; Owner: serg
--

CREATE INDEX blog_blogcommentvotes_user_id_e85c4905 ON public.blog_blogcommentvotes USING btree (user_id);


--
-- Name: blog_blogvotes_parent_id_4f5a2471; Type: INDEX; Schema: public; Owner: serg
--

CREATE INDEX blog_blogvotes_parent_id_4f5a2471 ON public.blog_blogvotes USING btree (parent_id);


--
-- Name: blog_blogvotes_user_id_fbe0e046; Type: INDEX; Schema: public; Owner: serg
--

CREATE INDEX blog_blogvotes_user_id_fbe0e046 ON public.blog_blogvotes USING btree (user_id);


--
-- Name: blog_electd_created_35020a_brin; Type: INDEX; Schema: public; Owner: serg
--

CREATE INDEX blog_electd_created_35020a_brin ON public.blog_electdoc USING brin (created);


--
-- Name: blog_electdoc_creator_id_1f7f619e; Type: INDEX; Schema: public; Owner: serg
--

CREATE INDEX blog_electdoc_creator_id_1f7f619e ON public.blog_electdoc USING btree (creator_id);


--
-- Name: blog_electdoc_post_id_b55d068e; Type: INDEX; Schema: public; Owner: serg
--

CREATE INDEX blog_electdoc_post_id_b55d068e ON public.blog_electdoc USING btree (new_id);


--
-- Name: blog_electn_created_cb7b2b_brin; Type: INDEX; Schema: public; Owner: serg
--

CREATE INDEX blog_electn_created_cb7b2b_brin ON public.blog_electnew USING brin (created);


--
-- Name: blog_electnew_category_id_4c99e294; Type: INDEX; Schema: public; Owner: serg
--

CREATE INDEX blog_electnew_category_id_4c99e294 ON public.blog_electnew USING btree (category_id);


--
-- Name: blog_electnew_creator_id_2422dce0; Type: INDEX; Schema: public; Owner: serg
--

CREATE INDEX blog_electnew_creator_id_2422dce0 ON public.blog_electnew USING btree (creator_id);


--
-- Name: blog_electnew_elect_id_5d15a90c; Type: INDEX; Schema: public; Owner: serg
--

CREATE INDEX blog_electnew_elect_id_5d15a90c ON public.blog_electnew USING btree (elect_id);


--
-- Name: blog_electp_created_c29d89_brin; Type: INDEX; Schema: public; Owner: serg
--

CREATE INDEX blog_electp_created_c29d89_brin ON public.blog_electphoto USING brin (created);


--
-- Name: blog_electphoto_creator_id_f1dd978b; Type: INDEX; Schema: public; Owner: serg
--

CREATE INDEX blog_electphoto_creator_id_f1dd978b ON public.blog_electphoto USING btree (creator_id);


--
-- Name: blog_electphoto_post_id_49acfa58; Type: INDEX; Schema: public; Owner: serg
--

CREATE INDEX blog_electphoto_post_id_49acfa58 ON public.blog_electphoto USING btree (new_id);


--
-- Name: blog_electvotes_parent_id_8840fcfc; Type: INDEX; Schema: public; Owner: serg
--

CREATE INDEX blog_electvotes_parent_id_8840fcfc ON public.blog_electvotes USING btree (parent_id);


--
-- Name: blog_electvotes_user_id_777b9f2b; Type: INDEX; Schema: public; Owner: serg
--

CREATE INDEX blog_electvotes_user_id_777b9f2b ON public.blog_electvotes USING btree (user_id);


--
-- Name: django_admin_log_content_type_id_c4bce8eb; Type: INDEX; Schema: public; Owner: serg
--

CREATE INDEX django_admin_log_content_type_id_c4bce8eb ON public.django_admin_log USING btree (content_type_id);


--
-- Name: django_admin_log_user_id_c564eba6; Type: INDEX; Schema: public; Owner: serg
--

CREATE INDEX django_admin_log_user_id_c564eba6 ON public.django_admin_log USING btree (user_id);


--
-- Name: django_session_expire_date_a5c62663; Type: INDEX; Schema: public; Owner: serg
--

CREATE INDEX django_session_expire_date_a5c62663 ON public.django_session USING btree (expire_date);


--
-- Name: django_session_session_key_c0390e0f_like; Type: INDEX; Schema: public; Owner: serg
--

CREATE INDEX django_session_session_key_c0390e0f_like ON public.django_session USING btree (session_key varchar_pattern_ops);


--
-- Name: django_site_domain_a2e37b91_like; Type: INDEX; Schema: public; Owner: serg
--

CREATE INDEX django_site_domain_a2e37b91_like ON public.django_site USING btree (domain varchar_pattern_ops);


--
-- Name: elect_educationelect_elect_id_7501d3af; Type: INDEX; Schema: public; Owner: serg
--

CREATE INDEX elect_educationelect_elect_id_7501d3af ON public.elect_educationelect USING btree (elect_id);


--
-- Name: elect_elect_fraction_id_435d6656; Type: INDEX; Schema: public; Owner: serg
--

CREATE INDEX elect_elect_fraction_id_435d6656 ON public.elect_elect USING btree (fraction_id);


--
-- Name: elect_elect_list_authoritylist_id_bb2faad3; Type: INDEX; Schema: public; Owner: serg
--

CREATE INDEX elect_elect_list_authoritylist_id_bb2faad3 ON public.elect_elect_list USING btree (authoritylist_id);


--
-- Name: elect_elect_list_elect_id_21b2ead5; Type: INDEX; Schema: public; Owner: serg
--

CREATE INDEX elect_elect_list_elect_id_21b2ead5 ON public.elect_elect_list USING btree (elect_id);


--
-- Name: elect_elect_region_elect_id_23dd3d0c; Type: INDEX; Schema: public; Owner: serg
--

CREATE INDEX elect_elect_region_elect_id_23dd3d0c ON public.elect_elect_region USING btree (elect_id);


--
-- Name: elect_elect_region_region_id_1eb1376b; Type: INDEX; Schema: public; Owner: serg
--

CREATE INDEX elect_elect_region_region_id_1eb1376b ON public.elect_elect_region USING btree (region_id);


--
-- Name: elect_linkelect_elect_id_6afb415e; Type: INDEX; Schema: public; Owner: serg
--

CREATE INDEX elect_linkelect_elect_id_6afb415e ON public.elect_linkelect USING btree (elect_id);


--
-- Name: elect_subsc_elect_i_00a602_idx; Type: INDEX; Schema: public; Owner: serg
--

CREATE INDEX elect_subsc_elect_i_00a602_idx ON public.elect_subscribeelect USING btree (elect_id, user_id);


--
-- Name: elect_subscribeelect_elect_id_50355f0e; Type: INDEX; Schema: public; Owner: serg
--

CREATE INDEX elect_subscribeelect_elect_id_50355f0e ON public.elect_subscribeelect USING btree (elect_id);


--
-- Name: elect_subscribeelect_user_id_c1709ae8; Type: INDEX; Schema: public; Owner: serg
--

CREATE INDEX elect_subscribeelect_user_id_c1709ae8 ON public.elect_subscribeelect USING btree (user_id);


--
-- Name: socialaccount_socialaccount_user_id_8146e70c; Type: INDEX; Schema: public; Owner: serg
--

CREATE INDEX socialaccount_socialaccount_user_id_8146e70c ON public.socialaccount_socialaccount USING btree (user_id);


--
-- Name: socialaccount_socialapp_sites_site_id_2579dee5; Type: INDEX; Schema: public; Owner: serg
--

CREATE INDEX socialaccount_socialapp_sites_site_id_2579dee5 ON public.socialaccount_socialapp_sites USING btree (site_id);


--
-- Name: socialaccount_socialapp_sites_socialapp_id_97fb6e7d; Type: INDEX; Schema: public; Owner: serg
--

CREATE INDEX socialaccount_socialapp_sites_socialapp_id_97fb6e7d ON public.socialaccount_socialapp_sites USING btree (socialapp_id);


--
-- Name: socialaccount_socialtoken_account_id_951f210e; Type: INDEX; Schema: public; Owner: serg
--

CREATE INDEX socialaccount_socialtoken_account_id_951f210e ON public.socialaccount_socialtoken USING btree (account_id);


--
-- Name: socialaccount_socialtoken_app_id_636a42d7; Type: INDEX; Schema: public; Owner: serg
--

CREATE INDEX socialaccount_socialtoken_app_id_636a42d7 ON public.socialaccount_socialtoken USING btree (app_id);


--
-- Name: stst_blognu_created_734e6d_brin; Type: INDEX; Schema: public; Owner: serg
--

CREATE INDEX stst_blognu_created_734e6d_brin ON public.stst_blognumbers USING brin (created);


--
-- Name: stst_electn_created_afe9b5_brin; Type: INDEX; Schema: public; Owner: serg
--

CREATE INDEX stst_electn_created_afe9b5_brin ON public.stst_electnewnumbers USING brin (created);


--
-- Name: stst_electn_created_fbb0b1_brin; Type: INDEX; Schema: public; Owner: serg
--

CREATE INDEX stst_electn_created_fbb0b1_brin ON public.stst_electnumbers USING brin (created);


--
-- Name: taggit_tag_name_58eb2ed9_like; Type: INDEX; Schema: public; Owner: serg
--

CREATE INDEX taggit_tag_name_58eb2ed9_like ON public.taggit_tag USING btree (name varchar_pattern_ops);


--
-- Name: taggit_tag_slug_6be58b2c_like; Type: INDEX; Schema: public; Owner: serg
--

CREATE INDEX taggit_tag_slug_6be58b2c_like ON public.taggit_tag USING btree (slug varchar_pattern_ops);


--
-- Name: taggit_taggeditem_content_type_id_9957a03c; Type: INDEX; Schema: public; Owner: serg
--

CREATE INDEX taggit_taggeditem_content_type_id_9957a03c ON public.taggit_taggeditem USING btree (content_type_id);


--
-- Name: taggit_taggeditem_content_type_id_object_id_196cc965_idx; Type: INDEX; Schema: public; Owner: serg
--

CREATE INDEX taggit_taggeditem_content_type_id_object_id_196cc965_idx ON public.taggit_taggeditem USING btree (content_type_id, object_id);


--
-- Name: taggit_taggeditem_object_id_e2d7d1df; Type: INDEX; Schema: public; Owner: serg
--

CREATE INDEX taggit_taggeditem_object_id_e2d7d1df ON public.taggit_taggeditem USING btree (object_id);


--
-- Name: taggit_taggeditem_tag_id_f4f5b767; Type: INDEX; Schema: public; Owner: serg
--

CREATE INDEX taggit_taggeditem_tag_id_f4f5b767 ON public.taggit_taggeditem USING btree (tag_id);


--
-- Name: users_ipuser_id_user_id_b44f8bfe_idx; Type: INDEX; Schema: public; Owner: serg
--

CREATE INDEX users_ipuser_id_user_id_b44f8bfe_idx ON public.users_ipuser USING btree (id, user_id);


--
-- Name: users_ipuser_user_id_e800a0cc; Type: INDEX; Schema: public; Owner: serg
--

CREATE INDEX users_ipuser_user_id_e800a0cc ON public.users_ipuser USING btree (user_id);


--
-- Name: users_user_groups_group_id_9afc8d0e; Type: INDEX; Schema: public; Owner: serg
--

CREATE INDEX users_user_groups_group_id_9afc8d0e ON public.users_user_groups USING btree (group_id);


--
-- Name: users_user_groups_user_id_5f6f5a90; Type: INDEX; Schema: public; Owner: serg
--

CREATE INDEX users_user_groups_user_id_5f6f5a90 ON public.users_user_groups USING btree (user_id);


--
-- Name: users_user_user_permissions_permission_id_0b93982e; Type: INDEX; Schema: public; Owner: serg
--

CREATE INDEX users_user_user_permissions_permission_id_0b93982e ON public.users_user_user_permissions USING btree (permission_id);


--
-- Name: users_user_user_permissions_user_id_20aca447; Type: INDEX; Schema: public; Owner: serg
--

CREATE INDEX users_user_user_permissions_user_id_20aca447 ON public.users_user_user_permissions USING btree (user_id);


--
-- Name: users_user_username_06e46fe6_like; Type: INDEX; Schema: public; Owner: serg
--

CREATE INDEX users_user_username_06e46fe6_like ON public.users_user USING btree (username varchar_pattern_ops);


--
-- Name: users_userlocation_id_user_id_d73b25c3_idx; Type: INDEX; Schema: public; Owner: serg
--

CREATE INDEX users_userlocation_id_user_id_d73b25c3_idx ON public.users_userlocation USING btree (id, user_id);


--
-- Name: users_userlocation_user_id_d02652d7; Type: INDEX; Schema: public; Owner: serg
--

CREATE INDEX users_userlocation_user_id_d02652d7 ON public.users_userlocation USING btree (user_id);


--
-- Name: account_emailaddress_user_id_2c513194_fk_users_user_id; Type: FK CONSTRAINT; Schema: public; Owner: serg
--

ALTER TABLE ONLY public.account_emailaddress
    ADD CONSTRAINT account_emailaddress_user_id_2c513194_fk_users_user_id FOREIGN KEY (user_id) REFERENCES public.users_user(id) DEFERRABLE INITIALLY DEFERRED;


--
-- Name: account_emailconfirm_email_address_id_5b7f8c58_fk_account_e; Type: FK CONSTRAINT; Schema: public; Owner: serg
--

ALTER TABLE ONLY public.account_emailconfirmation
    ADD CONSTRAINT account_emailconfirm_email_address_id_5b7f8c58_fk_account_e FOREIGN KEY (email_address_id) REFERENCES public.account_emailaddress(id) DEFERRABLE INITIALLY DEFERRED;


--
-- Name: auth_group_permissio_permission_id_84c5c92e_fk_auth_perm; Type: FK CONSTRAINT; Schema: public; Owner: serg
--

ALTER TABLE ONLY public.auth_group_permissions
    ADD CONSTRAINT auth_group_permissio_permission_id_84c5c92e_fk_auth_perm FOREIGN KEY (permission_id) REFERENCES public.auth_permission(id) DEFERRABLE INITIALLY DEFERRED;


--
-- Name: auth_group_permissions_group_id_b120cbf9_fk_auth_group_id; Type: FK CONSTRAINT; Schema: public; Owner: serg
--

ALTER TABLE ONLY public.auth_group_permissions
    ADD CONSTRAINT auth_group_permissions_group_id_b120cbf9_fk_auth_group_id FOREIGN KEY (group_id) REFERENCES public.auth_group(id) DEFERRABLE INITIALLY DEFERRED;


--
-- Name: auth_permission_content_type_id_2f476e4b_fk_django_co; Type: FK CONSTRAINT; Schema: public; Owner: serg
--

ALTER TABLE ONLY public.auth_permission
    ADD CONSTRAINT auth_permission_content_type_id_2f476e4b_fk_django_co FOREIGN KEY (content_type_id) REFERENCES public.django_content_type(id) DEFERRABLE INITIALLY DEFERRED;


--
-- Name: authtoken_token_user_id_35299eff_fk_users_user_id; Type: FK CONSTRAINT; Schema: public; Owner: serg
--

ALTER TABLE ONLY public.authtoken_token
    ADD CONSTRAINT authtoken_token_user_id_35299eff_fk_users_user_id FOREIGN KEY (user_id) REFERENCES public.users_user(id) DEFERRABLE INITIALLY DEFERRED;


--
-- Name: blog_blog_creator_id_95782372_fk_users_user_id; Type: FK CONSTRAINT; Schema: public; Owner: serg
--

ALTER TABLE ONLY public.blog_blog
    ADD CONSTRAINT blog_blog_creator_id_95782372_fk_users_user_id FOREIGN KEY (creator_id) REFERENCES public.users_user(id) DEFERRABLE INITIALLY DEFERRED;


--
-- Name: blog_blog_elects_blog_id_45c0e4a7_fk_blog_blog_id; Type: FK CONSTRAINT; Schema: public; Owner: serg
--

ALTER TABLE ONLY public.blog_blog_elects
    ADD CONSTRAINT blog_blog_elects_blog_id_45c0e4a7_fk_blog_blog_id FOREIGN KEY (blog_id) REFERENCES public.blog_blog(id) DEFERRABLE INITIALLY DEFERRED;


--
-- Name: blog_blog_elects_elect_id_757a9fff_fk_elect_elect_id; Type: FK CONSTRAINT; Schema: public; Owner: serg
--

ALTER TABLE ONLY public.blog_blog_elects
    ADD CONSTRAINT blog_blog_elects_elect_id_757a9fff_fk_elect_elect_id FOREIGN KEY (elect_id) REFERENCES public.elect_elect(id) DEFERRABLE INITIALLY DEFERRED;


--
-- Name: blog_blogcomment_blog_comment_id_34f62885_fk_blog_blog_id; Type: FK CONSTRAINT; Schema: public; Owner: serg
--

ALTER TABLE ONLY public.blog_blogcomment
    ADD CONSTRAINT blog_blogcomment_blog_comment_id_34f62885_fk_blog_blog_id FOREIGN KEY (blog_comment_id) REFERENCES public.blog_blog(id) DEFERRABLE INITIALLY DEFERRED;


--
-- Name: blog_blogcomment_commenter_id_2a7ffcd5_fk_users_user_id; Type: FK CONSTRAINT; Schema: public; Owner: serg
--

ALTER TABLE ONLY public.blog_blogcomment
    ADD CONSTRAINT blog_blogcomment_commenter_id_2a7ffcd5_fk_users_user_id FOREIGN KEY (commenter_id) REFERENCES public.users_user(id) DEFERRABLE INITIALLY DEFERRED;


--
-- Name: blog_blogcomment_parent_comment_id_b29ee113_fk_blog_blog; Type: FK CONSTRAINT; Schema: public; Owner: serg
--

ALTER TABLE ONLY public.blog_blogcomment
    ADD CONSTRAINT blog_blogcomment_parent_comment_id_b29ee113_fk_blog_blog FOREIGN KEY (parent_comment_id) REFERENCES public.blog_blogcomment(id) DEFERRABLE INITIALLY DEFERRED;


--
-- Name: blog_blogcommentvotes_item_id_53d800c7_fk_blog_blogcomment_id; Type: FK CONSTRAINT; Schema: public; Owner: serg
--

ALTER TABLE ONLY public.blog_blogcommentvotes
    ADD CONSTRAINT blog_blogcommentvotes_item_id_53d800c7_fk_blog_blogcomment_id FOREIGN KEY (item_id) REFERENCES public.blog_blogcomment(id) DEFERRABLE INITIALLY DEFERRED;


--
-- Name: blog_blogcommentvotes_user_id_e85c4905_fk_users_user_id; Type: FK CONSTRAINT; Schema: public; Owner: serg
--

ALTER TABLE ONLY public.blog_blogcommentvotes
    ADD CONSTRAINT blog_blogcommentvotes_user_id_e85c4905_fk_users_user_id FOREIGN KEY (user_id) REFERENCES public.users_user(id) DEFERRABLE INITIALLY DEFERRED;


--
-- Name: blog_blogvotes_parent_id_4f5a2471_fk_blog_blog_id; Type: FK CONSTRAINT; Schema: public; Owner: serg
--

ALTER TABLE ONLY public.blog_blogvotes
    ADD CONSTRAINT blog_blogvotes_parent_id_4f5a2471_fk_blog_blog_id FOREIGN KEY (parent_id) REFERENCES public.blog_blog(id) DEFERRABLE INITIALLY DEFERRED;


--
-- Name: blog_blogvotes_user_id_fbe0e046_fk_users_user_id; Type: FK CONSTRAINT; Schema: public; Owner: serg
--

ALTER TABLE ONLY public.blog_blogvotes
    ADD CONSTRAINT blog_blogvotes_user_id_fbe0e046_fk_users_user_id FOREIGN KEY (user_id) REFERENCES public.users_user(id) DEFERRABLE INITIALLY DEFERRED;


--
-- Name: blog_electdoc_creator_id_1f7f619e_fk_users_user_id; Type: FK CONSTRAINT; Schema: public; Owner: serg
--

ALTER TABLE ONLY public.blog_electdoc
    ADD CONSTRAINT blog_electdoc_creator_id_1f7f619e_fk_users_user_id FOREIGN KEY (creator_id) REFERENCES public.users_user(id) DEFERRABLE INITIALLY DEFERRED;


--
-- Name: blog_electdoc_new_id_11e470b7_fk_blog_electnew_id; Type: FK CONSTRAINT; Schema: public; Owner: serg
--

ALTER TABLE ONLY public.blog_electdoc
    ADD CONSTRAINT blog_electdoc_new_id_11e470b7_fk_blog_electnew_id FOREIGN KEY (new_id) REFERENCES public.blog_electnew(id) DEFERRABLE INITIALLY DEFERRED;


--
-- Name: blog_electnew_category_id_4c99e294_fk_lists_blogcategory_id; Type: FK CONSTRAINT; Schema: public; Owner: serg
--

ALTER TABLE ONLY public.blog_electnew
    ADD CONSTRAINT blog_electnew_category_id_4c99e294_fk_lists_blogcategory_id FOREIGN KEY (category_id) REFERENCES public.lists_blogcategory(id) DEFERRABLE INITIALLY DEFERRED;


--
-- Name: blog_electnew_creator_id_2422dce0_fk_users_user_id; Type: FK CONSTRAINT; Schema: public; Owner: serg
--

ALTER TABLE ONLY public.blog_electnew
    ADD CONSTRAINT blog_electnew_creator_id_2422dce0_fk_users_user_id FOREIGN KEY (creator_id) REFERENCES public.users_user(id) DEFERRABLE INITIALLY DEFERRED;


--
-- Name: blog_electnew_elect_id_5d15a90c_fk_elect_elect_id; Type: FK CONSTRAINT; Schema: public; Owner: serg
--

ALTER TABLE ONLY public.blog_electnew
    ADD CONSTRAINT blog_electnew_elect_id_5d15a90c_fk_elect_elect_id FOREIGN KEY (elect_id) REFERENCES public.elect_elect(id) DEFERRABLE INITIALLY DEFERRED;


--
-- Name: blog_electphoto_creator_id_f1dd978b_fk_users_user_id; Type: FK CONSTRAINT; Schema: public; Owner: serg
--

ALTER TABLE ONLY public.blog_electphoto
    ADD CONSTRAINT blog_electphoto_creator_id_f1dd978b_fk_users_user_id FOREIGN KEY (creator_id) REFERENCES public.users_user(id) DEFERRABLE INITIALLY DEFERRED;


--
-- Name: blog_electphoto_new_id_2ba66d94_fk_blog_electnew_id; Type: FK CONSTRAINT; Schema: public; Owner: serg
--

ALTER TABLE ONLY public.blog_electphoto
    ADD CONSTRAINT blog_electphoto_new_id_2ba66d94_fk_blog_electnew_id FOREIGN KEY (new_id) REFERENCES public.blog_electnew(id) DEFERRABLE INITIALLY DEFERRED;


--
-- Name: blog_electvotes_parent_id_8840fcfc_fk_blog_electnew_id; Type: FK CONSTRAINT; Schema: public; Owner: serg
--

ALTER TABLE ONLY public.blog_electvotes
    ADD CONSTRAINT blog_electvotes_parent_id_8840fcfc_fk_blog_electnew_id FOREIGN KEY (parent_id) REFERENCES public.blog_electnew(id) DEFERRABLE INITIALLY DEFERRED;


--
-- Name: blog_electvotes_user_id_777b9f2b_fk_users_user_id; Type: FK CONSTRAINT; Schema: public; Owner: serg
--

ALTER TABLE ONLY public.blog_electvotes
    ADD CONSTRAINT blog_electvotes_user_id_777b9f2b_fk_users_user_id FOREIGN KEY (user_id) REFERENCES public.users_user(id) DEFERRABLE INITIALLY DEFERRED;


--
-- Name: django_admin_log_content_type_id_c4bce8eb_fk_django_co; Type: FK CONSTRAINT; Schema: public; Owner: serg
--

ALTER TABLE ONLY public.django_admin_log
    ADD CONSTRAINT django_admin_log_content_type_id_c4bce8eb_fk_django_co FOREIGN KEY (content_type_id) REFERENCES public.django_content_type(id) DEFERRABLE INITIALLY DEFERRED;


--
-- Name: django_admin_log_user_id_c564eba6_fk_users_user_id; Type: FK CONSTRAINT; Schema: public; Owner: serg
--

ALTER TABLE ONLY public.django_admin_log
    ADD CONSTRAINT django_admin_log_user_id_c564eba6_fk_users_user_id FOREIGN KEY (user_id) REFERENCES public.users_user(id) DEFERRABLE INITIALLY DEFERRED;


--
-- Name: elect_educationelect_elect_id_7501d3af_fk_elect_elect_id; Type: FK CONSTRAINT; Schema: public; Owner: serg
--

ALTER TABLE ONLY public.elect_educationelect
    ADD CONSTRAINT elect_educationelect_elect_id_7501d3af_fk_elect_elect_id FOREIGN KEY (elect_id) REFERENCES public.elect_elect(id) DEFERRABLE INITIALLY DEFERRED;


--
-- Name: elect_elect_fraction_id_435d6656_fk_lists_fraction_id; Type: FK CONSTRAINT; Schema: public; Owner: serg
--

ALTER TABLE ONLY public.elect_elect
    ADD CONSTRAINT elect_elect_fraction_id_435d6656_fk_lists_fraction_id FOREIGN KEY (fraction_id) REFERENCES public.lists_fraction(id) DEFERRABLE INITIALLY DEFERRED;


--
-- Name: elect_elect_list_authoritylist_id_bb2faad3_fk_lists_aut; Type: FK CONSTRAINT; Schema: public; Owner: serg
--

ALTER TABLE ONLY public.elect_elect_list
    ADD CONSTRAINT elect_elect_list_authoritylist_id_bb2faad3_fk_lists_aut FOREIGN KEY (authoritylist_id) REFERENCES public.lists_authoritylist(id) DEFERRABLE INITIALLY DEFERRED;


--
-- Name: elect_elect_list_elect_id_21b2ead5_fk_elect_elect_id; Type: FK CONSTRAINT; Schema: public; Owner: serg
--

ALTER TABLE ONLY public.elect_elect_list
    ADD CONSTRAINT elect_elect_list_elect_id_21b2ead5_fk_elect_elect_id FOREIGN KEY (elect_id) REFERENCES public.elect_elect(id) DEFERRABLE INITIALLY DEFERRED;


--
-- Name: elect_elect_region_elect_id_23dd3d0c_fk_elect_elect_id; Type: FK CONSTRAINT; Schema: public; Owner: serg
--

ALTER TABLE ONLY public.elect_elect_region
    ADD CONSTRAINT elect_elect_region_elect_id_23dd3d0c_fk_elect_elect_id FOREIGN KEY (elect_id) REFERENCES public.elect_elect(id) DEFERRABLE INITIALLY DEFERRED;


--
-- Name: elect_elect_region_region_id_1eb1376b_fk_lists_region_id; Type: FK CONSTRAINT; Schema: public; Owner: serg
--

ALTER TABLE ONLY public.elect_elect_region
    ADD CONSTRAINT elect_elect_region_region_id_1eb1376b_fk_lists_region_id FOREIGN KEY (region_id) REFERENCES public.lists_region(id) DEFERRABLE INITIALLY DEFERRED;


--
-- Name: elect_linkelect_elect_id_6afb415e_fk_elect_elect_id; Type: FK CONSTRAINT; Schema: public; Owner: serg
--

ALTER TABLE ONLY public.elect_linkelect
    ADD CONSTRAINT elect_linkelect_elect_id_6afb415e_fk_elect_elect_id FOREIGN KEY (elect_id) REFERENCES public.elect_elect(id) DEFERRABLE INITIALLY DEFERRED;


--
-- Name: elect_subscribeelect_elect_id_50355f0e_fk_elect_elect_id; Type: FK CONSTRAINT; Schema: public; Owner: serg
--

ALTER TABLE ONLY public.elect_subscribeelect
    ADD CONSTRAINT elect_subscribeelect_elect_id_50355f0e_fk_elect_elect_id FOREIGN KEY (elect_id) REFERENCES public.elect_elect(id) DEFERRABLE INITIALLY DEFERRED;


--
-- Name: elect_subscribeelect_user_id_c1709ae8_fk_users_user_id; Type: FK CONSTRAINT; Schema: public; Owner: serg
--

ALTER TABLE ONLY public.elect_subscribeelect
    ADD CONSTRAINT elect_subscribeelect_user_id_c1709ae8_fk_users_user_id FOREIGN KEY (user_id) REFERENCES public.users_user(id) DEFERRABLE INITIALLY DEFERRED;


--
-- Name: socialaccount_social_account_id_951f210e_fk_socialacc; Type: FK CONSTRAINT; Schema: public; Owner: serg
--

ALTER TABLE ONLY public.socialaccount_socialtoken
    ADD CONSTRAINT socialaccount_social_account_id_951f210e_fk_socialacc FOREIGN KEY (account_id) REFERENCES public.socialaccount_socialaccount(id) DEFERRABLE INITIALLY DEFERRED;


--
-- Name: socialaccount_social_app_id_636a42d7_fk_socialacc; Type: FK CONSTRAINT; Schema: public; Owner: serg
--

ALTER TABLE ONLY public.socialaccount_socialtoken
    ADD CONSTRAINT socialaccount_social_app_id_636a42d7_fk_socialacc FOREIGN KEY (app_id) REFERENCES public.socialaccount_socialapp(id) DEFERRABLE INITIALLY DEFERRED;


--
-- Name: socialaccount_social_site_id_2579dee5_fk_django_si; Type: FK CONSTRAINT; Schema: public; Owner: serg
--

ALTER TABLE ONLY public.socialaccount_socialapp_sites
    ADD CONSTRAINT socialaccount_social_site_id_2579dee5_fk_django_si FOREIGN KEY (site_id) REFERENCES public.django_site(id) DEFERRABLE INITIALLY DEFERRED;


--
-- Name: socialaccount_social_socialapp_id_97fb6e7d_fk_socialacc; Type: FK CONSTRAINT; Schema: public; Owner: serg
--

ALTER TABLE ONLY public.socialaccount_socialapp_sites
    ADD CONSTRAINT socialaccount_social_socialapp_id_97fb6e7d_fk_socialacc FOREIGN KEY (socialapp_id) REFERENCES public.socialaccount_socialapp(id) DEFERRABLE INITIALLY DEFERRED;


--
-- Name: socialaccount_socialaccount_user_id_8146e70c_fk_users_user_id; Type: FK CONSTRAINT; Schema: public; Owner: serg
--

ALTER TABLE ONLY public.socialaccount_socialaccount
    ADD CONSTRAINT socialaccount_socialaccount_user_id_8146e70c_fk_users_user_id FOREIGN KEY (user_id) REFERENCES public.users_user(id) DEFERRABLE INITIALLY DEFERRED;


--
-- Name: taggit_taggeditem_content_type_id_9957a03c_fk_django_co; Type: FK CONSTRAINT; Schema: public; Owner: serg
--

ALTER TABLE ONLY public.taggit_taggeditem
    ADD CONSTRAINT taggit_taggeditem_content_type_id_9957a03c_fk_django_co FOREIGN KEY (content_type_id) REFERENCES public.django_content_type(id) DEFERRABLE INITIALLY DEFERRED;


--
-- Name: taggit_taggeditem_tag_id_f4f5b767_fk_taggit_tag_id; Type: FK CONSTRAINT; Schema: public; Owner: serg
--

ALTER TABLE ONLY public.taggit_taggeditem
    ADD CONSTRAINT taggit_taggeditem_tag_id_f4f5b767_fk_taggit_tag_id FOREIGN KEY (tag_id) REFERENCES public.taggit_tag(id) DEFERRABLE INITIALLY DEFERRED;


--
-- Name: users_ipuser_user_id_e800a0cc_fk_users_user_id; Type: FK CONSTRAINT; Schema: public; Owner: serg
--

ALTER TABLE ONLY public.users_ipuser
    ADD CONSTRAINT users_ipuser_user_id_e800a0cc_fk_users_user_id FOREIGN KEY (user_id) REFERENCES public.users_user(id) DEFERRABLE INITIALLY DEFERRED;


--
-- Name: users_user_groups_group_id_9afc8d0e_fk_auth_group_id; Type: FK CONSTRAINT; Schema: public; Owner: serg
--

ALTER TABLE ONLY public.users_user_groups
    ADD CONSTRAINT users_user_groups_group_id_9afc8d0e_fk_auth_group_id FOREIGN KEY (group_id) REFERENCES public.auth_group(id) DEFERRABLE INITIALLY DEFERRED;


--
-- Name: users_user_groups_user_id_5f6f5a90_fk_users_user_id; Type: FK CONSTRAINT; Schema: public; Owner: serg
--

ALTER TABLE ONLY public.users_user_groups
    ADD CONSTRAINT users_user_groups_user_id_5f6f5a90_fk_users_user_id FOREIGN KEY (user_id) REFERENCES public.users_user(id) DEFERRABLE INITIALLY DEFERRED;


--
-- Name: users_user_user_perm_permission_id_0b93982e_fk_auth_perm; Type: FK CONSTRAINT; Schema: public; Owner: serg
--

ALTER TABLE ONLY public.users_user_user_permissions
    ADD CONSTRAINT users_user_user_perm_permission_id_0b93982e_fk_auth_perm FOREIGN KEY (permission_id) REFERENCES public.auth_permission(id) DEFERRABLE INITIALLY DEFERRED;


--
-- Name: users_user_user_permissions_user_id_20aca447_fk_users_user_id; Type: FK CONSTRAINT; Schema: public; Owner: serg
--

ALTER TABLE ONLY public.users_user_user_permissions
    ADD CONSTRAINT users_user_user_permissions_user_id_20aca447_fk_users_user_id FOREIGN KEY (user_id) REFERENCES public.users_user(id) DEFERRABLE INITIALLY DEFERRED;


--
-- Name: users_userlocation_user_id_d02652d7_fk_users_user_id; Type: FK CONSTRAINT; Schema: public; Owner: serg
--

ALTER TABLE ONLY public.users_userlocation
    ADD CONSTRAINT users_userlocation_user_id_d02652d7_fk_users_user_id FOREIGN KEY (user_id) REFERENCES public.users_user(id) DEFERRABLE INITIALLY DEFERRED;


--
-- Name: SCHEMA public; Type: ACL; Schema: -; Owner: postgres
--

REVOKE ALL ON SCHEMA public FROM PUBLIC;
REVOKE ALL ON SCHEMA public FROM postgres;
GRANT ALL ON SCHEMA public TO postgres;
GRANT ALL ON SCHEMA public TO PUBLIC;


--
-- PostgreSQL database dump complete
--
